-- MySQL dump 10.13  Distrib 5.7.19, for Linux (x86_64)
--
-- Host: localhost    Database: repindexapi
-- ------------------------------------------------------
-- Server version	5.7.19-0ubuntu0.16.04.1

/*!40101 SET @OLD_CHARACTER_SET_CLIENT=@@CHARACTER_SET_CLIENT */;
/*!40101 SET @OLD_CHARACTER_SET_RESULTS=@@CHARACTER_SET_RESULTS */;
/*!40101 SET @OLD_COLLATION_CONNECTION=@@COLLATION_CONNECTION */;
/*!40101 SET NAMES utf8 */;
/*!40103 SET @OLD_TIME_ZONE=@@TIME_ZONE */;
/*!40103 SET TIME_ZONE='+00:00' */;
/*!40014 SET @OLD_UNIQUE_CHECKS=@@UNIQUE_CHECKS, UNIQUE_CHECKS=0 */;
/*!40014 SET @OLD_FOREIGN_KEY_CHECKS=@@FOREIGN_KEY_CHECKS, FOREIGN_KEY_CHECKS=0 */;
/*!40101 SET @OLD_SQL_MODE=@@SQL_MODE, SQL_MODE='NO_AUTO_VALUE_ON_ZERO' */;
/*!40111 SET @OLD_SQL_NOTES=@@SQL_NOTES, SQL_NOTES=0 */;

--
-- Table structure for table `address`
--

DROP TABLE IF EXISTS `address`;
/*!40101 SET @saved_cs_client     = @@character_set_client */;
/*!40101 SET character_set_client = utf8 */;
CREATE TABLE `address` (
  `id` int(11) NOT NULL AUTO_INCREMENT,
  `address_line1` varchar(1024) DEFAULT NULL,
  `address_line2` varchar(1024) DEFAULT NULL,
  `city` varchar(1024) DEFAULT NULL,
  `zipcode` varchar(16) DEFAULT NULL,
  `floor_number` int(11) DEFAULT NULL,
  `country_id` int(11) DEFAULT NULL,
  PRIMARY KEY (`id`),
  KEY `address_93bfec8a` (`country_id`),
  CONSTRAINT `address_country_id_09b6bcce_fk_country_id` FOREIGN KEY (`country_id`) REFERENCES `country` (`id`)
) ENGINE=InnoDB DEFAULT CHARSET=latin1;
/*!40101 SET character_set_client = @saved_cs_client */;

--
-- Dumping data for table `address`
--

LOCK TABLES `address` WRITE;
/*!40000 ALTER TABLE `address` DISABLE KEYS */;
/*!40000 ALTER TABLE `address` ENABLE KEYS */;
UNLOCK TABLES;

--
-- Table structure for table `auth_group`
--

DROP TABLE IF EXISTS `auth_group`;
/*!40101 SET @saved_cs_client     = @@character_set_client */;
/*!40101 SET character_set_client = utf8 */;
CREATE TABLE `auth_group` (
  `id` int(11) NOT NULL AUTO_INCREMENT,
  `name` varchar(80) NOT NULL,
  PRIMARY KEY (`id`),
  UNIQUE KEY `name` (`name`)
) ENGINE=InnoDB DEFAULT CHARSET=latin1;
/*!40101 SET character_set_client = @saved_cs_client */;

--
-- Dumping data for table `auth_group`
--

LOCK TABLES `auth_group` WRITE;
/*!40000 ALTER TABLE `auth_group` DISABLE KEYS */;
/*!40000 ALTER TABLE `auth_group` ENABLE KEYS */;
UNLOCK TABLES;

--
-- Table structure for table `auth_group_permissions`
--

DROP TABLE IF EXISTS `auth_group_permissions`;
/*!40101 SET @saved_cs_client     = @@character_set_client */;
/*!40101 SET character_set_client = utf8 */;
CREATE TABLE `auth_group_permissions` (
  `id` int(11) NOT NULL AUTO_INCREMENT,
  `group_id` int(11) NOT NULL,
  `permission_id` int(11) NOT NULL,
  PRIMARY KEY (`id`),
  UNIQUE KEY `auth_group_permissions_group_id_0cd325b0_uniq` (`group_id`,`permission_id`),
  KEY `auth_group_permissi_permission_id_84c5c92e_fk_auth_permission_id` (`permission_id`),
  CONSTRAINT `auth_group_permissi_permission_id_84c5c92e_fk_auth_permission_id` FOREIGN KEY (`permission_id`) REFERENCES `auth_permission` (`id`),
  CONSTRAINT `auth_group_permissions_group_id_b120cbf9_fk_auth_group_id` FOREIGN KEY (`group_id`) REFERENCES `auth_group` (`id`)
) ENGINE=InnoDB DEFAULT CHARSET=latin1;
/*!40101 SET character_set_client = @saved_cs_client */;

--
-- Dumping data for table `auth_group_permissions`
--

LOCK TABLES `auth_group_permissions` WRITE;
/*!40000 ALTER TABLE `auth_group_permissions` DISABLE KEYS */;
/*!40000 ALTER TABLE `auth_group_permissions` ENABLE KEYS */;
UNLOCK TABLES;

--
-- Table structure for table `auth_permission`
--

DROP TABLE IF EXISTS `auth_permission`;
/*!40101 SET @saved_cs_client     = @@character_set_client */;
/*!40101 SET character_set_client = utf8 */;
CREATE TABLE `auth_permission` (
  `id` int(11) NOT NULL AUTO_INCREMENT,
  `name` varchar(255) NOT NULL,
  `content_type_id` int(11) NOT NULL,
  `codename` varchar(100) NOT NULL,
  PRIMARY KEY (`id`),
  UNIQUE KEY `auth_permission_content_type_id_01ab375a_uniq` (`content_type_id`,`codename`),
  CONSTRAINT `auth_permissi_content_type_id_2f476e4b_fk_django_content_type_id` FOREIGN KEY (`content_type_id`) REFERENCES `django_content_type` (`id`)
) ENGINE=InnoDB AUTO_INCREMENT=103 DEFAULT CHARSET=latin1;
/*!40101 SET character_set_client = @saved_cs_client */;

--
-- Dumping data for table `auth_permission`
--

LOCK TABLES `auth_permission` WRITE;
/*!40000 ALTER TABLE `auth_permission` DISABLE KEYS */;
INSERT INTO `auth_permission` VALUES (1,'Can add log entry',1,'add_logentry'),(2,'Can change log entry',1,'change_logentry'),(3,'Can delete log entry',1,'delete_logentry'),(4,'Can add group',2,'add_group'),(5,'Can change group',2,'change_group'),(6,'Can delete group',2,'delete_group'),(7,'Can add user',3,'add_user'),(8,'Can change user',3,'change_user'),(9,'Can delete user',3,'delete_user'),(10,'Can add permission',4,'add_permission'),(11,'Can change permission',4,'change_permission'),(12,'Can delete permission',4,'delete_permission'),(13,'Can add content type',5,'add_contenttype'),(14,'Can change content type',5,'change_contenttype'),(15,'Can delete content type',5,'delete_contenttype'),(16,'Can add session',6,'add_session'),(17,'Can change session',6,'change_session'),(18,'Can delete session',6,'delete_session'),(19,'Can add address',7,'add_address'),(20,'Can change address',7,'change_address'),(21,'Can delete address',7,'delete_address'),(22,'Can add country',8,'add_country'),(23,'Can change country',8,'change_country'),(24,'Can delete country',8,'delete_country'),(25,'Can add text list splits',9,'add_textlistsplits'),(26,'Can change text list splits',9,'change_textlistsplits'),(27,'Can delete text list splits',9,'delete_textlistsplits'),(28,'Can add user type info',10,'add_usertypeinfo'),(29,'Can change user type info',10,'change_usertypeinfo'),(30,'Can delete user type info',10,'delete_usertypeinfo'),(31,'Can add result type parameter float value',11,'add_resulttypeparameterfloatvalue'),(32,'Can change result type parameter float value',11,'change_resulttypeparameterfloatvalue'),(33,'Can delete result type parameter float value',11,'delete_resulttypeparameterfloatvalue'),(34,'Can add folder type',12,'add_foldertype'),(35,'Can change folder type',12,'change_foldertype'),(36,'Can delete folder type',12,'delete_foldertype'),(37,'Can add text list details',13,'add_textlistdetails'),(38,'Can change text list details',13,'change_textlistdetails'),(39,'Can delete text list details',13,'delete_textlistdetails'),(40,'Can add query list',14,'add_querylist'),(41,'Can change query list',14,'change_querylist'),(42,'Can delete query list',14,'delete_querylist'),(43,'Can add concept list properties',15,'add_conceptlistproperties'),(44,'Can change concept list properties',15,'change_conceptlistproperties'),(45,'Can delete concept list properties',15,'delete_conceptlistproperties'),(46,'Can add query type info',16,'add_querytypeinfo'),(47,'Can change query type info',16,'change_querytypeinfo'),(48,'Can delete query type info',16,'delete_querytypeinfo'),(49,'Can add frequency count',17,'add_frequencycount'),(50,'Can change frequency count',17,'change_frequencycount'),(51,'Can delete frequency count',17,'delete_frequencycount'),(52,'Can add frequency count values',18,'add_frequencycountvalues'),(53,'Can change frequency count values',18,'change_frequencycountvalues'),(54,'Can delete frequency count values',18,'delete_frequencycountvalues'),(55,'Can add stop list',19,'add_stoplist'),(56,'Can change stop list',19,'change_stoplist'),(57,'Can delete stop list',19,'delete_stoplist'),(58,'Can add result type parameter int value',20,'add_resulttypeparameterintvalue'),(59,'Can change result type parameter int value',20,'change_resulttypeparameterintvalue'),(60,'Can delete result type parameter int value',20,'delete_resulttypeparameterintvalue'),(61,'Can add concept list',21,'add_conceptlist'),(62,'Can change concept list',21,'change_conceptlist'),(63,'Can delete concept list',21,'delete_conceptlist'),(64,'Can add projects',22,'add_projects'),(65,'Can change projects',22,'change_projects'),(66,'Can delete projects',22,'delete_projects'),(67,'Can add result type parameter info',23,'add_resulttypeparameterinfo'),(68,'Can change result type parameter info',23,'change_resulttypeparameterinfo'),(69,'Can delete result type parameter info',23,'delete_resulttypeparameterinfo'),(70,'Can add stop list value',24,'add_stoplistvalue'),(71,'Can change stop list value',24,'change_stoplistvalue'),(72,'Can delete stop list value',24,'delete_stoplistvalue'),(73,'Can add text list',25,'add_textlist'),(74,'Can change text list',25,'change_textlist'),(75,'Can delete text list',25,'delete_textlist'),(76,'Can add result type parameter string value',26,'add_resulttypeparameterstringvalue'),(77,'Can change result type parameter string value',26,'change_resulttypeparameterstringvalue'),(78,'Can delete result type parameter string value',26,'delete_resulttypeparameterstringvalue'),(79,'Can add selected textlist',27,'add_selectedtextlist'),(80,'Can change selected textlist',27,'change_selectedtextlist'),(81,'Can delete selected textlist',27,'delete_selectedtextlist'),(82,'Can add concept list umbrella values',28,'add_conceptlistumbrellavalues'),(83,'Can change concept list umbrella values',28,'change_conceptlistumbrellavalues'),(84,'Can delete concept list umbrella values',28,'delete_conceptlistumbrellavalues'),(85,'Can add concept list value',29,'add_conceptlistvalue'),(86,'Can change concept list value',29,'change_conceptlistvalue'),(87,'Can delete concept list value',29,'delete_conceptlistvalue'),(88,'Can add folder',30,'add_folder'),(89,'Can change folder',30,'change_folder'),(90,'Can delete folder',30,'delete_folder'),(91,'Can add user info',31,'add_userinfo'),(92,'Can change user info',31,'change_userinfo'),(93,'Can delete user info',31,'delete_userinfo'),(94,'Can add query list files',32,'add_querylistfiles'),(95,'Can change query list files',32,'change_querylistfiles'),(96,'Can delete query list files',32,'delete_querylistfiles'),(97,'Can add query settings',33,'add_querysettings'),(98,'Can change query settings',33,'change_querysettings'),(99,'Can delete query settings',33,'delete_querysettings'),(100,'Can add result type info',34,'add_resulttypeinfo'),(101,'Can change result type info',34,'change_resulttypeinfo'),(102,'Can delete result type info',34,'delete_resulttypeinfo');
/*!40000 ALTER TABLE `auth_permission` ENABLE KEYS */;
UNLOCK TABLES;

--
-- Table structure for table `auth_user`
--

DROP TABLE IF EXISTS `auth_user`;
/*!40101 SET @saved_cs_client     = @@character_set_client */;
/*!40101 SET character_set_client = utf8 */;
CREATE TABLE `auth_user` (
  `id` int(11) NOT NULL AUTO_INCREMENT,
  `password` varchar(128) NOT NULL,
  `last_login` datetime(6) DEFAULT NULL,
  `is_superuser` tinyint(1) NOT NULL,
  `username` varchar(150) NOT NULL,
  `first_name` varchar(30) NOT NULL,
  `last_name` varchar(30) NOT NULL,
  `email` varchar(254) NOT NULL,
  `is_staff` tinyint(1) NOT NULL,
  `is_active` tinyint(1) NOT NULL,
  `date_joined` datetime(6) NOT NULL,
  PRIMARY KEY (`id`),
  UNIQUE KEY `username` (`username`)
) ENGINE=InnoDB AUTO_INCREMENT=83 DEFAULT CHARSET=latin1;
/*!40101 SET character_set_client = @saved_cs_client */;

--
-- Dumping data for table `auth_user`
--

LOCK TABLES `auth_user` WRITE;
/*!40000 ALTER TABLE `auth_user` DISABLE KEYS */;
INSERT INTO `auth_user` VALUES (42,'pbkdf2_sha256$30000$qzWdJ2TCbJLu$qNMY87Uvty50tSPYNfW/Sl6NVYdhamL1BOos+aRgLsY=','2017-10-17 07:47:13.410744',1,'admin','Test','test','aaa@gmail.com',0,1,'2017-10-03 13:19:13.140905'),(77,'pbkdf2_sha256$30000$LhYZRae0SBen$05+6vn9yfbSvTHyg0RHT6WMr0lZ6vZOmwPIS4ufAqw0=','2017-10-17 13:51:51.735283',0,'roshan','Roshan','Jain','roshan@yopmail.com',0,1,'2017-10-11 10:56:21.756235'),(81,'pbkdf2_sha256$30000$X38Q1rQt4CDd$84ykwahtKQb1rEjGCA5MmaMpdHVlfCLOEnEr0lX2lzI=',NULL,0,'markuser','MAERK','perkins','markuser@gmail.com',0,1,'2017-10-13 13:05:21.122258'),(82,'pbkdf2_sha256$30000$uzlttFVFRTSr$rkweISSdQ3JvI5kxnQhlBenx/LzArGI2KvS3+QX09aQ=','2017-10-16 12:05:48.959851',0,'aniket','ANIKET','GHOLAP','aniket@gmail.com',0,1,'2017-10-16 11:58:50.096550');
/*!40000 ALTER TABLE `auth_user` ENABLE KEYS */;
UNLOCK TABLES;

--
-- Table structure for table `auth_user_groups`
--

DROP TABLE IF EXISTS `auth_user_groups`;
/*!40101 SET @saved_cs_client     = @@character_set_client */;
/*!40101 SET character_set_client = utf8 */;
CREATE TABLE `auth_user_groups` (
  `id` int(11) NOT NULL AUTO_INCREMENT,
  `user_id` int(11) NOT NULL,
  `group_id` int(11) NOT NULL,
  PRIMARY KEY (`id`),
  UNIQUE KEY `auth_user_groups_user_id_94350c0c_uniq` (`user_id`,`group_id`),
  KEY `auth_user_groups_group_id_97559544_fk_auth_group_id` (`group_id`),
  CONSTRAINT `auth_user_groups_group_id_97559544_fk_auth_group_id` FOREIGN KEY (`group_id`) REFERENCES `auth_group` (`id`),
  CONSTRAINT `auth_user_groups_user_id_6a12ed8b_fk_auth_user_id` FOREIGN KEY (`user_id`) REFERENCES `auth_user` (`id`)
) ENGINE=InnoDB DEFAULT CHARSET=latin1;
/*!40101 SET character_set_client = @saved_cs_client */;

--
-- Dumping data for table `auth_user_groups`
--

LOCK TABLES `auth_user_groups` WRITE;
/*!40000 ALTER TABLE `auth_user_groups` DISABLE KEYS */;
/*!40000 ALTER TABLE `auth_user_groups` ENABLE KEYS */;
UNLOCK TABLES;

--
-- Table structure for table `auth_user_user_permissions`
--

DROP TABLE IF EXISTS `auth_user_user_permissions`;
/*!40101 SET @saved_cs_client     = @@character_set_client */;
/*!40101 SET character_set_client = utf8 */;
CREATE TABLE `auth_user_user_permissions` (
  `id` int(11) NOT NULL AUTO_INCREMENT,
  `user_id` int(11) NOT NULL,
  `permission_id` int(11) NOT NULL,
  PRIMARY KEY (`id`),
  UNIQUE KEY `auth_user_user_permissions_user_id_14a6b632_uniq` (`user_id`,`permission_id`),
  KEY `auth_user_user_perm_permission_id_1fbb5f2c_fk_auth_permission_id` (`permission_id`),
  CONSTRAINT `auth_user_user_perm_permission_id_1fbb5f2c_fk_auth_permission_id` FOREIGN KEY (`permission_id`) REFERENCES `auth_permission` (`id`),
  CONSTRAINT `auth_user_user_permissions_user_id_a95ead1b_fk_auth_user_id` FOREIGN KEY (`user_id`) REFERENCES `auth_user` (`id`)
) ENGINE=InnoDB DEFAULT CHARSET=latin1;
/*!40101 SET character_set_client = @saved_cs_client */;

--
-- Dumping data for table `auth_user_user_permissions`
--

LOCK TABLES `auth_user_user_permissions` WRITE;
/*!40000 ALTER TABLE `auth_user_user_permissions` DISABLE KEYS */;
/*!40000 ALTER TABLE `auth_user_user_permissions` ENABLE KEYS */;
UNLOCK TABLES;

--
-- Table structure for table `country`
--

DROP TABLE IF EXISTS `country`;
/*!40101 SET @saved_cs_client     = @@character_set_client */;
/*!40101 SET character_set_client = utf8 */;
CREATE TABLE `country` (
  `id` int(11) NOT NULL AUTO_INCREMENT,
  `name` varchar(64) NOT NULL,
  `short_code` varchar(16) NOT NULL,
  `mobile_code` varchar(16) DEFAULT NULL,
  `status` int(11) NOT NULL,
  PRIMARY KEY (`id`)
) ENGINE=InnoDB DEFAULT CHARSET=latin1;
/*!40101 SET character_set_client = @saved_cs_client */;

--
-- Dumping data for table `country`
--

LOCK TABLES `country` WRITE;
/*!40000 ALTER TABLE `country` DISABLE KEYS */;
/*!40000 ALTER TABLE `country` ENABLE KEYS */;
UNLOCK TABLES;

--
-- Table structure for table `django_admin_log`
--

DROP TABLE IF EXISTS `django_admin_log`;
/*!40101 SET @saved_cs_client     = @@character_set_client */;
/*!40101 SET character_set_client = utf8 */;
CREATE TABLE `django_admin_log` (
  `id` int(11) NOT NULL AUTO_INCREMENT,
  `action_time` datetime(6) NOT NULL,
  `object_id` longtext,
  `object_repr` varchar(200) NOT NULL,
  `action_flag` smallint(5) unsigned NOT NULL,
  `change_message` longtext NOT NULL,
  `content_type_id` int(11) DEFAULT NULL,
  `user_id` int(11) NOT NULL,
  PRIMARY KEY (`id`),
  KEY `django_admin__content_type_id_c4bce8eb_fk_django_content_type_id` (`content_type_id`),
  KEY `django_admin_log_user_id_c564eba6_fk_auth_user_id` (`user_id`),
  CONSTRAINT `django_admin__content_type_id_c4bce8eb_fk_django_content_type_id` FOREIGN KEY (`content_type_id`) REFERENCES `django_content_type` (`id`),
  CONSTRAINT `django_admin_log_user_id_c564eba6_fk_auth_user_id` FOREIGN KEY (`user_id`) REFERENCES `auth_user` (`id`)
) ENGINE=InnoDB DEFAULT CHARSET=latin1;
/*!40101 SET character_set_client = @saved_cs_client */;

--
-- Dumping data for table `django_admin_log`
--

LOCK TABLES `django_admin_log` WRITE;
/*!40000 ALTER TABLE `django_admin_log` DISABLE KEYS */;
/*!40000 ALTER TABLE `django_admin_log` ENABLE KEYS */;
UNLOCK TABLES;

--
-- Table structure for table `django_content_type`
--

DROP TABLE IF EXISTS `django_content_type`;
/*!40101 SET @saved_cs_client     = @@character_set_client */;
/*!40101 SET character_set_client = utf8 */;
CREATE TABLE `django_content_type` (
  `id` int(11) NOT NULL AUTO_INCREMENT,
  `app_label` varchar(100) NOT NULL,
  `model` varchar(100) NOT NULL,
  PRIMARY KEY (`id`),
  UNIQUE KEY `django_content_type_app_label_76bd3d3b_uniq` (`app_label`,`model`)
) ENGINE=InnoDB AUTO_INCREMENT=35 DEFAULT CHARSET=latin1;
/*!40101 SET character_set_client = @saved_cs_client */;

--
-- Dumping data for table `django_content_type`
--

LOCK TABLES `django_content_type` WRITE;
/*!40000 ALTER TABLE `django_content_type` DISABLE KEYS */;
INSERT INTO `django_content_type` VALUES (1,'admin','logentry'),(2,'auth','group'),(4,'auth','permission'),(3,'auth','user'),(5,'contenttypes','contenttype'),(7,'repindexapp','address'),(21,'repindexapp','conceptlist'),(15,'repindexapp','conceptlistproperties'),(28,'repindexapp','conceptlistumbrellavalues'),(29,'repindexapp','conceptlistvalue'),(8,'repindexapp','country'),(30,'repindexapp','folder'),(12,'repindexapp','foldertype'),(17,'repindexapp','frequencycount'),(18,'repindexapp','frequencycountvalues'),(22,'repindexapp','projects'),(14,'repindexapp','querylist'),(32,'repindexapp','querylistfiles'),(33,'repindexapp','querysettings'),(16,'repindexapp','querytypeinfo'),(34,'repindexapp','resulttypeinfo'),(11,'repindexapp','resulttypeparameterfloatvalue'),(23,'repindexapp','resulttypeparameterinfo'),(20,'repindexapp','resulttypeparameterintvalue'),(26,'repindexapp','resulttypeparameterstringvalue'),(27,'repindexapp','selectedtextlist'),(19,'repindexapp','stoplist'),(24,'repindexapp','stoplistvalue'),(25,'repindexapp','textlist'),(13,'repindexapp','textlistdetails'),(9,'repindexapp','textlistsplits'),(31,'repindexapp','userinfo'),(10,'repindexapp','usertypeinfo'),(6,'sessions','session');
/*!40000 ALTER TABLE `django_content_type` ENABLE KEYS */;
UNLOCK TABLES;

--
-- Table structure for table `django_migrations`
--

DROP TABLE IF EXISTS `django_migrations`;
/*!40101 SET @saved_cs_client     = @@character_set_client */;
/*!40101 SET character_set_client = utf8 */;
CREATE TABLE `django_migrations` (
  `id` int(11) NOT NULL AUTO_INCREMENT,
  `app` varchar(255) NOT NULL,
  `name` varchar(255) NOT NULL,
  `applied` datetime(6) NOT NULL,
  PRIMARY KEY (`id`)
) ENGINE=InnoDB AUTO_INCREMENT=19 DEFAULT CHARSET=latin1;
/*!40101 SET character_set_client = @saved_cs_client */;

--
-- Dumping data for table `django_migrations`
--

LOCK TABLES `django_migrations` WRITE;
/*!40000 ALTER TABLE `django_migrations` DISABLE KEYS */;
INSERT INTO `django_migrations` VALUES (1,'contenttypes','0001_initial','2017-09-27 06:19:19.084181'),(2,'auth','0001_initial','2017-09-27 06:19:26.307992'),(3,'admin','0001_initial','2017-09-27 06:19:27.763234'),(4,'admin','0002_logentry_remove_auto_add','2017-09-27 06:19:27.855569'),(5,'contenttypes','0002_remove_content_type_name','2017-09-27 06:19:28.658694'),(6,'auth','0002_alter_permission_name_max_length','2017-09-27 06:19:28.767655'),(7,'auth','0003_alter_user_email_max_length','2017-09-27 06:19:28.869486'),(8,'auth','0004_alter_user_username_opts','2017-09-27 06:19:28.909812'),(9,'auth','0005_alter_user_last_login_null','2017-09-27 06:19:29.371117'),(10,'auth','0006_require_contenttypes_0002','2017-09-27 06:19:29.429587'),(11,'auth','0007_alter_validators_add_error_messages','2017-09-27 06:19:29.478768'),(12,'auth','0008_alter_user_username_max_length','2017-09-27 06:19:29.757288'),(13,'repindexapp','0001_initial','2017-09-27 06:20:28.892518'),(14,'repindexapp','0002_userinfo_user','2017-09-27 06:20:30.331211'),(15,'repindexapp','0003_remove_userinfo_user','2017-09-27 06:20:30.899840'),(16,'repindexapp','0004_userinfo_userobject','2017-09-27 06:20:31.469857'),(17,'repindexapp','0005_auto_20170924_0549','2017-09-27 06:20:33.403163'),(18,'sessions','0001_initial','2017-09-27 06:20:33.862431');
/*!40000 ALTER TABLE `django_migrations` ENABLE KEYS */;
UNLOCK TABLES;

--
-- Table structure for table `django_session`
--

DROP TABLE IF EXISTS `django_session`;
/*!40101 SET @saved_cs_client     = @@character_set_client */;
/*!40101 SET character_set_client = utf8 */;
CREATE TABLE `django_session` (
  `session_key` varchar(40) NOT NULL,
  `session_data` longtext NOT NULL,
  `expire_date` datetime(6) NOT NULL,
  PRIMARY KEY (`session_key`),
  KEY `django_session_de54fa62` (`expire_date`)
) ENGINE=InnoDB DEFAULT CHARSET=latin1;
/*!40101 SET character_set_client = @saved_cs_client */;

--
-- Dumping data for table `django_session`
--

LOCK TABLES `django_session` WRITE;
/*!40000 ALTER TABLE `django_session` DISABLE KEYS */;
INSERT INTO `django_session` VALUES ('0052dqb4leiqdufwz3plgc5sar5lf6vp','YmMxMGJhZjU1MzhiOTIzOGI1OTcyZDU2YWY4MmVmYjg1Y2ViYzExODp7Il9hdXRoX3VzZXJfaGFzaCI6ImQ1YzRiYzVjZGJjODVlODFjZmEwYzg1NTY1YTUyYmNlOGI2YTg1ZmQiLCJfYXV0aF91c2VyX2JhY2tlbmQiOiJkamFuZ28uY29udHJpYi5hdXRoLmJhY2tlbmRzLk1vZGVsQmFja2VuZCIsIl9hdXRoX3VzZXJfaWQiOiIxIn0=','2017-10-12 09:58:46.389428'),('01yt0o27i1ay6opuhf531irzkohqgo2b','YWI5YmQ5MjFlOGYwYjg0NDRkOTY5MTVkZGMxMGUwMjliMDViMjUzMzp7Il9hdXRoX3VzZXJfaGFzaCI6IjFiMDk1ODU3MDliOTRjYjlkN2FkNDMwZTJjYzFlNjE5ZWNiYTFiMjEiLCJfYXV0aF91c2VyX2JhY2tlbmQiOiJkamFuZ28uY29udHJpYi5hdXRoLmJhY2tlbmRzLk1vZGVsQmFja2VuZCIsIl9hdXRoX3VzZXJfaWQiOiI3MiJ9','2017-10-24 12:12:21.532325'),('05w8n0g9y1tp89iibv685cdnbdkpiryt','YWI5YmQ5MjFlOGYwYjg0NDRkOTY5MTVkZGMxMGUwMjliMDViMjUzMzp7Il9hdXRoX3VzZXJfaGFzaCI6IjFiMDk1ODU3MDliOTRjYjlkN2FkNDMwZTJjYzFlNjE5ZWNiYTFiMjEiLCJfYXV0aF91c2VyX2JhY2tlbmQiOiJkamFuZ28uY29udHJpYi5hdXRoLmJhY2tlbmRzLk1vZGVsQmFja2VuZCIsIl9hdXRoX3VzZXJfaWQiOiI3MiJ9','2017-10-20 06:33:55.638386'),('07gw2q265qbc5sem9tdsci8t5kwgr576','NDhmNzEzMGM1Y2Y0ZjU3NGVhNjlhYTYzMGY4ODNkYzczYzUwNWI4MTp7Il9hdXRoX3VzZXJfaGFzaCI6IjdlYzQ2MzMxYjJhNGY5MDBkMWY3OGUzNmU0MTBkYzA1N2EzMjliMDIiLCJfYXV0aF91c2VyX2JhY2tlbmQiOiJkamFuZ28uY29udHJpYi5hdXRoLmJhY2tlbmRzLk1vZGVsQmFja2VuZCIsIl9hdXRoX3VzZXJfaWQiOiI3NyJ9','2017-10-30 06:46:01.322435'),('09vubsmsurot0i65q78gmn9bvxbqeoob','YmMxMGJhZjU1MzhiOTIzOGI1OTcyZDU2YWY4MmVmYjg1Y2ViYzExODp7Il9hdXRoX3VzZXJfaGFzaCI6ImQ1YzRiYzVjZGJjODVlODFjZmEwYzg1NTY1YTUyYmNlOGI2YTg1ZmQiLCJfYXV0aF91c2VyX2JhY2tlbmQiOiJkamFuZ28uY29udHJpYi5hdXRoLmJhY2tlbmRzLk1vZGVsQmFja2VuZCIsIl9hdXRoX3VzZXJfaWQiOiIxIn0=','2017-10-12 09:38:36.756421'),('0b73ma4yvy4m57xypli2i6b3l4uq3vbe','ZWExZjExNjkzYWE1M2ZjMmVjN2FmM2U1Mzk5ZTRkMTA1ODBlNDc0MDp7Il9hdXRoX3VzZXJfaGFzaCI6IjQzYjFkNmI0NGQ0MjgwZThlZmFkZjQ3YzY2Mzg1NzA5OGU0NDA1ZjQiLCJfYXV0aF91c2VyX2JhY2tlbmQiOiJkamFuZ28uY29udHJpYi5hdXRoLmJhY2tlbmRzLk1vZGVsQmFja2VuZCIsIl9hdXRoX3VzZXJfaWQiOiI1OCJ9','2017-10-18 14:26:11.044454'),('0c5hc1jo6j22zwdrcrn5mbxeeaj0r63g','YmMxMGJhZjU1MzhiOTIzOGI1OTcyZDU2YWY4MmVmYjg1Y2ViYzExODp7Il9hdXRoX3VzZXJfaGFzaCI6ImQ1YzRiYzVjZGJjODVlODFjZmEwYzg1NTY1YTUyYmNlOGI2YTg1ZmQiLCJfYXV0aF91c2VyX2JhY2tlbmQiOiJkamFuZ28uY29udHJpYi5hdXRoLmJhY2tlbmRzLk1vZGVsQmFja2VuZCIsIl9hdXRoX3VzZXJfaWQiOiIxIn0=','2017-10-11 07:27:19.070822'),('0fkh6llqi2f4sific6j1fl69qdd6wixn','YWI5YmQ5MjFlOGYwYjg0NDRkOTY5MTVkZGMxMGUwMjliMDViMjUzMzp7Il9hdXRoX3VzZXJfaGFzaCI6IjFiMDk1ODU3MDliOTRjYjlkN2FkNDMwZTJjYzFlNjE5ZWNiYTFiMjEiLCJfYXV0aF91c2VyX2JhY2tlbmQiOiJkamFuZ28uY29udHJpYi5hdXRoLmJhY2tlbmRzLk1vZGVsQmFja2VuZCIsIl9hdXRoX3VzZXJfaWQiOiI3MiJ9','2017-10-23 07:22:19.751148'),('0flxd2ltlbkrhzk2z0wcv3t7eu7w24h6','ZWExZjExNjkzYWE1M2ZjMmVjN2FmM2U1Mzk5ZTRkMTA1ODBlNDc0MDp7Il9hdXRoX3VzZXJfaGFzaCI6IjQzYjFkNmI0NGQ0MjgwZThlZmFkZjQ3YzY2Mzg1NzA5OGU0NDA1ZjQiLCJfYXV0aF91c2VyX2JhY2tlbmQiOiJkamFuZ28uY29udHJpYi5hdXRoLmJhY2tlbmRzLk1vZGVsQmFja2VuZCIsIl9hdXRoX3VzZXJfaWQiOiI1OCJ9','2017-10-19 11:40:25.546078'),('0hj31ztc911axrvhmb6y8gs7xw16gs5w','NDdjZTlhNmMyZjA0YjI4Y2Q0MGU4YjYwNTcwZDdlMWYyMGYwMDg3MTp7Il9hdXRoX3VzZXJfaGFzaCI6IjM5ZTI1MjgxZDIzOWEyNjQzNWQ0ZjE1ODZkZWVjODk0ZjI1OTNmYzQiLCJfYXV0aF91c2VyX2JhY2tlbmQiOiJkamFuZ28uY29udHJpYi5hdXRoLmJhY2tlbmRzLk1vZGVsQmFja2VuZCIsIl9hdXRoX3VzZXJfaWQiOiI0MiJ9','2017-10-27 13:03:34.372280'),('0k4p15v8f23sww069hyodpjkmr1qhu0p','YWI5YmQ5MjFlOGYwYjg0NDRkOTY5MTVkZGMxMGUwMjliMDViMjUzMzp7Il9hdXRoX3VzZXJfaGFzaCI6IjFiMDk1ODU3MDliOTRjYjlkN2FkNDMwZTJjYzFlNjE5ZWNiYTFiMjEiLCJfYXV0aF91c2VyX2JhY2tlbmQiOiJkamFuZ28uY29udHJpYi5hdXRoLmJhY2tlbmRzLk1vZGVsQmFja2VuZCIsIl9hdXRoX3VzZXJfaWQiOiI3MiJ9','2017-10-20 12:06:24.662980'),('0llav2xgojp5kshbl8n8o57kwobao57a','YmMxMGJhZjU1MzhiOTIzOGI1OTcyZDU2YWY4MmVmYjg1Y2ViYzExODp7Il9hdXRoX3VzZXJfaGFzaCI6ImQ1YzRiYzVjZGJjODVlODFjZmEwYzg1NTY1YTUyYmNlOGI2YTg1ZmQiLCJfYXV0aF91c2VyX2JhY2tlbmQiOiJkamFuZ28uY29udHJpYi5hdXRoLmJhY2tlbmRzLk1vZGVsQmFja2VuZCIsIl9hdXRoX3VzZXJfaWQiOiIxIn0=','2017-10-13 03:55:10.838983'),('0mzv3d37a3pgbnuay2jgqd2apjoj47sr','NTRiY2VjYjQwOTAyZDQ5MjRhMWNkMzdhOTM4NzBkYzUzMzIyYzQzNTp7Il9hdXRoX3VzZXJfaGFzaCI6IjA5ZDA4OTg3NDZiMjIyNDJkZTlkMWFlMzYyM2M4YjhkZDY1MjgwYWEiLCJfYXV0aF91c2VyX2JhY2tlbmQiOiJkamFuZ28uY29udHJpYi5hdXRoLmJhY2tlbmRzLk1vZGVsQmFja2VuZCIsIl9hdXRoX3VzZXJfaWQiOiIzNiJ9','2017-10-17 10:19:20.828689'),('0nffxivsb88p1ej85j4b5wt07ku6ct5q','YWI5YmQ5MjFlOGYwYjg0NDRkOTY5MTVkZGMxMGUwMjliMDViMjUzMzp7Il9hdXRoX3VzZXJfaGFzaCI6IjFiMDk1ODU3MDliOTRjYjlkN2FkNDMwZTJjYzFlNjE5ZWNiYTFiMjEiLCJfYXV0aF91c2VyX2JhY2tlbmQiOiJkamFuZ28uY29udHJpYi5hdXRoLmJhY2tlbmRzLk1vZGVsQmFja2VuZCIsIl9hdXRoX3VzZXJfaWQiOiI3MiJ9','2017-10-20 12:05:19.200931'),('0q3kxepb6t0v13x31aat8fgl2txu5lg3','YWI5YmQ5MjFlOGYwYjg0NDRkOTY5MTVkZGMxMGUwMjliMDViMjUzMzp7Il9hdXRoX3VzZXJfaGFzaCI6IjFiMDk1ODU3MDliOTRjYjlkN2FkNDMwZTJjYzFlNjE5ZWNiYTFiMjEiLCJfYXV0aF91c2VyX2JhY2tlbmQiOiJkamFuZ28uY29udHJpYi5hdXRoLmJhY2tlbmRzLk1vZGVsQmFja2VuZCIsIl9hdXRoX3VzZXJfaWQiOiI3MiJ9','2017-10-23 13:46:13.602170'),('0qdlpxz2kprcgjcmax1ywtfwvuq974nw','NDdjZTlhNmMyZjA0YjI4Y2Q0MGU4YjYwNTcwZDdlMWYyMGYwMDg3MTp7Il9hdXRoX3VzZXJfaGFzaCI6IjM5ZTI1MjgxZDIzOWEyNjQzNWQ0ZjE1ODZkZWVjODk0ZjI1OTNmYzQiLCJfYXV0aF91c2VyX2JhY2tlbmQiOiJkamFuZ28uY29udHJpYi5hdXRoLmJhY2tlbmRzLk1vZGVsQmFja2VuZCIsIl9hdXRoX3VzZXJfaWQiOiI0MiJ9','2017-10-26 05:07:29.549508'),('0rafp0hr9xrrzvj2ylyrubxqllbx2omp','ZWExZjExNjkzYWE1M2ZjMmVjN2FmM2U1Mzk5ZTRkMTA1ODBlNDc0MDp7Il9hdXRoX3VzZXJfaGFzaCI6IjQzYjFkNmI0NGQ0MjgwZThlZmFkZjQ3YzY2Mzg1NzA5OGU0NDA1ZjQiLCJfYXV0aF91c2VyX2JhY2tlbmQiOiJkamFuZ28uY29udHJpYi5hdXRoLmJhY2tlbmRzLk1vZGVsQmFja2VuZCIsIl9hdXRoX3VzZXJfaWQiOiI1OCJ9','2017-10-19 11:50:54.757142'),('0s0xjl0sh4k0mm7pl53q40lveoc6kgde','NDdjZTlhNmMyZjA0YjI4Y2Q0MGU4YjYwNTcwZDdlMWYyMGYwMDg3MTp7Il9hdXRoX3VzZXJfaGFzaCI6IjM5ZTI1MjgxZDIzOWEyNjQzNWQ0ZjE1ODZkZWVjODk0ZjI1OTNmYzQiLCJfYXV0aF91c2VyX2JhY2tlbmQiOiJkamFuZ28uY29udHJpYi5hdXRoLmJhY2tlbmRzLk1vZGVsQmFja2VuZCIsIl9hdXRoX3VzZXJfaWQiOiI0MiJ9','2017-10-24 10:23:02.300415'),('0t0ykxgjb3m01huu69jg370gh8iwxs1d','YmMxMGJhZjU1MzhiOTIzOGI1OTcyZDU2YWY4MmVmYjg1Y2ViYzExODp7Il9hdXRoX3VzZXJfaGFzaCI6ImQ1YzRiYzVjZGJjODVlODFjZmEwYzg1NTY1YTUyYmNlOGI2YTg1ZmQiLCJfYXV0aF91c2VyX2JhY2tlbmQiOiJkamFuZ28uY29udHJpYi5hdXRoLmJhY2tlbmRzLk1vZGVsQmFja2VuZCIsIl9hdXRoX3VzZXJfaWQiOiIxIn0=','2017-10-13 03:35:34.307607'),('13v7te4kos1c18m84162jkvqp8xje01e','YWI5YmQ5MjFlOGYwYjg0NDRkOTY5MTVkZGMxMGUwMjliMDViMjUzMzp7Il9hdXRoX3VzZXJfaGFzaCI6IjFiMDk1ODU3MDliOTRjYjlkN2FkNDMwZTJjYzFlNjE5ZWNiYTFiMjEiLCJfYXV0aF91c2VyX2JhY2tlbmQiOiJkamFuZ28uY29udHJpYi5hdXRoLmJhY2tlbmRzLk1vZGVsQmFja2VuZCIsIl9hdXRoX3VzZXJfaWQiOiI3MiJ9','2017-10-23 13:00:20.261513'),('18x27qtcgu3606fpc4uzvfcsen4794zp','YWI5YmQ5MjFlOGYwYjg0NDRkOTY5MTVkZGMxMGUwMjliMDViMjUzMzp7Il9hdXRoX3VzZXJfaGFzaCI6IjFiMDk1ODU3MDliOTRjYjlkN2FkNDMwZTJjYzFlNjE5ZWNiYTFiMjEiLCJfYXV0aF91c2VyX2JhY2tlbmQiOiJkamFuZ28uY29udHJpYi5hdXRoLmJhY2tlbmRzLk1vZGVsQmFja2VuZCIsIl9hdXRoX3VzZXJfaWQiOiI3MiJ9','2017-10-23 13:22:27.144137'),('1a6i2aeoy8uks3sntba6jhr3l974rbyc','NDdjZTlhNmMyZjA0YjI4Y2Q0MGU4YjYwNTcwZDdlMWYyMGYwMDg3MTp7Il9hdXRoX3VzZXJfaGFzaCI6IjM5ZTI1MjgxZDIzOWEyNjQzNWQ0ZjE1ODZkZWVjODk0ZjI1OTNmYzQiLCJfYXV0aF91c2VyX2JhY2tlbmQiOiJkamFuZ28uY29udHJpYi5hdXRoLmJhY2tlbmRzLk1vZGVsQmFja2VuZCIsIl9hdXRoX3VzZXJfaWQiOiI0MiJ9','2017-10-18 10:55:47.221420'),('1f06tym8ckbcoi4044i1u9i883r2q28n','ZjA1M2JlMTMwMTRmMzY5NTczNjdmZjg2NWU5MTg3OTA5OTQ2ZGMxNzp7Il9hdXRoX3VzZXJfaGFzaCI6IjFkOGI1Y2ZiODc3NTAxNWJiY2UyNjk1Njk0YzFlMjA1YjIyNGE4ZWEiLCJfYXV0aF91c2VyX2JhY2tlbmQiOiJkamFuZ28uY29udHJpYi5hdXRoLmJhY2tlbmRzLk1vZGVsQmFja2VuZCIsIl9hdXRoX3VzZXJfaWQiOiI4MiJ9','2017-10-30 12:05:32.354791'),('1fkk26wr1ptpjam52f78w6aril219o73','MGE3ZTQ0MGI2NDQ1NWZmOTI2OTFhMWE2MmM4MTY1ZDIzMTRlMzFmODp7Il9hdXRoX3VzZXJfaGFzaCI6IjUxMzQxMDg3MTVjMGJlYjk5OTY3YWJkMDZjNDY3NjliYjNmNTFjMWUiLCJfYXV0aF91c2VyX2JhY2tlbmQiOiJkamFuZ28uY29udHJpYi5hdXRoLmJhY2tlbmRzLk1vZGVsQmFja2VuZCIsIl9hdXRoX3VzZXJfaWQiOiI1NyJ9','2017-10-18 07:38:56.860096'),('1lbzog1lel9ly4w2ofhrt7l7qirpxqh0','YmMxMGJhZjU1MzhiOTIzOGI1OTcyZDU2YWY4MmVmYjg1Y2ViYzExODp7Il9hdXRoX3VzZXJfaGFzaCI6ImQ1YzRiYzVjZGJjODVlODFjZmEwYzg1NTY1YTUyYmNlOGI2YTg1ZmQiLCJfYXV0aF91c2VyX2JhY2tlbmQiOiJkamFuZ28uY29udHJpYi5hdXRoLmJhY2tlbmRzLk1vZGVsQmFja2VuZCIsIl9hdXRoX3VzZXJfaWQiOiIxIn0=','2017-10-12 06:49:50.193647'),('1s0829rm2jwnty8p9zdup20ht0olb6lb','NDdjZTlhNmMyZjA0YjI4Y2Q0MGU4YjYwNTcwZDdlMWYyMGYwMDg3MTp7Il9hdXRoX3VzZXJfaGFzaCI6IjM5ZTI1MjgxZDIzOWEyNjQzNWQ0ZjE1ODZkZWVjODk0ZjI1OTNmYzQiLCJfYXV0aF91c2VyX2JhY2tlbmQiOiJkamFuZ28uY29udHJpYi5hdXRoLmJhY2tlbmRzLk1vZGVsQmFja2VuZCIsIl9hdXRoX3VzZXJfaWQiOiI0MiJ9','2017-10-25 12:19:32.394268'),('1z7wousmi8b3qud6kxr5shgyhulqrgbj','YWI5YmQ5MjFlOGYwYjg0NDRkOTY5MTVkZGMxMGUwMjliMDViMjUzMzp7Il9hdXRoX3VzZXJfaGFzaCI6IjFiMDk1ODU3MDliOTRjYjlkN2FkNDMwZTJjYzFlNjE5ZWNiYTFiMjEiLCJfYXV0aF91c2VyX2JhY2tlbmQiOiJkamFuZ28uY29udHJpYi5hdXRoLmJhY2tlbmRzLk1vZGVsQmFja2VuZCIsIl9hdXRoX3VzZXJfaWQiOiI3MiJ9','2017-10-23 13:30:24.453241'),('1zj1mm6cdvt3ay9oxk6zoa51wk77viws','YWI5YmQ5MjFlOGYwYjg0NDRkOTY5MTVkZGMxMGUwMjliMDViMjUzMzp7Il9hdXRoX3VzZXJfaGFzaCI6IjFiMDk1ODU3MDliOTRjYjlkN2FkNDMwZTJjYzFlNjE5ZWNiYTFiMjEiLCJfYXV0aF91c2VyX2JhY2tlbmQiOiJkamFuZ28uY29udHJpYi5hdXRoLmJhY2tlbmRzLk1vZGVsQmFja2VuZCIsIl9hdXRoX3VzZXJfaWQiOiI3MiJ9','2017-10-24 13:08:35.433116'),('200fydsbm1m5kplqu5hpoyu24oabydvy','NDdjZTlhNmMyZjA0YjI4Y2Q0MGU4YjYwNTcwZDdlMWYyMGYwMDg3MTp7Il9hdXRoX3VzZXJfaGFzaCI6IjM5ZTI1MjgxZDIzOWEyNjQzNWQ0ZjE1ODZkZWVjODk0ZjI1OTNmYzQiLCJfYXV0aF91c2VyX2JhY2tlbmQiOiJkamFuZ28uY29udHJpYi5hdXRoLmJhY2tlbmRzLk1vZGVsQmFja2VuZCIsIl9hdXRoX3VzZXJfaWQiOiI0MiJ9','2017-10-25 13:19:34.848466'),('20120l3no84grj52qp121m104trtrhpz','NDdjZTlhNmMyZjA0YjI4Y2Q0MGU4YjYwNTcwZDdlMWYyMGYwMDg3MTp7Il9hdXRoX3VzZXJfaGFzaCI6IjM5ZTI1MjgxZDIzOWEyNjQzNWQ0ZjE1ODZkZWVjODk0ZjI1OTNmYzQiLCJfYXV0aF91c2VyX2JhY2tlbmQiOiJkamFuZ28uY29udHJpYi5hdXRoLmJhY2tlbmRzLk1vZGVsQmFja2VuZCIsIl9hdXRoX3VzZXJfaWQiOiI0MiJ9','2017-10-25 13:00:28.524177'),('21nprb2qif97pe5s8bxyvyoujfew7cc8','YWI5YmQ5MjFlOGYwYjg0NDRkOTY5MTVkZGMxMGUwMjliMDViMjUzMzp7Il9hdXRoX3VzZXJfaGFzaCI6IjFiMDk1ODU3MDliOTRjYjlkN2FkNDMwZTJjYzFlNjE5ZWNiYTFiMjEiLCJfYXV0aF91c2VyX2JhY2tlbmQiOiJkamFuZ28uY29udHJpYi5hdXRoLmJhY2tlbmRzLk1vZGVsQmFja2VuZCIsIl9hdXRoX3VzZXJfaWQiOiI3MiJ9','2017-10-20 14:01:55.693421'),('22jaqttao3vi18ncaq0sy83uqnbujbnt','YWI5YmQ5MjFlOGYwYjg0NDRkOTY5MTVkZGMxMGUwMjliMDViMjUzMzp7Il9hdXRoX3VzZXJfaGFzaCI6IjFiMDk1ODU3MDliOTRjYjlkN2FkNDMwZTJjYzFlNjE5ZWNiYTFiMjEiLCJfYXV0aF91c2VyX2JhY2tlbmQiOiJkamFuZ28uY29udHJpYi5hdXRoLmJhY2tlbmRzLk1vZGVsQmFja2VuZCIsIl9hdXRoX3VzZXJfaWQiOiI3MiJ9','2017-10-23 10:00:20.130040'),('2582lybqfy2wc1gd9b6vystpyig0z9ym','MGE3ZTQ0MGI2NDQ1NWZmOTI2OTFhMWE2MmM4MTY1ZDIzMTRlMzFmODp7Il9hdXRoX3VzZXJfaGFzaCI6IjUxMzQxMDg3MTVjMGJlYjk5OTY3YWJkMDZjNDY3NjliYjNmNTFjMWUiLCJfYXV0aF91c2VyX2JhY2tlbmQiOiJkamFuZ28uY29udHJpYi5hdXRoLmJhY2tlbmRzLk1vZGVsQmFja2VuZCIsIl9hdXRoX3VzZXJfaWQiOiI1NyJ9','2017-10-18 12:40:21.263985'),('25jb8aarn0z3i5el0etyboycm9bq905q','MGE3ZTQ0MGI2NDQ1NWZmOTI2OTFhMWE2MmM4MTY1ZDIzMTRlMzFmODp7Il9hdXRoX3VzZXJfaGFzaCI6IjUxMzQxMDg3MTVjMGJlYjk5OTY3YWJkMDZjNDY3NjliYjNmNTFjMWUiLCJfYXV0aF91c2VyX2JhY2tlbmQiOiJkamFuZ28uY29udHJpYi5hdXRoLmJhY2tlbmRzLk1vZGVsQmFja2VuZCIsIl9hdXRoX3VzZXJfaWQiOiI1NyJ9','2017-10-19 06:17:22.701381'),('28j839nluoycvsyhnxow783vgj55vt6s','NDdjZTlhNmMyZjA0YjI4Y2Q0MGU4YjYwNTcwZDdlMWYyMGYwMDg3MTp7Il9hdXRoX3VzZXJfaGFzaCI6IjM5ZTI1MjgxZDIzOWEyNjQzNWQ0ZjE1ODZkZWVjODk0ZjI1OTNmYzQiLCJfYXV0aF91c2VyX2JhY2tlbmQiOiJkamFuZ28uY29udHJpYi5hdXRoLmJhY2tlbmRzLk1vZGVsQmFja2VuZCIsIl9hdXRoX3VzZXJfaWQiOiI0MiJ9','2017-10-30 11:58:18.384380'),('2ab5w6g7dnil95rnoej7c90adqfvf3au','NDhmNzEzMGM1Y2Y0ZjU3NGVhNjlhYTYzMGY4ODNkYzczYzUwNWI4MTp7Il9hdXRoX3VzZXJfaGFzaCI6IjdlYzQ2MzMxYjJhNGY5MDBkMWY3OGUzNmU0MTBkYzA1N2EzMjliMDIiLCJfYXV0aF91c2VyX2JhY2tlbmQiOiJkamFuZ28uY29udHJpYi5hdXRoLmJhY2tlbmRzLk1vZGVsQmFja2VuZCIsIl9hdXRoX3VzZXJfaWQiOiI3NyJ9','2017-10-31 11:20:36.018892'),('2ey7f9xocz260ny2ivq6mg7t7bxqawda','YWI5YmQ5MjFlOGYwYjg0NDRkOTY5MTVkZGMxMGUwMjliMDViMjUzMzp7Il9hdXRoX3VzZXJfaGFzaCI6IjFiMDk1ODU3MDliOTRjYjlkN2FkNDMwZTJjYzFlNjE5ZWNiYTFiMjEiLCJfYXV0aF91c2VyX2JhY2tlbmQiOiJkamFuZ28uY29udHJpYi5hdXRoLmJhY2tlbmRzLk1vZGVsQmFja2VuZCIsIl9hdXRoX3VzZXJfaWQiOiI3MiJ9','2017-10-20 06:33:15.990756'),('2gbnafdpiki9fb71ybsn8l60etuijhvp','YmMxMGJhZjU1MzhiOTIzOGI1OTcyZDU2YWY4MmVmYjg1Y2ViYzExODp7Il9hdXRoX3VzZXJfaGFzaCI6ImQ1YzRiYzVjZGJjODVlODFjZmEwYzg1NTY1YTUyYmNlOGI2YTg1ZmQiLCJfYXV0aF91c2VyX2JhY2tlbmQiOiJkamFuZ28uY29udHJpYi5hdXRoLmJhY2tlbmRzLk1vZGVsQmFja2VuZCIsIl9hdXRoX3VzZXJfaWQiOiIxIn0=','2017-10-12 08:24:32.644901'),('2i5ujtyk5gfgcxjy5mwnrvk4zpnqiikl','NDhmNzEzMGM1Y2Y0ZjU3NGVhNjlhYTYzMGY4ODNkYzczYzUwNWI4MTp7Il9hdXRoX3VzZXJfaGFzaCI6IjdlYzQ2MzMxYjJhNGY5MDBkMWY3OGUzNmU0MTBkYzA1N2EzMjliMDIiLCJfYXV0aF91c2VyX2JhY2tlbmQiOiJkamFuZ28uY29udHJpYi5hdXRoLmJhY2tlbmRzLk1vZGVsQmFja2VuZCIsIl9hdXRoX3VzZXJfaWQiOiI3NyJ9','2017-10-27 12:49:13.167322'),('2jmztfj5fziyf60y415eawogrmyuutwv','NDhmNzEzMGM1Y2Y0ZjU3NGVhNjlhYTYzMGY4ODNkYzczYzUwNWI4MTp7Il9hdXRoX3VzZXJfaGFzaCI6IjdlYzQ2MzMxYjJhNGY5MDBkMWY3OGUzNmU0MTBkYzA1N2EzMjliMDIiLCJfYXV0aF91c2VyX2JhY2tlbmQiOiJkamFuZ28uY29udHJpYi5hdXRoLmJhY2tlbmRzLk1vZGVsQmFja2VuZCIsIl9hdXRoX3VzZXJfaWQiOiI3NyJ9','2017-10-31 12:57:53.516462'),('2ldxum64m53nzyo241xwrj0u7o22bxd3','YmMxMGJhZjU1MzhiOTIzOGI1OTcyZDU2YWY4MmVmYjg1Y2ViYzExODp7Il9hdXRoX3VzZXJfaGFzaCI6ImQ1YzRiYzVjZGJjODVlODFjZmEwYzg1NTY1YTUyYmNlOGI2YTg1ZmQiLCJfYXV0aF91c2VyX2JhY2tlbmQiOiJkamFuZ28uY29udHJpYi5hdXRoLmJhY2tlbmRzLk1vZGVsQmFja2VuZCIsIl9hdXRoX3VzZXJfaWQiOiIxIn0=','2017-10-11 09:22:53.539354'),('2lqvdny5d2f9atioaevjbu7webr6k6w9','NDdjZTlhNmMyZjA0YjI4Y2Q0MGU4YjYwNTcwZDdlMWYyMGYwMDg3MTp7Il9hdXRoX3VzZXJfaGFzaCI6IjM5ZTI1MjgxZDIzOWEyNjQzNWQ0ZjE1ODZkZWVjODk0ZjI1OTNmYzQiLCJfYXV0aF91c2VyX2JhY2tlbmQiOiJkamFuZ28uY29udHJpYi5hdXRoLmJhY2tlbmRzLk1vZGVsQmFja2VuZCIsIl9hdXRoX3VzZXJfaWQiOiI0MiJ9','2017-10-25 13:44:26.754097'),('2nt6hgojhc7knwngw9kw5nr31ry6x9cu','YmMxMGJhZjU1MzhiOTIzOGI1OTcyZDU2YWY4MmVmYjg1Y2ViYzExODp7Il9hdXRoX3VzZXJfaGFzaCI6ImQ1YzRiYzVjZGJjODVlODFjZmEwYzg1NTY1YTUyYmNlOGI2YTg1ZmQiLCJfYXV0aF91c2VyX2JhY2tlbmQiOiJkamFuZ28uY29udHJpYi5hdXRoLmJhY2tlbmRzLk1vZGVsQmFja2VuZCIsIl9hdXRoX3VzZXJfaWQiOiIxIn0=','2017-10-11 11:44:33.063773'),('2r05swrk4uy90t4zszg1ejyvhde9ze9w','NDhmNzEzMGM1Y2Y0ZjU3NGVhNjlhYTYzMGY4ODNkYzczYzUwNWI4MTp7Il9hdXRoX3VzZXJfaGFzaCI6IjdlYzQ2MzMxYjJhNGY5MDBkMWY3OGUzNmU0MTBkYzA1N2EzMjliMDIiLCJfYXV0aF91c2VyX2JhY2tlbmQiOiJkamFuZ28uY29udHJpYi5hdXRoLmJhY2tlbmRzLk1vZGVsQmFja2VuZCIsIl9hdXRoX3VzZXJfaWQiOiI3NyJ9','2017-10-27 12:28:37.879160'),('2s4v93bwdjmf7b0hwsok368j70itdt3z','NDhmNzEzMGM1Y2Y0ZjU3NGVhNjlhYTYzMGY4ODNkYzczYzUwNWI4MTp7Il9hdXRoX3VzZXJfaGFzaCI6IjdlYzQ2MzMxYjJhNGY5MDBkMWY3OGUzNmU0MTBkYzA1N2EzMjliMDIiLCJfYXV0aF91c2VyX2JhY2tlbmQiOiJkamFuZ28uY29udHJpYi5hdXRoLmJhY2tlbmRzLk1vZGVsQmFja2VuZCIsIl9hdXRoX3VzZXJfaWQiOiI3NyJ9','2017-10-27 09:58:51.787379'),('2up4khv0e2ll850ebzkh3f8idqnnq8n6','YWI5YmQ5MjFlOGYwYjg0NDRkOTY5MTVkZGMxMGUwMjliMDViMjUzMzp7Il9hdXRoX3VzZXJfaGFzaCI6IjFiMDk1ODU3MDliOTRjYjlkN2FkNDMwZTJjYzFlNjE5ZWNiYTFiMjEiLCJfYXV0aF91c2VyX2JhY2tlbmQiOiJkamFuZ28uY29udHJpYi5hdXRoLmJhY2tlbmRzLk1vZGVsQmFja2VuZCIsIl9hdXRoX3VzZXJfaWQiOiI3MiJ9','2017-10-23 09:47:16.956914'),('2vme9ipimwvgy5e07qaqibvo25megctv','YWI5YmQ5MjFlOGYwYjg0NDRkOTY5MTVkZGMxMGUwMjliMDViMjUzMzp7Il9hdXRoX3VzZXJfaGFzaCI6IjFiMDk1ODU3MDliOTRjYjlkN2FkNDMwZTJjYzFlNjE5ZWNiYTFiMjEiLCJfYXV0aF91c2VyX2JhY2tlbmQiOiJkamFuZ28uY29udHJpYi5hdXRoLmJhY2tlbmRzLk1vZGVsQmFja2VuZCIsIl9hdXRoX3VzZXJfaWQiOiI3MiJ9','2017-10-23 13:04:34.580009'),('2vp6udkckoqm5w5jkh63evtg9xtjsr0u','YWI5YmQ5MjFlOGYwYjg0NDRkOTY5MTVkZGMxMGUwMjliMDViMjUzMzp7Il9hdXRoX3VzZXJfaGFzaCI6IjFiMDk1ODU3MDliOTRjYjlkN2FkNDMwZTJjYzFlNjE5ZWNiYTFiMjEiLCJfYXV0aF91c2VyX2JhY2tlbmQiOiJkamFuZ28uY29udHJpYi5hdXRoLmJhY2tlbmRzLk1vZGVsQmFja2VuZCIsIl9hdXRoX3VzZXJfaWQiOiI3MiJ9','2017-10-23 13:08:25.948947'),('2vxmhi40ty1p2lekp9n3nnzw3zurjzuc','NDdjZTlhNmMyZjA0YjI4Y2Q0MGU4YjYwNTcwZDdlMWYyMGYwMDg3MTp7Il9hdXRoX3VzZXJfaGFzaCI6IjM5ZTI1MjgxZDIzOWEyNjQzNWQ0ZjE1ODZkZWVjODk0ZjI1OTNmYzQiLCJfYXV0aF91c2VyX2JhY2tlbmQiOiJkamFuZ28uY29udHJpYi5hdXRoLmJhY2tlbmRzLk1vZGVsQmFja2VuZCIsIl9hdXRoX3VzZXJfaWQiOiI0MiJ9','2017-10-19 10:35:43.729638'),('2wft0jeqy9th8brrk2uxjpdoybdzzb90','NDdjZTlhNmMyZjA0YjI4Y2Q0MGU4YjYwNTcwZDdlMWYyMGYwMDg3MTp7Il9hdXRoX3VzZXJfaGFzaCI6IjM5ZTI1MjgxZDIzOWEyNjQzNWQ0ZjE1ODZkZWVjODk0ZjI1OTNmYzQiLCJfYXV0aF91c2VyX2JhY2tlbmQiOiJkamFuZ28uY29udHJpYi5hdXRoLmJhY2tlbmRzLk1vZGVsQmFja2VuZCIsIl9hdXRoX3VzZXJfaWQiOiI0MiJ9','2017-10-23 07:02:52.374650'),('2zhhj8t2lefxzwgae72uhfh7quttiil7','NTRiY2VjYjQwOTAyZDQ5MjRhMWNkMzdhOTM4NzBkYzUzMzIyYzQzNTp7Il9hdXRoX3VzZXJfaGFzaCI6IjA5ZDA4OTg3NDZiMjIyNDJkZTlkMWFlMzYyM2M4YjhkZDY1MjgwYWEiLCJfYXV0aF91c2VyX2JhY2tlbmQiOiJkamFuZ28uY29udHJpYi5hdXRoLmJhY2tlbmRzLk1vZGVsQmFja2VuZCIsIl9hdXRoX3VzZXJfaWQiOiIzNiJ9','2017-10-17 10:15:02.434007'),('30760c37yu76927oy0csemfladfyn796','YWI5YmQ5MjFlOGYwYjg0NDRkOTY5MTVkZGMxMGUwMjliMDViMjUzMzp7Il9hdXRoX3VzZXJfaGFzaCI6IjFiMDk1ODU3MDliOTRjYjlkN2FkNDMwZTJjYzFlNjE5ZWNiYTFiMjEiLCJfYXV0aF91c2VyX2JhY2tlbmQiOiJkamFuZ28uY29udHJpYi5hdXRoLmJhY2tlbmRzLk1vZGVsQmFja2VuZCIsIl9hdXRoX3VzZXJfaWQiOiI3MiJ9','2017-10-23 14:24:21.344599'),('316frs701nyxifs26vc3xqpe0rjo8rj3','NDdjZTlhNmMyZjA0YjI4Y2Q0MGU4YjYwNTcwZDdlMWYyMGYwMDg3MTp7Il9hdXRoX3VzZXJfaGFzaCI6IjM5ZTI1MjgxZDIzOWEyNjQzNWQ0ZjE1ODZkZWVjODk0ZjI1OTNmYzQiLCJfYXV0aF91c2VyX2JhY2tlbmQiOiJkamFuZ28uY29udHJpYi5hdXRoLmJhY2tlbmRzLk1vZGVsQmFja2VuZCIsIl9hdXRoX3VzZXJfaWQiOiI0MiJ9','2017-10-20 06:33:24.428993'),('333m0gtzkgcmwkflrbrbgnzltz4axiw5','YmMxMGJhZjU1MzhiOTIzOGI1OTcyZDU2YWY4MmVmYjg1Y2ViYzExODp7Il9hdXRoX3VzZXJfaGFzaCI6ImQ1YzRiYzVjZGJjODVlODFjZmEwYzg1NTY1YTUyYmNlOGI2YTg1ZmQiLCJfYXV0aF91c2VyX2JhY2tlbmQiOiJkamFuZ28uY29udHJpYi5hdXRoLmJhY2tlbmRzLk1vZGVsQmFja2VuZCIsIl9hdXRoX3VzZXJfaWQiOiIxIn0=','2017-10-13 06:44:11.016566'),('34sz9ql2p1jovifmvmqrjl0e2urhv731','YmMxMGJhZjU1MzhiOTIzOGI1OTcyZDU2YWY4MmVmYjg1Y2ViYzExODp7Il9hdXRoX3VzZXJfaGFzaCI6ImQ1YzRiYzVjZGJjODVlODFjZmEwYzg1NTY1YTUyYmNlOGI2YTg1ZmQiLCJfYXV0aF91c2VyX2JhY2tlbmQiOiJkamFuZ28uY29udHJpYi5hdXRoLmJhY2tlbmRzLk1vZGVsQmFja2VuZCIsIl9hdXRoX3VzZXJfaWQiOiIxIn0=','2017-10-12 07:59:56.130371'),('38cwfc7wqlclbfw764ojp33l7asju3d6','YWI5YmQ5MjFlOGYwYjg0NDRkOTY5MTVkZGMxMGUwMjliMDViMjUzMzp7Il9hdXRoX3VzZXJfaGFzaCI6IjFiMDk1ODU3MDliOTRjYjlkN2FkNDMwZTJjYzFlNjE5ZWNiYTFiMjEiLCJfYXV0aF91c2VyX2JhY2tlbmQiOiJkamFuZ28uY29udHJpYi5hdXRoLmJhY2tlbmRzLk1vZGVsQmFja2VuZCIsIl9hdXRoX3VzZXJfaWQiOiI3MiJ9','2017-10-19 13:08:30.597431'),('3ane8ezx03kg98dhy31dix7ly445oag9','NDhmNzEzMGM1Y2Y0ZjU3NGVhNjlhYTYzMGY4ODNkYzczYzUwNWI4MTp7Il9hdXRoX3VzZXJfaGFzaCI6IjdlYzQ2MzMxYjJhNGY5MDBkMWY3OGUzNmU0MTBkYzA1N2EzMjliMDIiLCJfYXV0aF91c2VyX2JhY2tlbmQiOiJkamFuZ28uY29udHJpYi5hdXRoLmJhY2tlbmRzLk1vZGVsQmFja2VuZCIsIl9hdXRoX3VzZXJfaWQiOiI3NyJ9','2017-10-26 05:22:11.587072'),('3e7v1tf85c9l41ysij5866g2hownjad1','ZWExZjExNjkzYWE1M2ZjMmVjN2FmM2U1Mzk5ZTRkMTA1ODBlNDc0MDp7Il9hdXRoX3VzZXJfaGFzaCI6IjQzYjFkNmI0NGQ0MjgwZThlZmFkZjQ3YzY2Mzg1NzA5OGU0NDA1ZjQiLCJfYXV0aF91c2VyX2JhY2tlbmQiOiJkamFuZ28uY29udHJpYi5hdXRoLmJhY2tlbmRzLk1vZGVsQmFja2VuZCIsIl9hdXRoX3VzZXJfaWQiOiI1OCJ9','2017-10-19 12:16:07.594497'),('3etnk3mk4t08x3v7a3qs6q75l9kn3455','NDdjZTlhNmMyZjA0YjI4Y2Q0MGU4YjYwNTcwZDdlMWYyMGYwMDg3MTp7Il9hdXRoX3VzZXJfaGFzaCI6IjM5ZTI1MjgxZDIzOWEyNjQzNWQ0ZjE1ODZkZWVjODk0ZjI1OTNmYzQiLCJfYXV0aF91c2VyX2JhY2tlbmQiOiJkamFuZ28uY29udHJpYi5hdXRoLmJhY2tlbmRzLk1vZGVsQmFja2VuZCIsIl9hdXRoX3VzZXJfaWQiOiI0MiJ9','2017-10-25 13:19:21.359103'),('3gekatn8u23d9xldjlx31igmgf0uuzx6','ZWExZjExNjkzYWE1M2ZjMmVjN2FmM2U1Mzk5ZTRkMTA1ODBlNDc0MDp7Il9hdXRoX3VzZXJfaGFzaCI6IjQzYjFkNmI0NGQ0MjgwZThlZmFkZjQ3YzY2Mzg1NzA5OGU0NDA1ZjQiLCJfYXV0aF91c2VyX2JhY2tlbmQiOiJkamFuZ28uY29udHJpYi5hdXRoLmJhY2tlbmRzLk1vZGVsQmFja2VuZCIsIl9hdXRoX3VzZXJfaWQiOiI1OCJ9','2017-10-19 10:28:28.310016'),('3mdv3z58aspd65xrhg2yjrx3cvyj1qpt','NDhmNzEzMGM1Y2Y0ZjU3NGVhNjlhYTYzMGY4ODNkYzczYzUwNWI4MTp7Il9hdXRoX3VzZXJfaGFzaCI6IjdlYzQ2MzMxYjJhNGY5MDBkMWY3OGUzNmU0MTBkYzA1N2EzMjliMDIiLCJfYXV0aF91c2VyX2JhY2tlbmQiOiJkamFuZ28uY29udHJpYi5hdXRoLmJhY2tlbmRzLk1vZGVsQmFja2VuZCIsIl9hdXRoX3VzZXJfaWQiOiI3NyJ9','2017-10-27 07:27:04.261964'),('3n8sdafh4cme8r17ks83bac8lbl5xdea','MGE3ZTQ0MGI2NDQ1NWZmOTI2OTFhMWE2MmM4MTY1ZDIzMTRlMzFmODp7Il9hdXRoX3VzZXJfaGFzaCI6IjUxMzQxMDg3MTVjMGJlYjk5OTY3YWJkMDZjNDY3NjliYjNmNTFjMWUiLCJfYXV0aF91c2VyX2JhY2tlbmQiOiJkamFuZ28uY29udHJpYi5hdXRoLmJhY2tlbmRzLk1vZGVsQmFja2VuZCIsIl9hdXRoX3VzZXJfaWQiOiI1NyJ9','2017-10-19 06:05:28.988702'),('3o0nlt0cbkix3mrsu77oenew0u9mmws9','NDhmNzEzMGM1Y2Y0ZjU3NGVhNjlhYTYzMGY4ODNkYzczYzUwNWI4MTp7Il9hdXRoX3VzZXJfaGFzaCI6IjdlYzQ2MzMxYjJhNGY5MDBkMWY3OGUzNmU0MTBkYzA1N2EzMjliMDIiLCJfYXV0aF91c2VyX2JhY2tlbmQiOiJkamFuZ28uY29udHJpYi5hdXRoLmJhY2tlbmRzLk1vZGVsQmFja2VuZCIsIl9hdXRoX3VzZXJfaWQiOiI3NyJ9','2017-10-25 13:55:32.484748'),('3swf713zouacpsm6bwcuhndqmx6ro0wl','ZWExZjExNjkzYWE1M2ZjMmVjN2FmM2U1Mzk5ZTRkMTA1ODBlNDc0MDp7Il9hdXRoX3VzZXJfaGFzaCI6IjQzYjFkNmI0NGQ0MjgwZThlZmFkZjQ3YzY2Mzg1NzA5OGU0NDA1ZjQiLCJfYXV0aF91c2VyX2JhY2tlbmQiOiJkamFuZ28uY29udHJpYi5hdXRoLmJhY2tlbmRzLk1vZGVsQmFja2VuZCIsIl9hdXRoX3VzZXJfaWQiOiI1OCJ9','2017-10-18 14:09:01.976979'),('3zil7wvzzgblcmb06ljfvjll2ry13y87','YWI5YmQ5MjFlOGYwYjg0NDRkOTY5MTVkZGMxMGUwMjliMDViMjUzMzp7Il9hdXRoX3VzZXJfaGFzaCI6IjFiMDk1ODU3MDliOTRjYjlkN2FkNDMwZTJjYzFlNjE5ZWNiYTFiMjEiLCJfYXV0aF91c2VyX2JhY2tlbmQiOiJkamFuZ28uY29udHJpYi5hdXRoLmJhY2tlbmRzLk1vZGVsQmFja2VuZCIsIl9hdXRoX3VzZXJfaWQiOiI3MiJ9','2017-10-20 13:52:21.400764'),('40t32e5ww0hba6im1whppj4150wxa144','YWI5YmQ5MjFlOGYwYjg0NDRkOTY5MTVkZGMxMGUwMjliMDViMjUzMzp7Il9hdXRoX3VzZXJfaGFzaCI6IjFiMDk1ODU3MDliOTRjYjlkN2FkNDMwZTJjYzFlNjE5ZWNiYTFiMjEiLCJfYXV0aF91c2VyX2JhY2tlbmQiOiJkamFuZ28uY29udHJpYi5hdXRoLmJhY2tlbmRzLk1vZGVsQmFja2VuZCIsIl9hdXRoX3VzZXJfaWQiOiI3MiJ9','2017-10-23 13:47:41.050816'),('4183tdx3lg44skd05g9qgcepko4me21x','NDdjZTlhNmMyZjA0YjI4Y2Q0MGU4YjYwNTcwZDdlMWYyMGYwMDg3MTp7Il9hdXRoX3VzZXJfaGFzaCI6IjM5ZTI1MjgxZDIzOWEyNjQzNWQ0ZjE1ODZkZWVjODk0ZjI1OTNmYzQiLCJfYXV0aF91c2VyX2JhY2tlbmQiOiJkamFuZ28uY29udHJpYi5hdXRoLmJhY2tlbmRzLk1vZGVsQmFja2VuZCIsIl9hdXRoX3VzZXJfaWQiOiI0MiJ9','2017-10-25 13:31:48.239676'),('41r9iek6jm89xy9j3u3y74m36txcsy20','YWI5YmQ5MjFlOGYwYjg0NDRkOTY5MTVkZGMxMGUwMjliMDViMjUzMzp7Il9hdXRoX3VzZXJfaGFzaCI6IjFiMDk1ODU3MDliOTRjYjlkN2FkNDMwZTJjYzFlNjE5ZWNiYTFiMjEiLCJfYXV0aF91c2VyX2JhY2tlbmQiOiJkamFuZ28uY29udHJpYi5hdXRoLmJhY2tlbmRzLk1vZGVsQmFja2VuZCIsIl9hdXRoX3VzZXJfaWQiOiI3MiJ9','2017-10-20 13:50:59.899257'),('43026rjpcln5t3q58t1m15u9eeuw2vm2','NDdjZTlhNmMyZjA0YjI4Y2Q0MGU4YjYwNTcwZDdlMWYyMGYwMDg3MTp7Il9hdXRoX3VzZXJfaGFzaCI6IjM5ZTI1MjgxZDIzOWEyNjQzNWQ0ZjE1ODZkZWVjODk0ZjI1OTNmYzQiLCJfYXV0aF91c2VyX2JhY2tlbmQiOiJkamFuZ28uY29udHJpYi5hdXRoLmJhY2tlbmRzLk1vZGVsQmFja2VuZCIsIl9hdXRoX3VzZXJfaWQiOiI0MiJ9','2017-10-27 12:29:07.722733'),('4313bjpfvjub9916f7nql52gf6azi49a','YWI5YmQ5MjFlOGYwYjg0NDRkOTY5MTVkZGMxMGUwMjliMDViMjUzMzp7Il9hdXRoX3VzZXJfaGFzaCI6IjFiMDk1ODU3MDliOTRjYjlkN2FkNDMwZTJjYzFlNjE5ZWNiYTFiMjEiLCJfYXV0aF91c2VyX2JhY2tlbmQiOiJkamFuZ28uY29udHJpYi5hdXRoLmJhY2tlbmRzLk1vZGVsQmFja2VuZCIsIl9hdXRoX3VzZXJfaWQiOiI3MiJ9','2017-10-23 13:57:31.670926'),('46nymo4ch7y0ulzon5c8obcdxp4788dq','YmMxMGJhZjU1MzhiOTIzOGI1OTcyZDU2YWY4MmVmYjg1Y2ViYzExODp7Il9hdXRoX3VzZXJfaGFzaCI6ImQ1YzRiYzVjZGJjODVlODFjZmEwYzg1NTY1YTUyYmNlOGI2YTg1ZmQiLCJfYXV0aF91c2VyX2JhY2tlbmQiOiJkamFuZ28uY29udHJpYi5hdXRoLmJhY2tlbmRzLk1vZGVsQmFja2VuZCIsIl9hdXRoX3VzZXJfaWQiOiIxIn0=','2017-10-12 06:52:26.906589'),('48heei7yigudy6aimlab56h5srhpzlee','NDhmNzEzMGM1Y2Y0ZjU3NGVhNjlhYTYzMGY4ODNkYzczYzUwNWI4MTp7Il9hdXRoX3VzZXJfaGFzaCI6IjdlYzQ2MzMxYjJhNGY5MDBkMWY3OGUzNmU0MTBkYzA1N2EzMjliMDIiLCJfYXV0aF91c2VyX2JhY2tlbmQiOiJkamFuZ28uY29udHJpYi5hdXRoLmJhY2tlbmRzLk1vZGVsQmFja2VuZCIsIl9hdXRoX3VzZXJfaWQiOiI3NyJ9','2017-10-27 05:40:06.400474'),('48l0v50hjiqsezmq6ytujkjmglqy560s','NDdjZTlhNmMyZjA0YjI4Y2Q0MGU4YjYwNTcwZDdlMWYyMGYwMDg3MTp7Il9hdXRoX3VzZXJfaGFzaCI6IjM5ZTI1MjgxZDIzOWEyNjQzNWQ0ZjE1ODZkZWVjODk0ZjI1OTNmYzQiLCJfYXV0aF91c2VyX2JhY2tlbmQiOiJkamFuZ28uY29udHJpYi5hdXRoLmJhY2tlbmRzLk1vZGVsQmFja2VuZCIsIl9hdXRoX3VzZXJfaWQiOiI0MiJ9','2017-10-25 11:58:53.771006'),('4aowjr22ra2okimggon4mlz0adrnl53u','ZWExZjExNjkzYWE1M2ZjMmVjN2FmM2U1Mzk5ZTRkMTA1ODBlNDc0MDp7Il9hdXRoX3VzZXJfaGFzaCI6IjQzYjFkNmI0NGQ0MjgwZThlZmFkZjQ3YzY2Mzg1NzA5OGU0NDA1ZjQiLCJfYXV0aF91c2VyX2JhY2tlbmQiOiJkamFuZ28uY29udHJpYi5hdXRoLmJhY2tlbmRzLk1vZGVsQmFja2VuZCIsIl9hdXRoX3VzZXJfaWQiOiI1OCJ9','2017-10-19 12:07:10.555863'),('4dnendoufb19kk049exyq5fqs6n1yd4e','YWI5YmQ5MjFlOGYwYjg0NDRkOTY5MTVkZGMxMGUwMjliMDViMjUzMzp7Il9hdXRoX3VzZXJfaGFzaCI6IjFiMDk1ODU3MDliOTRjYjlkN2FkNDMwZTJjYzFlNjE5ZWNiYTFiMjEiLCJfYXV0aF91c2VyX2JhY2tlbmQiOiJkamFuZ28uY29udHJpYi5hdXRoLmJhY2tlbmRzLk1vZGVsQmFja2VuZCIsIl9hdXRoX3VzZXJfaWQiOiI3MiJ9','2017-10-23 12:47:45.005694'),('4efp0aphypulrza6rsmqnl8xohjvv4im','YWI5YmQ5MjFlOGYwYjg0NDRkOTY5MTVkZGMxMGUwMjliMDViMjUzMzp7Il9hdXRoX3VzZXJfaGFzaCI6IjFiMDk1ODU3MDliOTRjYjlkN2FkNDMwZTJjYzFlNjE5ZWNiYTFiMjEiLCJfYXV0aF91c2VyX2JhY2tlbmQiOiJkamFuZ28uY29udHJpYi5hdXRoLmJhY2tlbmRzLk1vZGVsQmFja2VuZCIsIl9hdXRoX3VzZXJfaWQiOiI3MiJ9','2017-10-23 06:28:22.353362'),('4ibxj7kvi8l4qlqtompacwdegm21sphy','YWI5YmQ5MjFlOGYwYjg0NDRkOTY5MTVkZGMxMGUwMjliMDViMjUzMzp7Il9hdXRoX3VzZXJfaGFzaCI6IjFiMDk1ODU3MDliOTRjYjlkN2FkNDMwZTJjYzFlNjE5ZWNiYTFiMjEiLCJfYXV0aF91c2VyX2JhY2tlbmQiOiJkamFuZ28uY29udHJpYi5hdXRoLmJhY2tlbmRzLk1vZGVsQmFja2VuZCIsIl9hdXRoX3VzZXJfaWQiOiI3MiJ9','2017-10-23 10:33:53.459104'),('4ijrsqg7emvn08s1541xsvfgyrs2jvvo','YWI5YmQ5MjFlOGYwYjg0NDRkOTY5MTVkZGMxMGUwMjliMDViMjUzMzp7Il9hdXRoX3VzZXJfaGFzaCI6IjFiMDk1ODU3MDliOTRjYjlkN2FkNDMwZTJjYzFlNjE5ZWNiYTFiMjEiLCJfYXV0aF91c2VyX2JhY2tlbmQiOiJkamFuZ28uY29udHJpYi5hdXRoLmJhY2tlbmRzLk1vZGVsQmFja2VuZCIsIl9hdXRoX3VzZXJfaWQiOiI3MiJ9','2017-10-23 13:10:12.863913'),('4mjqkiplorwvcz34txdytubf0g6p09oi','NDhmNzEzMGM1Y2Y0ZjU3NGVhNjlhYTYzMGY4ODNkYzczYzUwNWI4MTp7Il9hdXRoX3VzZXJfaGFzaCI6IjdlYzQ2MzMxYjJhNGY5MDBkMWY3OGUzNmU0MTBkYzA1N2EzMjliMDIiLCJfYXV0aF91c2VyX2JhY2tlbmQiOiJkamFuZ28uY29udHJpYi5hdXRoLmJhY2tlbmRzLk1vZGVsQmFja2VuZCIsIl9hdXRoX3VzZXJfaWQiOiI3NyJ9','2017-10-30 07:28:33.091686'),('4napvk0f7eqwyrpuleiu2ben7mskk3hh','NDdjZTlhNmMyZjA0YjI4Y2Q0MGU4YjYwNTcwZDdlMWYyMGYwMDg3MTp7Il9hdXRoX3VzZXJfaGFzaCI6IjM5ZTI1MjgxZDIzOWEyNjQzNWQ0ZjE1ODZkZWVjODk0ZjI1OTNmYzQiLCJfYXV0aF91c2VyX2JhY2tlbmQiOiJkamFuZ28uY29udHJpYi5hdXRoLmJhY2tlbmRzLk1vZGVsQmFja2VuZCIsIl9hdXRoX3VzZXJfaWQiOiI0MiJ9','2017-10-25 13:40:07.136989'),('4repx37aajfe61g4azqps2co3u69ri8p','ZWExZjExNjkzYWE1M2ZjMmVjN2FmM2U1Mzk5ZTRkMTA1ODBlNDc0MDp7Il9hdXRoX3VzZXJfaGFzaCI6IjQzYjFkNmI0NGQ0MjgwZThlZmFkZjQ3YzY2Mzg1NzA5OGU0NDA1ZjQiLCJfYXV0aF91c2VyX2JhY2tlbmQiOiJkamFuZ28uY29udHJpYi5hdXRoLmJhY2tlbmRzLk1vZGVsQmFja2VuZCIsIl9hdXRoX3VzZXJfaWQiOiI1OCJ9','2017-10-18 14:28:28.354608'),('4unc356t0dv2guf2ad2ahv1esfqjdux2','NDhmNzEzMGM1Y2Y0ZjU3NGVhNjlhYTYzMGY4ODNkYzczYzUwNWI4MTp7Il9hdXRoX3VzZXJfaGFzaCI6IjdlYzQ2MzMxYjJhNGY5MDBkMWY3OGUzNmU0MTBkYzA1N2EzMjliMDIiLCJfYXV0aF91c2VyX2JhY2tlbmQiOiJkamFuZ28uY29udHJpYi5hdXRoLmJhY2tlbmRzLk1vZGVsQmFja2VuZCIsIl9hdXRoX3VzZXJfaWQiOiI3NyJ9','2017-10-27 12:46:55.531734'),('4vef199t4l4pevklr2113dff588f5ggh','ZWExZjExNjkzYWE1M2ZjMmVjN2FmM2U1Mzk5ZTRkMTA1ODBlNDc0MDp7Il9hdXRoX3VzZXJfaGFzaCI6IjQzYjFkNmI0NGQ0MjgwZThlZmFkZjQ3YzY2Mzg1NzA5OGU0NDA1ZjQiLCJfYXV0aF91c2VyX2JhY2tlbmQiOiJkamFuZ28uY29udHJpYi5hdXRoLmJhY2tlbmRzLk1vZGVsQmFja2VuZCIsIl9hdXRoX3VzZXJfaWQiOiI1OCJ9','2017-10-19 10:31:11.522243'),('4vk1r2lkd8giq05xi3sad46enha95xy9','NDhmNzEzMGM1Y2Y0ZjU3NGVhNjlhYTYzMGY4ODNkYzczYzUwNWI4MTp7Il9hdXRoX3VzZXJfaGFzaCI6IjdlYzQ2MzMxYjJhNGY5MDBkMWY3OGUzNmU0MTBkYzA1N2EzMjliMDIiLCJfYXV0aF91c2VyX2JhY2tlbmQiOiJkamFuZ28uY29udHJpYi5hdXRoLmJhY2tlbmRzLk1vZGVsQmFja2VuZCIsIl9hdXRoX3VzZXJfaWQiOiI3NyJ9','2017-10-25 13:04:51.721614'),('4zz0if4ohsurqz7ebod4jcdgpfft09kq','NDhmNzEzMGM1Y2Y0ZjU3NGVhNjlhYTYzMGY4ODNkYzczYzUwNWI4MTp7Il9hdXRoX3VzZXJfaGFzaCI6IjdlYzQ2MzMxYjJhNGY5MDBkMWY3OGUzNmU0MTBkYzA1N2EzMjliMDIiLCJfYXV0aF91c2VyX2JhY2tlbmQiOiJkamFuZ28uY29udHJpYi5hdXRoLmJhY2tlbmRzLk1vZGVsQmFja2VuZCIsIl9hdXRoX3VzZXJfaWQiOiI3NyJ9','2017-10-27 12:48:36.076580'),('5359ixots9e70if5ra8mbnfnjqf8knpp','NDhmNzEzMGM1Y2Y0ZjU3NGVhNjlhYTYzMGY4ODNkYzczYzUwNWI4MTp7Il9hdXRoX3VzZXJfaGFzaCI6IjdlYzQ2MzMxYjJhNGY5MDBkMWY3OGUzNmU0MTBkYzA1N2EzMjliMDIiLCJfYXV0aF91c2VyX2JhY2tlbmQiOiJkamFuZ28uY29udHJpYi5hdXRoLmJhY2tlbmRzLk1vZGVsQmFja2VuZCIsIl9hdXRoX3VzZXJfaWQiOiI3NyJ9','2017-10-26 09:30:12.994088'),('57f04vmukp6s3fnok9kfkhhg72q0qyiq','NDdjZTlhNmMyZjA0YjI4Y2Q0MGU4YjYwNTcwZDdlMWYyMGYwMDg3MTp7Il9hdXRoX3VzZXJfaGFzaCI6IjM5ZTI1MjgxZDIzOWEyNjQzNWQ0ZjE1ODZkZWVjODk0ZjI1OTNmYzQiLCJfYXV0aF91c2VyX2JhY2tlbmQiOiJkamFuZ28uY29udHJpYi5hdXRoLmJhY2tlbmRzLk1vZGVsQmFja2VuZCIsIl9hdXRoX3VzZXJfaWQiOiI0MiJ9','2017-10-25 12:10:55.009969'),('5ecqizug6zb0yixc7oybxarbsuot9tdy','NDdjZTlhNmMyZjA0YjI4Y2Q0MGU4YjYwNTcwZDdlMWYyMGYwMDg3MTp7Il9hdXRoX3VzZXJfaGFzaCI6IjM5ZTI1MjgxZDIzOWEyNjQzNWQ0ZjE1ODZkZWVjODk0ZjI1OTNmYzQiLCJfYXV0aF91c2VyX2JhY2tlbmQiOiJkamFuZ28uY29udHJpYi5hdXRoLmJhY2tlbmRzLk1vZGVsQmFja2VuZCIsIl9hdXRoX3VzZXJfaWQiOiI0MiJ9','2017-10-20 13:12:31.797008'),('5fz9vu60m776olwju9durnvem29rnvvb','YmMxMGJhZjU1MzhiOTIzOGI1OTcyZDU2YWY4MmVmYjg1Y2ViYzExODp7Il9hdXRoX3VzZXJfaGFzaCI6ImQ1YzRiYzVjZGJjODVlODFjZmEwYzg1NTY1YTUyYmNlOGI2YTg1ZmQiLCJfYXV0aF91c2VyX2JhY2tlbmQiOiJkamFuZ28uY29udHJpYi5hdXRoLmJhY2tlbmRzLk1vZGVsQmFja2VuZCIsIl9hdXRoX3VzZXJfaWQiOiIxIn0=','2017-10-13 07:28:32.071238'),('5hypaa8gif1yot4b7yxumguun94nofyq','YWI5YmQ5MjFlOGYwYjg0NDRkOTY5MTVkZGMxMGUwMjliMDViMjUzMzp7Il9hdXRoX3VzZXJfaGFzaCI6IjFiMDk1ODU3MDliOTRjYjlkN2FkNDMwZTJjYzFlNjE5ZWNiYTFiMjEiLCJfYXV0aF91c2VyX2JhY2tlbmQiOiJkamFuZ28uY29udHJpYi5hdXRoLmJhY2tlbmRzLk1vZGVsQmFja2VuZCIsIl9hdXRoX3VzZXJfaWQiOiI3MiJ9','2017-10-23 14:02:38.091620'),('5mge84g6wh89nfagi1aafnoh7tqmbg6r','YWI5YmQ5MjFlOGYwYjg0NDRkOTY5MTVkZGMxMGUwMjliMDViMjUzMzp7Il9hdXRoX3VzZXJfaGFzaCI6IjFiMDk1ODU3MDliOTRjYjlkN2FkNDMwZTJjYzFlNjE5ZWNiYTFiMjEiLCJfYXV0aF91c2VyX2JhY2tlbmQiOiJkamFuZ28uY29udHJpYi5hdXRoLmJhY2tlbmRzLk1vZGVsQmFja2VuZCIsIl9hdXRoX3VzZXJfaWQiOiI3MiJ9','2017-10-23 13:07:39.374008'),('5uvxcw95ghbed43s2mk6yi8aj7mzoq1c','ZDZhMGU3NGIxZGE1NWEzNjIxYTQ1MzA5OWVkMmI0Y2RmYThhOGQ2Zjp7Il9hdXRoX3VzZXJfaGFzaCI6ImViNjM3YjEwOGQ0ZTBhNTEwMGVkZGYzNTlkODdhNzk3M2RiZTUxN2EiLCJfYXV0aF91c2VyX2JhY2tlbmQiOiJkamFuZ28uY29udHJpYi5hdXRoLmJhY2tlbmRzLk1vZGVsQmFja2VuZCIsIl9hdXRoX3VzZXJfaWQiOiI1NiJ9','2017-10-17 14:12:50.807430'),('5w2nholo7zz7pxvohmfmhdk8j5v5mr3j','MGE3ZTQ0MGI2NDQ1NWZmOTI2OTFhMWE2MmM4MTY1ZDIzMTRlMzFmODp7Il9hdXRoX3VzZXJfaGFzaCI6IjUxMzQxMDg3MTVjMGJlYjk5OTY3YWJkMDZjNDY3NjliYjNmNTFjMWUiLCJfYXV0aF91c2VyX2JhY2tlbmQiOiJkamFuZ28uY29udHJpYi5hdXRoLmJhY2tlbmRzLk1vZGVsQmFja2VuZCIsIl9hdXRoX3VzZXJfaWQiOiI1NyJ9','2017-10-18 06:12:31.577466'),('5xovxmm738ntviyo16hh2b53ikxlauw7','NDdjZTlhNmMyZjA0YjI4Y2Q0MGU4YjYwNTcwZDdlMWYyMGYwMDg3MTp7Il9hdXRoX3VzZXJfaGFzaCI6IjM5ZTI1MjgxZDIzOWEyNjQzNWQ0ZjE1ODZkZWVjODk0ZjI1OTNmYzQiLCJfYXV0aF91c2VyX2JhY2tlbmQiOiJkamFuZ28uY29udHJpYi5hdXRoLmJhY2tlbmRzLk1vZGVsQmFja2VuZCIsIl9hdXRoX3VzZXJfaWQiOiI0MiJ9','2017-10-23 06:38:51.171502'),('60xu2o9i5ycee6dwq8idodxown811uif','YWI5YmQ5MjFlOGYwYjg0NDRkOTY5MTVkZGMxMGUwMjliMDViMjUzMzp7Il9hdXRoX3VzZXJfaGFzaCI6IjFiMDk1ODU3MDliOTRjYjlkN2FkNDMwZTJjYzFlNjE5ZWNiYTFiMjEiLCJfYXV0aF91c2VyX2JhY2tlbmQiOiJkamFuZ28uY29udHJpYi5hdXRoLmJhY2tlbmRzLk1vZGVsQmFja2VuZCIsIl9hdXRoX3VzZXJfaWQiOiI3MiJ9','2017-10-24 11:42:11.207758'),('62ltuc7ps227g9lhrp61fclfdmflws6v','NDdjZTlhNmMyZjA0YjI4Y2Q0MGU4YjYwNTcwZDdlMWYyMGYwMDg3MTp7Il9hdXRoX3VzZXJfaGFzaCI6IjM5ZTI1MjgxZDIzOWEyNjQzNWQ0ZjE1ODZkZWVjODk0ZjI1OTNmYzQiLCJfYXV0aF91c2VyX2JhY2tlbmQiOiJkamFuZ28uY29udHJpYi5hdXRoLmJhY2tlbmRzLk1vZGVsQmFja2VuZCIsIl9hdXRoX3VzZXJfaWQiOiI0MiJ9','2017-10-19 06:45:46.940540'),('63cdip3d28ifymeaido7vuc5b0omzna8','MGE3ZTQ0MGI2NDQ1NWZmOTI2OTFhMWE2MmM4MTY1ZDIzMTRlMzFmODp7Il9hdXRoX3VzZXJfaGFzaCI6IjUxMzQxMDg3MTVjMGJlYjk5OTY3YWJkMDZjNDY3NjliYjNmNTFjMWUiLCJfYXV0aF91c2VyX2JhY2tlbmQiOiJkamFuZ28uY29udHJpYi5hdXRoLmJhY2tlbmRzLk1vZGVsQmFja2VuZCIsIl9hdXRoX3VzZXJfaWQiOiI1NyJ9','2017-10-19 06:15:07.074928'),('63v9425q6scjax40bnsrk1y62t2ljxg0','MDhiODk4ZTE4YjZiOWJmZmE1Nzg3OTgwMTc0YjJhZWZiMWE0MjM1Mzp7Il9hdXRoX3VzZXJfaGFzaCI6IjJmOTM4ODA0NzVhYmRiZDAwMGE5OTRkMzQ0ZDU4MjIwMGUyNmFjYTgiLCJfYXV0aF91c2VyX2JhY2tlbmQiOiJkamFuZ28uY29udHJpYi5hdXRoLmJhY2tlbmRzLk1vZGVsQmFja2VuZCIsIl9hdXRoX3VzZXJfaWQiOiI3MSJ9','2017-10-19 12:34:31.499017'),('651d7dk3obmzcl3r9wqgov5iabgww3ra','NDdjZTlhNmMyZjA0YjI4Y2Q0MGU4YjYwNTcwZDdlMWYyMGYwMDg3MTp7Il9hdXRoX3VzZXJfaGFzaCI6IjM5ZTI1MjgxZDIzOWEyNjQzNWQ0ZjE1ODZkZWVjODk0ZjI1OTNmYzQiLCJfYXV0aF91c2VyX2JhY2tlbmQiOiJkamFuZ28uY29udHJpYi5hdXRoLmJhY2tlbmRzLk1vZGVsQmFja2VuZCIsIl9hdXRoX3VzZXJfaWQiOiI0MiJ9','2017-10-27 13:03:41.942565'),('69pprwwuxavnbn5c6tuvxjqfkt61n245','YmMxMGJhZjU1MzhiOTIzOGI1OTcyZDU2YWY4MmVmYjg1Y2ViYzExODp7Il9hdXRoX3VzZXJfaGFzaCI6ImQ1YzRiYzVjZGJjODVlODFjZmEwYzg1NTY1YTUyYmNlOGI2YTg1ZmQiLCJfYXV0aF91c2VyX2JhY2tlbmQiOiJkamFuZ28uY29udHJpYi5hdXRoLmJhY2tlbmRzLk1vZGVsQmFja2VuZCIsIl9hdXRoX3VzZXJfaWQiOiIxIn0=','2017-10-12 06:39:41.510130'),('6fdfqb8mv3vlreyyln7tldcrdb06d6kb','NDdjZTlhNmMyZjA0YjI4Y2Q0MGU4YjYwNTcwZDdlMWYyMGYwMDg3MTp7Il9hdXRoX3VzZXJfaGFzaCI6IjM5ZTI1MjgxZDIzOWEyNjQzNWQ0ZjE1ODZkZWVjODk0ZjI1OTNmYzQiLCJfYXV0aF91c2VyX2JhY2tlbmQiOiJkamFuZ28uY29udHJpYi5hdXRoLmJhY2tlbmRzLk1vZGVsQmFja2VuZCIsIl9hdXRoX3VzZXJfaWQiOiI0MiJ9','2017-10-17 14:17:54.928016'),('6i7f4p7co71rq4xc4kmgfw85r5xwflh0','NDhmNzEzMGM1Y2Y0ZjU3NGVhNjlhYTYzMGY4ODNkYzczYzUwNWI4MTp7Il9hdXRoX3VzZXJfaGFzaCI6IjdlYzQ2MzMxYjJhNGY5MDBkMWY3OGUzNmU0MTBkYzA1N2EzMjliMDIiLCJfYXV0aF91c2VyX2JhY2tlbmQiOiJkamFuZ28uY29udHJpYi5hdXRoLmJhY2tlbmRzLk1vZGVsQmFja2VuZCIsIl9hdXRoX3VzZXJfaWQiOiI3NyJ9','2017-10-25 10:56:34.833511'),('6i9j0jnss0wgxdzm7kcgh67bf1w84ajq','NDhmNzEzMGM1Y2Y0ZjU3NGVhNjlhYTYzMGY4ODNkYzczYzUwNWI4MTp7Il9hdXRoX3VzZXJfaGFzaCI6IjdlYzQ2MzMxYjJhNGY5MDBkMWY3OGUzNmU0MTBkYzA1N2EzMjliMDIiLCJfYXV0aF91c2VyX2JhY2tlbmQiOiJkamFuZ28uY29udHJpYi5hdXRoLmJhY2tlbmRzLk1vZGVsQmFja2VuZCIsIl9hdXRoX3VzZXJfaWQiOiI3NyJ9','2017-10-31 10:46:31.903397'),('6ihhzb8g71ynyxkd3o4rlq2trb3s7b72','YmMxMGJhZjU1MzhiOTIzOGI1OTcyZDU2YWY4MmVmYjg1Y2ViYzExODp7Il9hdXRoX3VzZXJfaGFzaCI6ImQ1YzRiYzVjZGJjODVlODFjZmEwYzg1NTY1YTUyYmNlOGI2YTg1ZmQiLCJfYXV0aF91c2VyX2JhY2tlbmQiOiJkamFuZ28uY29udHJpYi5hdXRoLmJhY2tlbmRzLk1vZGVsQmFja2VuZCIsIl9hdXRoX3VzZXJfaWQiOiIxIn0=','2017-10-12 09:36:26.445589'),('6l7rq6tm5ncngsw9n3e2xetpryku3bq5','MGE3ZTQ0MGI2NDQ1NWZmOTI2OTFhMWE2MmM4MTY1ZDIzMTRlMzFmODp7Il9hdXRoX3VzZXJfaGFzaCI6IjUxMzQxMDg3MTVjMGJlYjk5OTY3YWJkMDZjNDY3NjliYjNmNTFjMWUiLCJfYXV0aF91c2VyX2JhY2tlbmQiOiJkamFuZ28uY29udHJpYi5hdXRoLmJhY2tlbmRzLk1vZGVsQmFja2VuZCIsIl9hdXRoX3VzZXJfaWQiOiI1NyJ9','2017-10-18 12:58:37.178222'),('6m5lco3kxgwk5reygjj2r7tmxmgc6knq','NDhmNzEzMGM1Y2Y0ZjU3NGVhNjlhYTYzMGY4ODNkYzczYzUwNWI4MTp7Il9hdXRoX3VzZXJfaGFzaCI6IjdlYzQ2MzMxYjJhNGY5MDBkMWY3OGUzNmU0MTBkYzA1N2EzMjliMDIiLCJfYXV0aF91c2VyX2JhY2tlbmQiOiJkamFuZ28uY29udHJpYi5hdXRoLmJhY2tlbmRzLk1vZGVsQmFja2VuZCIsIl9hdXRoX3VzZXJfaWQiOiI3NyJ9','2017-10-25 12:04:03.491683'),('6msdxdninx81bzvcp6565a72th493kgo','MGE3ZTQ0MGI2NDQ1NWZmOTI2OTFhMWE2MmM4MTY1ZDIzMTRlMzFmODp7Il9hdXRoX3VzZXJfaGFzaCI6IjUxMzQxMDg3MTVjMGJlYjk5OTY3YWJkMDZjNDY3NjliYjNmNTFjMWUiLCJfYXV0aF91c2VyX2JhY2tlbmQiOiJkamFuZ28uY29udHJpYi5hdXRoLmJhY2tlbmRzLk1vZGVsQmFja2VuZCIsIl9hdXRoX3VzZXJfaWQiOiI1NyJ9','2017-10-18 07:06:03.972229'),('6mydd3qph8zg08rpjl3wd7r8njjbomc1','NDhmNzEzMGM1Y2Y0ZjU3NGVhNjlhYTYzMGY4ODNkYzczYzUwNWI4MTp7Il9hdXRoX3VzZXJfaGFzaCI6IjdlYzQ2MzMxYjJhNGY5MDBkMWY3OGUzNmU0MTBkYzA1N2EzMjliMDIiLCJfYXV0aF91c2VyX2JhY2tlbmQiOiJkamFuZ28uY29udHJpYi5hdXRoLmJhY2tlbmRzLk1vZGVsQmFja2VuZCIsIl9hdXRoX3VzZXJfaWQiOiI3NyJ9','2017-10-27 09:32:29.797526'),('6n7dz5qjk0wucrdz1h28ffeft8bj7ltb','YmMxMGJhZjU1MzhiOTIzOGI1OTcyZDU2YWY4MmVmYjg1Y2ViYzExODp7Il9hdXRoX3VzZXJfaGFzaCI6ImQ1YzRiYzVjZGJjODVlODFjZmEwYzg1NTY1YTUyYmNlOGI2YTg1ZmQiLCJfYXV0aF91c2VyX2JhY2tlbmQiOiJkamFuZ28uY29udHJpYi5hdXRoLmJhY2tlbmRzLk1vZGVsQmFja2VuZCIsIl9hdXRoX3VzZXJfaWQiOiIxIn0=','2017-10-17 04:25:31.289685'),('6oi10h408w222xl8ayxsnmrcj8297bjd','NDdjZTlhNmMyZjA0YjI4Y2Q0MGU4YjYwNTcwZDdlMWYyMGYwMDg3MTp7Il9hdXRoX3VzZXJfaGFzaCI6IjM5ZTI1MjgxZDIzOWEyNjQzNWQ0ZjE1ODZkZWVjODk0ZjI1OTNmYzQiLCJfYXV0aF91c2VyX2JhY2tlbmQiOiJkamFuZ28uY29udHJpYi5hdXRoLmJhY2tlbmRzLk1vZGVsQmFja2VuZCIsIl9hdXRoX3VzZXJfaWQiOiI0MiJ9','2017-10-27 12:46:39.987330'),('6oiusuc7zpxdnr9owfwav8k4n57zcjpf','MGE3ZTQ0MGI2NDQ1NWZmOTI2OTFhMWE2MmM4MTY1ZDIzMTRlMzFmODp7Il9hdXRoX3VzZXJfaGFzaCI6IjUxMzQxMDg3MTVjMGJlYjk5OTY3YWJkMDZjNDY3NjliYjNmNTFjMWUiLCJfYXV0aF91c2VyX2JhY2tlbmQiOiJkamFuZ28uY29udHJpYi5hdXRoLmJhY2tlbmRzLk1vZGVsQmFja2VuZCIsIl9hdXRoX3VzZXJfaWQiOiI1NyJ9','2017-10-19 06:04:30.205974'),('6oopus02ymz95arsyp9mx5dm5ct1ojcr','NDdjZTlhNmMyZjA0YjI4Y2Q0MGU4YjYwNTcwZDdlMWYyMGYwMDg3MTp7Il9hdXRoX3VzZXJfaGFzaCI6IjM5ZTI1MjgxZDIzOWEyNjQzNWQ0ZjE1ODZkZWVjODk0ZjI1OTNmYzQiLCJfYXV0aF91c2VyX2JhY2tlbmQiOiJkamFuZ28uY29udHJpYi5hdXRoLmJhY2tlbmRzLk1vZGVsQmFja2VuZCIsIl9hdXRoX3VzZXJfaWQiOiI0MiJ9','2017-10-24 13:15:29.973107'),('6pg4snb5uf4c26c7sa4t9t0pqd5xqp14','NDdjZTlhNmMyZjA0YjI4Y2Q0MGU4YjYwNTcwZDdlMWYyMGYwMDg3MTp7Il9hdXRoX3VzZXJfaGFzaCI6IjM5ZTI1MjgxZDIzOWEyNjQzNWQ0ZjE1ODZkZWVjODk0ZjI1OTNmYzQiLCJfYXV0aF91c2VyX2JhY2tlbmQiOiJkamFuZ28uY29udHJpYi5hdXRoLmJhY2tlbmRzLk1vZGVsQmFja2VuZCIsIl9hdXRoX3VzZXJfaWQiOiI0MiJ9','2017-10-17 13:43:25.314454'),('6r4nx6ltlxkehu4ol9ug76mt8h21oowg','NDhmNzEzMGM1Y2Y0ZjU3NGVhNjlhYTYzMGY4ODNkYzczYzUwNWI4MTp7Il9hdXRoX3VzZXJfaGFzaCI6IjdlYzQ2MzMxYjJhNGY5MDBkMWY3OGUzNmU0MTBkYzA1N2EzMjliMDIiLCJfYXV0aF91c2VyX2JhY2tlbmQiOiJkamFuZ28uY29udHJpYi5hdXRoLmJhY2tlbmRzLk1vZGVsQmFja2VuZCIsIl9hdXRoX3VzZXJfaWQiOiI3NyJ9','2017-10-31 12:54:20.632155'),('6rcz8xs36wlhixbkppi7icyj1me4kyex','YmMxMGJhZjU1MzhiOTIzOGI1OTcyZDU2YWY4MmVmYjg1Y2ViYzExODp7Il9hdXRoX3VzZXJfaGFzaCI6ImQ1YzRiYzVjZGJjODVlODFjZmEwYzg1NTY1YTUyYmNlOGI2YTg1ZmQiLCJfYXV0aF91c2VyX2JhY2tlbmQiOiJkamFuZ28uY29udHJpYi5hdXRoLmJhY2tlbmRzLk1vZGVsQmFja2VuZCIsIl9hdXRoX3VzZXJfaWQiOiIxIn0=','2017-10-12 09:38:18.087188'),('6wfbdqe2qjr1o0cipjb9nh8upe09ctxe','YWI5YmQ5MjFlOGYwYjg0NDRkOTY5MTVkZGMxMGUwMjliMDViMjUzMzp7Il9hdXRoX3VzZXJfaGFzaCI6IjFiMDk1ODU3MDliOTRjYjlkN2FkNDMwZTJjYzFlNjE5ZWNiYTFiMjEiLCJfYXV0aF91c2VyX2JhY2tlbmQiOiJkamFuZ28uY29udHJpYi5hdXRoLmJhY2tlbmRzLk1vZGVsQmFja2VuZCIsIl9hdXRoX3VzZXJfaWQiOiI3MiJ9','2017-10-24 11:34:39.804284'),('6x86tucehkxdgx9jtnqyhop55tz3sb8a','NDdjZTlhNmMyZjA0YjI4Y2Q0MGU4YjYwNTcwZDdlMWYyMGYwMDg3MTp7Il9hdXRoX3VzZXJfaGFzaCI6IjM5ZTI1MjgxZDIzOWEyNjQzNWQ0ZjE1ODZkZWVjODk0ZjI1OTNmYzQiLCJfYXV0aF91c2VyX2JhY2tlbmQiOiJkamFuZ28uY29udHJpYi5hdXRoLmJhY2tlbmRzLk1vZGVsQmFja2VuZCIsIl9hdXRoX3VzZXJfaWQiOiI0MiJ9','2017-10-27 12:17:19.497329'),('6yysnnnixg518j7afkfmh2wnejw36zwn','YmMxMGJhZjU1MzhiOTIzOGI1OTcyZDU2YWY4MmVmYjg1Y2ViYzExODp7Il9hdXRoX3VzZXJfaGFzaCI6ImQ1YzRiYzVjZGJjODVlODFjZmEwYzg1NTY1YTUyYmNlOGI2YTg1ZmQiLCJfYXV0aF91c2VyX2JhY2tlbmQiOiJkamFuZ28uY29udHJpYi5hdXRoLmJhY2tlbmRzLk1vZGVsQmFja2VuZCIsIl9hdXRoX3VzZXJfaWQiOiIxIn0=','2017-10-12 11:19:44.025591'),('6zpx1x7uj5nvyi4hj28o0g69nxouc756','YWI5YmQ5MjFlOGYwYjg0NDRkOTY5MTVkZGMxMGUwMjliMDViMjUzMzp7Il9hdXRoX3VzZXJfaGFzaCI6IjFiMDk1ODU3MDliOTRjYjlkN2FkNDMwZTJjYzFlNjE5ZWNiYTFiMjEiLCJfYXV0aF91c2VyX2JhY2tlbmQiOiJkamFuZ28uY29udHJpYi5hdXRoLmJhY2tlbmRzLk1vZGVsQmFja2VuZCIsIl9hdXRoX3VzZXJfaWQiOiI3MiJ9','2017-10-20 07:25:09.320437'),('701inm3pgk7w9t51jwgsgjiwt6bgi7gd','ZWExZjExNjkzYWE1M2ZjMmVjN2FmM2U1Mzk5ZTRkMTA1ODBlNDc0MDp7Il9hdXRoX3VzZXJfaGFzaCI6IjQzYjFkNmI0NGQ0MjgwZThlZmFkZjQ3YzY2Mzg1NzA5OGU0NDA1ZjQiLCJfYXV0aF91c2VyX2JhY2tlbmQiOiJkamFuZ28uY29udHJpYi5hdXRoLmJhY2tlbmRzLk1vZGVsQmFja2VuZCIsIl9hdXRoX3VzZXJfaWQiOiI1OCJ9','2017-10-19 11:11:12.429509'),('74d3gpphwxn9yq6ahxst8xwo9wxx6kfp','NDhmNzEzMGM1Y2Y0ZjU3NGVhNjlhYTYzMGY4ODNkYzczYzUwNWI4MTp7Il9hdXRoX3VzZXJfaGFzaCI6IjdlYzQ2MzMxYjJhNGY5MDBkMWY3OGUzNmU0MTBkYzA1N2EzMjliMDIiLCJfYXV0aF91c2VyX2JhY2tlbmQiOiJkamFuZ28uY29udHJpYi5hdXRoLmJhY2tlbmRzLk1vZGVsQmFja2VuZCIsIl9hdXRoX3VzZXJfaWQiOiI3NyJ9','2017-10-27 12:18:02.851189'),('77wvf3e5v985cikd9cceosnhkx8mij87','YmMxMGJhZjU1MzhiOTIzOGI1OTcyZDU2YWY4MmVmYjg1Y2ViYzExODp7Il9hdXRoX3VzZXJfaGFzaCI6ImQ1YzRiYzVjZGJjODVlODFjZmEwYzg1NTY1YTUyYmNlOGI2YTg1ZmQiLCJfYXV0aF91c2VyX2JhY2tlbmQiOiJkamFuZ28uY29udHJpYi5hdXRoLmJhY2tlbmRzLk1vZGVsQmFja2VuZCIsIl9hdXRoX3VzZXJfaWQiOiIxIn0=','2017-10-12 07:02:38.982087'),('7994xmoxnwjwjvqt61fk1nd7mxrwdgvi','YWI5YmQ5MjFlOGYwYjg0NDRkOTY5MTVkZGMxMGUwMjliMDViMjUzMzp7Il9hdXRoX3VzZXJfaGFzaCI6IjFiMDk1ODU3MDliOTRjYjlkN2FkNDMwZTJjYzFlNjE5ZWNiYTFiMjEiLCJfYXV0aF91c2VyX2JhY2tlbmQiOiJkamFuZ28uY29udHJpYi5hdXRoLmJhY2tlbmRzLk1vZGVsQmFja2VuZCIsIl9hdXRoX3VzZXJfaWQiOiI3MiJ9','2017-10-24 05:53:37.890252'),('7ac2pzgn4uxib1jva2j0w4lfo6d0cv9j','MGE3ZTQ0MGI2NDQ1NWZmOTI2OTFhMWE2MmM4MTY1ZDIzMTRlMzFmODp7Il9hdXRoX3VzZXJfaGFzaCI6IjUxMzQxMDg3MTVjMGJlYjk5OTY3YWJkMDZjNDY3NjliYjNmNTFjMWUiLCJfYXV0aF91c2VyX2JhY2tlbmQiOiJkamFuZ28uY29udHJpYi5hdXRoLmJhY2tlbmRzLk1vZGVsQmFja2VuZCIsIl9hdXRoX3VzZXJfaWQiOiI1NyJ9','2017-10-18 13:19:38.818993'),('7atmx8gwaowsxlrw3gfe20489kz1uloo','YmMxMGJhZjU1MzhiOTIzOGI1OTcyZDU2YWY4MmVmYjg1Y2ViYzExODp7Il9hdXRoX3VzZXJfaGFzaCI6ImQ1YzRiYzVjZGJjODVlODFjZmEwYzg1NTY1YTUyYmNlOGI2YTg1ZmQiLCJfYXV0aF91c2VyX2JhY2tlbmQiOiJkamFuZ28uY29udHJpYi5hdXRoLmJhY2tlbmRzLk1vZGVsQmFja2VuZCIsIl9hdXRoX3VzZXJfaWQiOiIxIn0=','2017-10-13 03:35:22.964174'),('7fglhz7uknm6chhahxd7bclc72orlpqd','YmMxMGJhZjU1MzhiOTIzOGI1OTcyZDU2YWY4MmVmYjg1Y2ViYzExODp7Il9hdXRoX3VzZXJfaGFzaCI6ImQ1YzRiYzVjZGJjODVlODFjZmEwYzg1NTY1YTUyYmNlOGI2YTg1ZmQiLCJfYXV0aF91c2VyX2JhY2tlbmQiOiJkamFuZ28uY29udHJpYi5hdXRoLmJhY2tlbmRzLk1vZGVsQmFja2VuZCIsIl9hdXRoX3VzZXJfaWQiOiIxIn0=','2017-10-11 06:43:12.690134'),('7fjf4dj7wom1a9anwzhdix0405zh4xlp','NDhmNzEzMGM1Y2Y0ZjU3NGVhNjlhYTYzMGY4ODNkYzczYzUwNWI4MTp7Il9hdXRoX3VzZXJfaGFzaCI6IjdlYzQ2MzMxYjJhNGY5MDBkMWY3OGUzNmU0MTBkYzA1N2EzMjliMDIiLCJfYXV0aF91c2VyX2JhY2tlbmQiOiJkamFuZ28uY29udHJpYi5hdXRoLmJhY2tlbmRzLk1vZGVsQmFja2VuZCIsIl9hdXRoX3VzZXJfaWQiOiI3NyJ9','2017-10-30 05:58:44.092817'),('7j3b1fr9dq9k2xm2p04ebprcbni4zff7','YWI5YmQ5MjFlOGYwYjg0NDRkOTY5MTVkZGMxMGUwMjliMDViMjUzMzp7Il9hdXRoX3VzZXJfaGFzaCI6IjFiMDk1ODU3MDliOTRjYjlkN2FkNDMwZTJjYzFlNjE5ZWNiYTFiMjEiLCJfYXV0aF91c2VyX2JhY2tlbmQiOiJkamFuZ28uY29udHJpYi5hdXRoLmJhY2tlbmRzLk1vZGVsQmFja2VuZCIsIl9hdXRoX3VzZXJfaWQiOiI3MiJ9','2017-10-23 10:06:13.314152'),('7jfkp58efqp2o1btjg4ccq0d2ixn82zi','YmMxMGJhZjU1MzhiOTIzOGI1OTcyZDU2YWY4MmVmYjg1Y2ViYzExODp7Il9hdXRoX3VzZXJfaGFzaCI6ImQ1YzRiYzVjZGJjODVlODFjZmEwYzg1NTY1YTUyYmNlOGI2YTg1ZmQiLCJfYXV0aF91c2VyX2JhY2tlbmQiOiJkamFuZ28uY29udHJpYi5hdXRoLmJhY2tlbmRzLk1vZGVsQmFja2VuZCIsIl9hdXRoX3VzZXJfaWQiOiIxIn0=','2017-10-11 07:21:36.615371'),('7qf439nav93gcyp8d4qoccbfpzidz5ly','NDdjZTlhNmMyZjA0YjI4Y2Q0MGU4YjYwNTcwZDdlMWYyMGYwMDg3MTp7Il9hdXRoX3VzZXJfaGFzaCI6IjM5ZTI1MjgxZDIzOWEyNjQzNWQ0ZjE1ODZkZWVjODk0ZjI1OTNmYzQiLCJfYXV0aF91c2VyX2JhY2tlbmQiOiJkamFuZ28uY29udHJpYi5hdXRoLmJhY2tlbmRzLk1vZGVsQmFja2VuZCIsIl9hdXRoX3VzZXJfaWQiOiI0MiJ9','2017-10-26 05:05:00.136888'),('7qh00k9r9zlo1q2auos8u9dxj9bze89x','YWI5YmQ5MjFlOGYwYjg0NDRkOTY5MTVkZGMxMGUwMjliMDViMjUzMzp7Il9hdXRoX3VzZXJfaGFzaCI6IjFiMDk1ODU3MDliOTRjYjlkN2FkNDMwZTJjYzFlNjE5ZWNiYTFiMjEiLCJfYXV0aF91c2VyX2JhY2tlbmQiOiJkamFuZ28uY29udHJpYi5hdXRoLmJhY2tlbmRzLk1vZGVsQmFja2VuZCIsIl9hdXRoX3VzZXJfaWQiOiI3MiJ9','2017-10-25 10:25:51.968278'),('7t8royj0bvegmk6rrd0v7uf0gfmwgvpd','MGE3ZTQ0MGI2NDQ1NWZmOTI2OTFhMWE2MmM4MTY1ZDIzMTRlMzFmODp7Il9hdXRoX3VzZXJfaGFzaCI6IjUxMzQxMDg3MTVjMGJlYjk5OTY3YWJkMDZjNDY3NjliYjNmNTFjMWUiLCJfYXV0aF91c2VyX2JhY2tlbmQiOiJkamFuZ28uY29udHJpYi5hdXRoLmJhY2tlbmRzLk1vZGVsQmFja2VuZCIsIl9hdXRoX3VzZXJfaWQiOiI1NyJ9','2017-10-18 14:28:58.782810'),('7tkpzc7zmpe5i05trwkygde36pyhlhbg','YmMxMGJhZjU1MzhiOTIzOGI1OTcyZDU2YWY4MmVmYjg1Y2ViYzExODp7Il9hdXRoX3VzZXJfaGFzaCI6ImQ1YzRiYzVjZGJjODVlODFjZmEwYzg1NTY1YTUyYmNlOGI2YTg1ZmQiLCJfYXV0aF91c2VyX2JhY2tlbmQiOiJkamFuZ28uY29udHJpYi5hdXRoLmJhY2tlbmRzLk1vZGVsQmFja2VuZCIsIl9hdXRoX3VzZXJfaWQiOiIxIn0=','2017-10-11 10:20:05.112482'),('8bhoibg9bbqg4ad5nsqbtjzusnc465s8','YmMxMGJhZjU1MzhiOTIzOGI1OTcyZDU2YWY4MmVmYjg1Y2ViYzExODp7Il9hdXRoX3VzZXJfaGFzaCI6ImQ1YzRiYzVjZGJjODVlODFjZmEwYzg1NTY1YTUyYmNlOGI2YTg1ZmQiLCJfYXV0aF91c2VyX2JhY2tlbmQiOiJkamFuZ28uY29udHJpYi5hdXRoLmJhY2tlbmRzLk1vZGVsQmFja2VuZCIsIl9hdXRoX3VzZXJfaWQiOiIxIn0=','2017-10-13 06:43:39.924008'),('8d0f4jt8bctb7wu7lv3wmjlmmf0zl3y7','YmMxMGJhZjU1MzhiOTIzOGI1OTcyZDU2YWY4MmVmYjg1Y2ViYzExODp7Il9hdXRoX3VzZXJfaGFzaCI6ImQ1YzRiYzVjZGJjODVlODFjZmEwYzg1NTY1YTUyYmNlOGI2YTg1ZmQiLCJfYXV0aF91c2VyX2JhY2tlbmQiOiJkamFuZ28uY29udHJpYi5hdXRoLmJhY2tlbmRzLk1vZGVsQmFja2VuZCIsIl9hdXRoX3VzZXJfaWQiOiIxIn0=','2017-10-13 06:46:26.738952'),('8ebe1sfj5g94fpzltc7bsjh3dudl5ni6','YWI5YmQ5MjFlOGYwYjg0NDRkOTY5MTVkZGMxMGUwMjliMDViMjUzMzp7Il9hdXRoX3VzZXJfaGFzaCI6IjFiMDk1ODU3MDliOTRjYjlkN2FkNDMwZTJjYzFlNjE5ZWNiYTFiMjEiLCJfYXV0aF91c2VyX2JhY2tlbmQiOiJkamFuZ28uY29udHJpYi5hdXRoLmJhY2tlbmRzLk1vZGVsQmFja2VuZCIsIl9hdXRoX3VzZXJfaWQiOiI3MiJ9','2017-10-23 14:39:55.665477'),('8ebj2i2qclkzxemhzbv58ja61yopvp8u','NDdjZTlhNmMyZjA0YjI4Y2Q0MGU4YjYwNTcwZDdlMWYyMGYwMDg3MTp7Il9hdXRoX3VzZXJfaGFzaCI6IjM5ZTI1MjgxZDIzOWEyNjQzNWQ0ZjE1ODZkZWVjODk0ZjI1OTNmYzQiLCJfYXV0aF91c2VyX2JhY2tlbmQiOiJkamFuZ28uY29udHJpYi5hdXRoLmJhY2tlbmRzLk1vZGVsQmFja2VuZCIsIl9hdXRoX3VzZXJfaWQiOiI0MiJ9','2017-10-27 05:37:57.797893'),('8jse5wf1jmrjb3vojlq1jtp6bs5r1ofb','MGE3ZTQ0MGI2NDQ1NWZmOTI2OTFhMWE2MmM4MTY1ZDIzMTRlMzFmODp7Il9hdXRoX3VzZXJfaGFzaCI6IjUxMzQxMDg3MTVjMGJlYjk5OTY3YWJkMDZjNDY3NjliYjNmNTFjMWUiLCJfYXV0aF91c2VyX2JhY2tlbmQiOiJkamFuZ28uY29udHJpYi5hdXRoLmJhY2tlbmRzLk1vZGVsQmFja2VuZCIsIl9hdXRoX3VzZXJfaWQiOiI1NyJ9','2017-10-18 10:48:53.926882'),('8k8m8tnky1f5y3nxp3c601dphfoez22l','YWI5YmQ5MjFlOGYwYjg0NDRkOTY5MTVkZGMxMGUwMjliMDViMjUzMzp7Il9hdXRoX3VzZXJfaGFzaCI6IjFiMDk1ODU3MDliOTRjYjlkN2FkNDMwZTJjYzFlNjE5ZWNiYTFiMjEiLCJfYXV0aF91c2VyX2JhY2tlbmQiOiJkamFuZ28uY29udHJpYi5hdXRoLmJhY2tlbmRzLk1vZGVsQmFja2VuZCIsIl9hdXRoX3VzZXJfaWQiOiI3MiJ9','2017-10-23 12:58:22.544928'),('8l21k90efw67uinysvxjwcsuo764dnez','MGE3ZTQ0MGI2NDQ1NWZmOTI2OTFhMWE2MmM4MTY1ZDIzMTRlMzFmODp7Il9hdXRoX3VzZXJfaGFzaCI6IjUxMzQxMDg3MTVjMGJlYjk5OTY3YWJkMDZjNDY3NjliYjNmNTFjMWUiLCJfYXV0aF91c2VyX2JhY2tlbmQiOiJkamFuZ28uY29udHJpYi5hdXRoLmJhY2tlbmRzLk1vZGVsQmFja2VuZCIsIl9hdXRoX3VzZXJfaWQiOiI1NyJ9','2017-10-18 06:56:32.865591'),('8m4i9ejnxwt7e949jx6hzgdjdvvv9fbh','ZjA1M2JlMTMwMTRmMzY5NTczNjdmZjg2NWU5MTg3OTA5OTQ2ZGMxNzp7Il9hdXRoX3VzZXJfaGFzaCI6IjFkOGI1Y2ZiODc3NTAxNWJiY2UyNjk1Njk0YzFlMjA1YjIyNGE4ZWEiLCJfYXV0aF91c2VyX2JhY2tlbmQiOiJkamFuZ28uY29udHJpYi5hdXRoLmJhY2tlbmRzLk1vZGVsQmFja2VuZCIsIl9hdXRoX3VzZXJfaWQiOiI4MiJ9','2017-10-30 11:59:34.049419'),('8pyfbc527ucbcst4gtust7grgtccuenx','NDdjZTlhNmMyZjA0YjI4Y2Q0MGU4YjYwNTcwZDdlMWYyMGYwMDg3MTp7Il9hdXRoX3VzZXJfaGFzaCI6IjM5ZTI1MjgxZDIzOWEyNjQzNWQ0ZjE1ODZkZWVjODk0ZjI1OTNmYzQiLCJfYXV0aF91c2VyX2JhY2tlbmQiOiJkamFuZ28uY29udHJpYi5hdXRoLmJhY2tlbmRzLk1vZGVsQmFja2VuZCIsIl9hdXRoX3VzZXJfaWQiOiI0MiJ9','2017-10-20 14:09:45.425233'),('8rbiwtihk2aox5hhrc4j1z7hwnieb4hi','ZWExZjExNjkzYWE1M2ZjMmVjN2FmM2U1Mzk5ZTRkMTA1ODBlNDc0MDp7Il9hdXRoX3VzZXJfaGFzaCI6IjQzYjFkNmI0NGQ0MjgwZThlZmFkZjQ3YzY2Mzg1NzA5OGU0NDA1ZjQiLCJfYXV0aF91c2VyX2JhY2tlbmQiOiJkamFuZ28uY29udHJpYi5hdXRoLmJhY2tlbmRzLk1vZGVsQmFja2VuZCIsIl9hdXRoX3VzZXJfaWQiOiI1OCJ9','2017-10-19 12:18:57.749736'),('8u59obn3obe30r7js3l2k6qi6w1aokbs','YmMxMGJhZjU1MzhiOTIzOGI1OTcyZDU2YWY4MmVmYjg1Y2ViYzExODp7Il9hdXRoX3VzZXJfaGFzaCI6ImQ1YzRiYzVjZGJjODVlODFjZmEwYzg1NTY1YTUyYmNlOGI2YTg1ZmQiLCJfYXV0aF91c2VyX2JhY2tlbmQiOiJkamFuZ28uY29udHJpYi5hdXRoLmJhY2tlbmRzLk1vZGVsQmFja2VuZCIsIl9hdXRoX3VzZXJfaWQiOiIxIn0=','2017-10-12 06:33:04.430743'),('8wop3ve8766mvdnagoh68s3o1mopwjn9','YWI5YmQ5MjFlOGYwYjg0NDRkOTY5MTVkZGMxMGUwMjliMDViMjUzMzp7Il9hdXRoX3VzZXJfaGFzaCI6IjFiMDk1ODU3MDliOTRjYjlkN2FkNDMwZTJjYzFlNjE5ZWNiYTFiMjEiLCJfYXV0aF91c2VyX2JhY2tlbmQiOiJkamFuZ28uY29udHJpYi5hdXRoLmJhY2tlbmRzLk1vZGVsQmFja2VuZCIsIl9hdXRoX3VzZXJfaWQiOiI3MiJ9','2017-10-24 12:31:31.070183'),('90v9iw8b9qq26skws55v90a01teav7my','YmMxMGJhZjU1MzhiOTIzOGI1OTcyZDU2YWY4MmVmYjg1Y2ViYzExODp7Il9hdXRoX3VzZXJfaGFzaCI6ImQ1YzRiYzVjZGJjODVlODFjZmEwYzg1NTY1YTUyYmNlOGI2YTg1ZmQiLCJfYXV0aF91c2VyX2JhY2tlbmQiOiJkamFuZ28uY29udHJpYi5hdXRoLmJhY2tlbmRzLk1vZGVsQmFja2VuZCIsIl9hdXRoX3VzZXJfaWQiOiIxIn0=','2017-10-13 07:16:24.239333'),('91thextn6klsq75rq3du5t9su40qrkku','NDdjZTlhNmMyZjA0YjI4Y2Q0MGU4YjYwNTcwZDdlMWYyMGYwMDg3MTp7Il9hdXRoX3VzZXJfaGFzaCI6IjM5ZTI1MjgxZDIzOWEyNjQzNWQ0ZjE1ODZkZWVjODk0ZjI1OTNmYzQiLCJfYXV0aF91c2VyX2JhY2tlbmQiOiJkamFuZ28uY29udHJpYi5hdXRoLmJhY2tlbmRzLk1vZGVsQmFja2VuZCIsIl9hdXRoX3VzZXJfaWQiOiI0MiJ9','2017-10-24 06:22:11.024484'),('91us2dmsr0qlbo0cjoc9grgmj4fdb81p','YmMxMGJhZjU1MzhiOTIzOGI1OTcyZDU2YWY4MmVmYjg1Y2ViYzExODp7Il9hdXRoX3VzZXJfaGFzaCI6ImQ1YzRiYzVjZGJjODVlODFjZmEwYzg1NTY1YTUyYmNlOGI2YTg1ZmQiLCJfYXV0aF91c2VyX2JhY2tlbmQiOiJkamFuZ28uY29udHJpYi5hdXRoLmJhY2tlbmRzLk1vZGVsQmFja2VuZCIsIl9hdXRoX3VzZXJfaWQiOiIxIn0=','2017-10-13 03:58:16.816598'),('92av3m6bahc7wovc0uveutgphhn8gzj1','NDdjZTlhNmMyZjA0YjI4Y2Q0MGU4YjYwNTcwZDdlMWYyMGYwMDg3MTp7Il9hdXRoX3VzZXJfaGFzaCI6IjM5ZTI1MjgxZDIzOWEyNjQzNWQ0ZjE1ODZkZWVjODk0ZjI1OTNmYzQiLCJfYXV0aF91c2VyX2JhY2tlbmQiOiJkamFuZ28uY29udHJpYi5hdXRoLmJhY2tlbmRzLk1vZGVsQmFja2VuZCIsIl9hdXRoX3VzZXJfaWQiOiI0MiJ9','2017-10-18 14:08:49.019986'),('94b9mj584m3kw3esl5jthkbkbbvmmmxv','NDhmNzEzMGM1Y2Y0ZjU3NGVhNjlhYTYzMGY4ODNkYzczYzUwNWI4MTp7Il9hdXRoX3VzZXJfaGFzaCI6IjdlYzQ2MzMxYjJhNGY5MDBkMWY3OGUzNmU0MTBkYzA1N2EzMjliMDIiLCJfYXV0aF91c2VyX2JhY2tlbmQiOiJkamFuZ28uY29udHJpYi5hdXRoLmJhY2tlbmRzLk1vZGVsQmFja2VuZCIsIl9hdXRoX3VzZXJfaWQiOiI3NyJ9','2017-10-27 07:06:38.108051'),('96swa7ci21zya8zi5tcbx8wt40pnaix0','YmMxMGJhZjU1MzhiOTIzOGI1OTcyZDU2YWY4MmVmYjg1Y2ViYzExODp7Il9hdXRoX3VzZXJfaGFzaCI6ImQ1YzRiYzVjZGJjODVlODFjZmEwYzg1NTY1YTUyYmNlOGI2YTg1ZmQiLCJfYXV0aF91c2VyX2JhY2tlbmQiOiJkamFuZ28uY29udHJpYi5hdXRoLmJhY2tlbmRzLk1vZGVsQmFja2VuZCIsIl9hdXRoX3VzZXJfaWQiOiIxIn0=','2017-10-12 09:29:53.693569'),('98777v357dtndzapck5lnstlcgnd7h4d','YmMxMGJhZjU1MzhiOTIzOGI1OTcyZDU2YWY4MmVmYjg1Y2ViYzExODp7Il9hdXRoX3VzZXJfaGFzaCI6ImQ1YzRiYzVjZGJjODVlODFjZmEwYzg1NTY1YTUyYmNlOGI2YTg1ZmQiLCJfYXV0aF91c2VyX2JhY2tlbmQiOiJkamFuZ28uY29udHJpYi5hdXRoLmJhY2tlbmRzLk1vZGVsQmFja2VuZCIsIl9hdXRoX3VzZXJfaWQiOiIxIn0=','2017-10-11 09:46:25.820508'),('9cqihkx579pi27px2ejgu0rivio2tkve','YmMxMGJhZjU1MzhiOTIzOGI1OTcyZDU2YWY4MmVmYjg1Y2ViYzExODp7Il9hdXRoX3VzZXJfaGFzaCI6ImQ1YzRiYzVjZGJjODVlODFjZmEwYzg1NTY1YTUyYmNlOGI2YTg1ZmQiLCJfYXV0aF91c2VyX2JhY2tlbmQiOiJkamFuZ28uY29udHJpYi5hdXRoLmJhY2tlbmRzLk1vZGVsQmFja2VuZCIsIl9hdXRoX3VzZXJfaWQiOiIxIn0=','2017-10-12 06:33:28.537742'),('9drf08srap1e28xgtiqubqbg4s1ojtn0','YmMxMGJhZjU1MzhiOTIzOGI1OTcyZDU2YWY4MmVmYjg1Y2ViYzExODp7Il9hdXRoX3VzZXJfaGFzaCI6ImQ1YzRiYzVjZGJjODVlODFjZmEwYzg1NTY1YTUyYmNlOGI2YTg1ZmQiLCJfYXV0aF91c2VyX2JhY2tlbmQiOiJkamFuZ28uY29udHJpYi5hdXRoLmJhY2tlbmRzLk1vZGVsQmFja2VuZCIsIl9hdXRoX3VzZXJfaWQiOiIxIn0=','2017-10-13 06:30:31.851324'),('9g1tzivmqejacn0fpium58d33etm75qi','YWI5YmQ5MjFlOGYwYjg0NDRkOTY5MTVkZGMxMGUwMjliMDViMjUzMzp7Il9hdXRoX3VzZXJfaGFzaCI6IjFiMDk1ODU3MDliOTRjYjlkN2FkNDMwZTJjYzFlNjE5ZWNiYTFiMjEiLCJfYXV0aF91c2VyX2JhY2tlbmQiOiJkamFuZ28uY29udHJpYi5hdXRoLmJhY2tlbmRzLk1vZGVsQmFja2VuZCIsIl9hdXRoX3VzZXJfaWQiOiI3MiJ9','2017-10-20 12:11:14.920836'),('9kcbq1gbc1rg4wpml7mq1zgz26ieuol4','ZDZhMGU3NGIxZGE1NWEzNjIxYTQ1MzA5OWVkMmI0Y2RmYThhOGQ2Zjp7Il9hdXRoX3VzZXJfaGFzaCI6ImViNjM3YjEwOGQ0ZTBhNTEwMGVkZGYzNTlkODdhNzk3M2RiZTUxN2EiLCJfYXV0aF91c2VyX2JhY2tlbmQiOiJkamFuZ28uY29udHJpYi5hdXRoLmJhY2tlbmRzLk1vZGVsQmFja2VuZCIsIl9hdXRoX3VzZXJfaWQiOiI1NiJ9','2017-10-17 14:05:24.735437'),('9kuv3vvof0ccm9cwq8y1f9nia9h4go44','YmMxMGJhZjU1MzhiOTIzOGI1OTcyZDU2YWY4MmVmYjg1Y2ViYzExODp7Il9hdXRoX3VzZXJfaGFzaCI6ImQ1YzRiYzVjZGJjODVlODFjZmEwYzg1NTY1YTUyYmNlOGI2YTg1ZmQiLCJfYXV0aF91c2VyX2JhY2tlbmQiOiJkamFuZ28uY29udHJpYi5hdXRoLmJhY2tlbmRzLk1vZGVsQmFja2VuZCIsIl9hdXRoX3VzZXJfaWQiOiIxIn0=','2017-10-12 08:28:03.491365'),('9pmfr0kl0i6p2hu8qa0accdf46scciis','ZWExZjExNjkzYWE1M2ZjMmVjN2FmM2U1Mzk5ZTRkMTA1ODBlNDc0MDp7Il9hdXRoX3VzZXJfaGFzaCI6IjQzYjFkNmI0NGQ0MjgwZThlZmFkZjQ3YzY2Mzg1NzA5OGU0NDA1ZjQiLCJfYXV0aF91c2VyX2JhY2tlbmQiOiJkamFuZ28uY29udHJpYi5hdXRoLmJhY2tlbmRzLk1vZGVsQmFja2VuZCIsIl9hdXRoX3VzZXJfaWQiOiI1OCJ9','2017-10-19 11:52:57.209260'),('9qy2lflovg97scdu6mox52cga378ciw6','MGE3ZTQ0MGI2NDQ1NWZmOTI2OTFhMWE2MmM4MTY1ZDIzMTRlMzFmODp7Il9hdXRoX3VzZXJfaGFzaCI6IjUxMzQxMDg3MTVjMGJlYjk5OTY3YWJkMDZjNDY3NjliYjNmNTFjMWUiLCJfYXV0aF91c2VyX2JhY2tlbmQiOiJkamFuZ28uY29udHJpYi5hdXRoLmJhY2tlbmRzLk1vZGVsQmFja2VuZCIsIl9hdXRoX3VzZXJfaWQiOiI1NyJ9','2017-10-18 11:36:03.074381'),('9s6k2fg52zd48snucooujg613ok1b1e7','NDdjZTlhNmMyZjA0YjI4Y2Q0MGU4YjYwNTcwZDdlMWYyMGYwMDg3MTp7Il9hdXRoX3VzZXJfaGFzaCI6IjM5ZTI1MjgxZDIzOWEyNjQzNWQ0ZjE1ODZkZWVjODk0ZjI1OTNmYzQiLCJfYXV0aF91c2VyX2JhY2tlbmQiOiJkamFuZ28uY29udHJpYi5hdXRoLmJhY2tlbmRzLk1vZGVsQmFja2VuZCIsIl9hdXRoX3VzZXJfaWQiOiI0MiJ9','2017-10-19 13:07:30.248484'),('9v0a5u3sv2ysmok23b7qhgkbqokehrrj','MGE3ZTQ0MGI2NDQ1NWZmOTI2OTFhMWE2MmM4MTY1ZDIzMTRlMzFmODp7Il9hdXRoX3VzZXJfaGFzaCI6IjUxMzQxMDg3MTVjMGJlYjk5OTY3YWJkMDZjNDY3NjliYjNmNTFjMWUiLCJfYXV0aF91c2VyX2JhY2tlbmQiOiJkamFuZ28uY29udHJpYi5hdXRoLmJhY2tlbmRzLk1vZGVsQmFja2VuZCIsIl9hdXRoX3VzZXJfaWQiOiI1NyJ9','2017-10-18 13:46:33.863153'),('9yag0yn15zxbtvo56ihgwqn3dt8ak6vh','MGE3ZTQ0MGI2NDQ1NWZmOTI2OTFhMWE2MmM4MTY1ZDIzMTRlMzFmODp7Il9hdXRoX3VzZXJfaGFzaCI6IjUxMzQxMDg3MTVjMGJlYjk5OTY3YWJkMDZjNDY3NjliYjNmNTFjMWUiLCJfYXV0aF91c2VyX2JhY2tlbmQiOiJkamFuZ28uY29udHJpYi5hdXRoLmJhY2tlbmRzLk1vZGVsQmFja2VuZCIsIl9hdXRoX3VzZXJfaWQiOiI1NyJ9','2017-10-19 06:14:32.875937'),('a0h4hlpbv30mku0lbtnj5l4edmhjuwnz','MGE3ZTQ0MGI2NDQ1NWZmOTI2OTFhMWE2MmM4MTY1ZDIzMTRlMzFmODp7Il9hdXRoX3VzZXJfaGFzaCI6IjUxMzQxMDg3MTVjMGJlYjk5OTY3YWJkMDZjNDY3NjliYjNmNTFjMWUiLCJfYXV0aF91c2VyX2JhY2tlbmQiOiJkamFuZ28uY29udHJpYi5hdXRoLmJhY2tlbmRzLk1vZGVsQmFja2VuZCIsIl9hdXRoX3VzZXJfaWQiOiI1NyJ9','2017-10-18 11:33:35.034230'),('a0mpjorlzpn7vkd2z86km109h55cd20i','NDhmNzEzMGM1Y2Y0ZjU3NGVhNjlhYTYzMGY4ODNkYzczYzUwNWI4MTp7Il9hdXRoX3VzZXJfaGFzaCI6IjdlYzQ2MzMxYjJhNGY5MDBkMWY3OGUzNmU0MTBkYzA1N2EzMjliMDIiLCJfYXV0aF91c2VyX2JhY2tlbmQiOiJkamFuZ28uY29udHJpYi5hdXRoLmJhY2tlbmRzLk1vZGVsQmFja2VuZCIsIl9hdXRoX3VzZXJfaWQiOiI3NyJ9','2017-10-25 12:29:37.855211'),('a22vqhzaoiodu38sj8re89kloqekcd56','YWI5YmQ5MjFlOGYwYjg0NDRkOTY5MTVkZGMxMGUwMjliMDViMjUzMzp7Il9hdXRoX3VzZXJfaGFzaCI6IjFiMDk1ODU3MDliOTRjYjlkN2FkNDMwZTJjYzFlNjE5ZWNiYTFiMjEiLCJfYXV0aF91c2VyX2JhY2tlbmQiOiJkamFuZ28uY29udHJpYi5hdXRoLmJhY2tlbmRzLk1vZGVsQmFja2VuZCIsIl9hdXRoX3VzZXJfaWQiOiI3MiJ9','2017-10-20 13:48:22.345553'),('a4wpf0xrg0cd0jlfxx4p0fflywfi40ou','YWI5YmQ5MjFlOGYwYjg0NDRkOTY5MTVkZGMxMGUwMjliMDViMjUzMzp7Il9hdXRoX3VzZXJfaGFzaCI6IjFiMDk1ODU3MDliOTRjYjlkN2FkNDMwZTJjYzFlNjE5ZWNiYTFiMjEiLCJfYXV0aF91c2VyX2JhY2tlbmQiOiJkamFuZ28uY29udHJpYi5hdXRoLmJhY2tlbmRzLk1vZGVsQmFja2VuZCIsIl9hdXRoX3VzZXJfaWQiOiI3MiJ9','2017-10-24 07:10:29.214232'),('a6jdsioswpiuhumwqll6rikawdf733k0','NDdjZTlhNmMyZjA0YjI4Y2Q0MGU4YjYwNTcwZDdlMWYyMGYwMDg3MTp7Il9hdXRoX3VzZXJfaGFzaCI6IjM5ZTI1MjgxZDIzOWEyNjQzNWQ0ZjE1ODZkZWVjODk0ZjI1OTNmYzQiLCJfYXV0aF91c2VyX2JhY2tlbmQiOiJkamFuZ28uY29udHJpYi5hdXRoLmJhY2tlbmRzLk1vZGVsQmFja2VuZCIsIl9hdXRoX3VzZXJfaWQiOiI0MiJ9','2017-10-31 07:06:04.085447'),('a7msbrqeyhw1dcpsyztic2op8uhgo986','YWI5YmQ5MjFlOGYwYjg0NDRkOTY5MTVkZGMxMGUwMjliMDViMjUzMzp7Il9hdXRoX3VzZXJfaGFzaCI6IjFiMDk1ODU3MDliOTRjYjlkN2FkNDMwZTJjYzFlNjE5ZWNiYTFiMjEiLCJfYXV0aF91c2VyX2JhY2tlbmQiOiJkamFuZ28uY29udHJpYi5hdXRoLmJhY2tlbmRzLk1vZGVsQmFja2VuZCIsIl9hdXRoX3VzZXJfaWQiOiI3MiJ9','2017-10-25 10:35:47.106092'),('a8335uf3yqiy6qihtv8pkwqksz1otf5b','YWI5YmQ5MjFlOGYwYjg0NDRkOTY5MTVkZGMxMGUwMjliMDViMjUzMzp7Il9hdXRoX3VzZXJfaGFzaCI6IjFiMDk1ODU3MDliOTRjYjlkN2FkNDMwZTJjYzFlNjE5ZWNiYTFiMjEiLCJfYXV0aF91c2VyX2JhY2tlbmQiOiJkamFuZ28uY29udHJpYi5hdXRoLmJhY2tlbmRzLk1vZGVsQmFja2VuZCIsIl9hdXRoX3VzZXJfaWQiOiI3MiJ9','2017-10-24 12:17:40.944085'),('a8lkmnj7ip1xxpqhoirqbch623csmvhd','YWI5YmQ5MjFlOGYwYjg0NDRkOTY5MTVkZGMxMGUwMjliMDViMjUzMzp7Il9hdXRoX3VzZXJfaGFzaCI6IjFiMDk1ODU3MDliOTRjYjlkN2FkNDMwZTJjYzFlNjE5ZWNiYTFiMjEiLCJfYXV0aF91c2VyX2JhY2tlbmQiOiJkamFuZ28uY29udHJpYi5hdXRoLmJhY2tlbmRzLk1vZGVsQmFja2VuZCIsIl9hdXRoX3VzZXJfaWQiOiI3MiJ9','2017-10-23 06:56:22.460214'),('a8xejp6fq3d74brd7mp6g6valifuv644','NDhmNzEzMGM1Y2Y0ZjU3NGVhNjlhYTYzMGY4ODNkYzczYzUwNWI4MTp7Il9hdXRoX3VzZXJfaGFzaCI6IjdlYzQ2MzMxYjJhNGY5MDBkMWY3OGUzNmU0MTBkYzA1N2EzMjliMDIiLCJfYXV0aF91c2VyX2JhY2tlbmQiOiJkamFuZ28uY29udHJpYi5hdXRoLmJhY2tlbmRzLk1vZGVsQmFja2VuZCIsIl9hdXRoX3VzZXJfaWQiOiI3NyJ9','2017-10-27 12:29:51.350515'),('ajz4s6slawpt9ek0ofwo11pm9kmjt8np','YWI5YmQ5MjFlOGYwYjg0NDRkOTY5MTVkZGMxMGUwMjliMDViMjUzMzp7Il9hdXRoX3VzZXJfaGFzaCI6IjFiMDk1ODU3MDliOTRjYjlkN2FkNDMwZTJjYzFlNjE5ZWNiYTFiMjEiLCJfYXV0aF91c2VyX2JhY2tlbmQiOiJkamFuZ28uY29udHJpYi5hdXRoLmJhY2tlbmRzLk1vZGVsQmFja2VuZCIsIl9hdXRoX3VzZXJfaWQiOiI3MiJ9','2017-10-23 09:55:34.673179'),('aky8xe2mlouvmcl3xizy3y5nx3cyn69c','YWI5YmQ5MjFlOGYwYjg0NDRkOTY5MTVkZGMxMGUwMjliMDViMjUzMzp7Il9hdXRoX3VzZXJfaGFzaCI6IjFiMDk1ODU3MDliOTRjYjlkN2FkNDMwZTJjYzFlNjE5ZWNiYTFiMjEiLCJfYXV0aF91c2VyX2JhY2tlbmQiOiJkamFuZ28uY29udHJpYi5hdXRoLmJhY2tlbmRzLk1vZGVsQmFja2VuZCIsIl9hdXRoX3VzZXJfaWQiOiI3MiJ9','2017-10-23 04:55:36.573315'),('an43i9ddj6iultez589wf582nxtmobzl','MGE3ZTQ0MGI2NDQ1NWZmOTI2OTFhMWE2MmM4MTY1ZDIzMTRlMzFmODp7Il9hdXRoX3VzZXJfaGFzaCI6IjUxMzQxMDg3MTVjMGJlYjk5OTY3YWJkMDZjNDY3NjliYjNmNTFjMWUiLCJfYXV0aF91c2VyX2JhY2tlbmQiOiJkamFuZ28uY29udHJpYi5hdXRoLmJhY2tlbmRzLk1vZGVsQmFja2VuZCIsIl9hdXRoX3VzZXJfaWQiOiI1NyJ9','2017-10-18 10:56:14.948410'),('apfels84jkpciy79e0lrw25l6nq68r1o','NDdjZTlhNmMyZjA0YjI4Y2Q0MGU4YjYwNTcwZDdlMWYyMGYwMDg3MTp7Il9hdXRoX3VzZXJfaGFzaCI6IjM5ZTI1MjgxZDIzOWEyNjQzNWQ0ZjE1ODZkZWVjODk0ZjI1OTNmYzQiLCJfYXV0aF91c2VyX2JhY2tlbmQiOiJkamFuZ28uY29udHJpYi5hdXRoLmJhY2tlbmRzLk1vZGVsQmFja2VuZCIsIl9hdXRoX3VzZXJfaWQiOiI0MiJ9','2017-10-25 13:04:31.780061'),('araobek1m03ec4cmkt4smlkxzv9yvy6q','YWI5YmQ5MjFlOGYwYjg0NDRkOTY5MTVkZGMxMGUwMjliMDViMjUzMzp7Il9hdXRoX3VzZXJfaGFzaCI6IjFiMDk1ODU3MDliOTRjYjlkN2FkNDMwZTJjYzFlNjE5ZWNiYTFiMjEiLCJfYXV0aF91c2VyX2JhY2tlbmQiOiJkamFuZ28uY29udHJpYi5hdXRoLmJhY2tlbmRzLk1vZGVsQmFja2VuZCIsIl9hdXRoX3VzZXJfaWQiOiI3MiJ9','2017-10-24 09:51:47.643167'),('avr4ah9qxtsxes4ps9wx59on8fwru3bu','MGE3ZTQ0MGI2NDQ1NWZmOTI2OTFhMWE2MmM4MTY1ZDIzMTRlMzFmODp7Il9hdXRoX3VzZXJfaGFzaCI6IjUxMzQxMDg3MTVjMGJlYjk5OTY3YWJkMDZjNDY3NjliYjNmNTFjMWUiLCJfYXV0aF91c2VyX2JhY2tlbmQiOiJkamFuZ28uY29udHJpYi5hdXRoLmJhY2tlbmRzLk1vZGVsQmFja2VuZCIsIl9hdXRoX3VzZXJfaWQiOiI1NyJ9','2017-10-18 12:16:12.177151'),('axahdp7u8i0ysuwkypagvcbj2qth0p7q','ZWExZjExNjkzYWE1M2ZjMmVjN2FmM2U1Mzk5ZTRkMTA1ODBlNDc0MDp7Il9hdXRoX3VzZXJfaGFzaCI6IjQzYjFkNmI0NGQ0MjgwZThlZmFkZjQ3YzY2Mzg1NzA5OGU0NDA1ZjQiLCJfYXV0aF91c2VyX2JhY2tlbmQiOiJkamFuZ28uY29udHJpYi5hdXRoLmJhY2tlbmRzLk1vZGVsQmFja2VuZCIsIl9hdXRoX3VzZXJfaWQiOiI1OCJ9','2017-10-19 09:56:31.027015'),('b2xzyo1h3tva2cflrpcxgu1qqs1auqsk','YmMxMGJhZjU1MzhiOTIzOGI1OTcyZDU2YWY4MmVmYjg1Y2ViYzExODp7Il9hdXRoX3VzZXJfaGFzaCI6ImQ1YzRiYzVjZGJjODVlODFjZmEwYzg1NTY1YTUyYmNlOGI2YTg1ZmQiLCJfYXV0aF91c2VyX2JhY2tlbmQiOiJkamFuZ28uY29udHJpYi5hdXRoLmJhY2tlbmRzLk1vZGVsQmFja2VuZCIsIl9hdXRoX3VzZXJfaWQiOiIxIn0=','2017-10-11 07:18:40.025698'),('b783sb3zlhjxq56lbtknr97nmbby4w2p','NDhmNzEzMGM1Y2Y0ZjU3NGVhNjlhYTYzMGY4ODNkYzczYzUwNWI4MTp7Il9hdXRoX3VzZXJfaGFzaCI6IjdlYzQ2MzMxYjJhNGY5MDBkMWY3OGUzNmU0MTBkYzA1N2EzMjliMDIiLCJfYXV0aF91c2VyX2JhY2tlbmQiOiJkamFuZ28uY29udHJpYi5hdXRoLmJhY2tlbmRzLk1vZGVsQmFja2VuZCIsIl9hdXRoX3VzZXJfaWQiOiI3NyJ9','2017-10-25 13:51:49.620214'),('b8fv642wwal5vrano4sr7tt1bwd2kljj','YWI5YmQ5MjFlOGYwYjg0NDRkOTY5MTVkZGMxMGUwMjliMDViMjUzMzp7Il9hdXRoX3VzZXJfaGFzaCI6IjFiMDk1ODU3MDliOTRjYjlkN2FkNDMwZTJjYzFlNjE5ZWNiYTFiMjEiLCJfYXV0aF91c2VyX2JhY2tlbmQiOiJkamFuZ28uY29udHJpYi5hdXRoLmJhY2tlbmRzLk1vZGVsQmFja2VuZCIsIl9hdXRoX3VzZXJfaWQiOiI3MiJ9','2017-10-23 09:59:34.559246'),('bhiglsd256tkzn36hzeymwff7jfcgoh8','YWI5YmQ5MjFlOGYwYjg0NDRkOTY5MTVkZGMxMGUwMjliMDViMjUzMzp7Il9hdXRoX3VzZXJfaGFzaCI6IjFiMDk1ODU3MDliOTRjYjlkN2FkNDMwZTJjYzFlNjE5ZWNiYTFiMjEiLCJfYXV0aF91c2VyX2JhY2tlbmQiOiJkamFuZ28uY29udHJpYi5hdXRoLmJhY2tlbmRzLk1vZGVsQmFja2VuZCIsIl9hdXRoX3VzZXJfaWQiOiI3MiJ9','2017-10-24 06:27:37.314181'),('bn5d6kdxy69xy3uxkquu0zv5kye8uw0j','ZDZhMGU3NGIxZGE1NWEzNjIxYTQ1MzA5OWVkMmI0Y2RmYThhOGQ2Zjp7Il9hdXRoX3VzZXJfaGFzaCI6ImViNjM3YjEwOGQ0ZTBhNTEwMGVkZGYzNTlkODdhNzk3M2RiZTUxN2EiLCJfYXV0aF91c2VyX2JhY2tlbmQiOiJkamFuZ28uY29udHJpYi5hdXRoLmJhY2tlbmRzLk1vZGVsQmFja2VuZCIsIl9hdXRoX3VzZXJfaWQiOiI1NiJ9','2017-10-17 14:07:39.693765'),('boyyv5xgv528strvnu5cwrg1iy4nonno','ZWExZjExNjkzYWE1M2ZjMmVjN2FmM2U1Mzk5ZTRkMTA1ODBlNDc0MDp7Il9hdXRoX3VzZXJfaGFzaCI6IjQzYjFkNmI0NGQ0MjgwZThlZmFkZjQ3YzY2Mzg1NzA5OGU0NDA1ZjQiLCJfYXV0aF91c2VyX2JhY2tlbmQiOiJkamFuZ28uY29udHJpYi5hdXRoLmJhY2tlbmRzLk1vZGVsQmFja2VuZCIsIl9hdXRoX3VzZXJfaWQiOiI1OCJ9','2017-10-19 11:25:41.347957'),('bpwg26tmjpxii1zoq2uycodo5aow525f','YmMxMGJhZjU1MzhiOTIzOGI1OTcyZDU2YWY4MmVmYjg1Y2ViYzExODp7Il9hdXRoX3VzZXJfaGFzaCI6ImQ1YzRiYzVjZGJjODVlODFjZmEwYzg1NTY1YTUyYmNlOGI2YTg1ZmQiLCJfYXV0aF91c2VyX2JhY2tlbmQiOiJkamFuZ28uY29udHJpYi5hdXRoLmJhY2tlbmRzLk1vZGVsQmFja2VuZCIsIl9hdXRoX3VzZXJfaWQiOiIxIn0=','2017-10-12 07:03:00.234773'),('bqv3vnhi28smbbvt0gkrsjr0vcl1dppj','NDdjZTlhNmMyZjA0YjI4Y2Q0MGU4YjYwNTcwZDdlMWYyMGYwMDg3MTp7Il9hdXRoX3VzZXJfaGFzaCI6IjM5ZTI1MjgxZDIzOWEyNjQzNWQ0ZjE1ODZkZWVjODk0ZjI1OTNmYzQiLCJfYXV0aF91c2VyX2JhY2tlbmQiOiJkamFuZ28uY29udHJpYi5hdXRoLmJhY2tlbmRzLk1vZGVsQmFja2VuZCIsIl9hdXRoX3VzZXJfaWQiOiI0MiJ9','2017-10-25 10:33:33.822893'),('bra8jtk623p61y4rzwu34jalpch25t09','NDdjZTlhNmMyZjA0YjI4Y2Q0MGU4YjYwNTcwZDdlMWYyMGYwMDg3MTp7Il9hdXRoX3VzZXJfaGFzaCI6IjM5ZTI1MjgxZDIzOWEyNjQzNWQ0ZjE1ODZkZWVjODk0ZjI1OTNmYzQiLCJfYXV0aF91c2VyX2JhY2tlbmQiOiJkamFuZ28uY29udHJpYi5hdXRoLmJhY2tlbmRzLk1vZGVsQmFja2VuZCIsIl9hdXRoX3VzZXJfaWQiOiI0MiJ9','2017-10-25 10:55:44.198916'),('bt7t4ia2rnjt7b2eu303jvcexfga1m9e','ZWExZjExNjkzYWE1M2ZjMmVjN2FmM2U1Mzk5ZTRkMTA1ODBlNDc0MDp7Il9hdXRoX3VzZXJfaGFzaCI6IjQzYjFkNmI0NGQ0MjgwZThlZmFkZjQ3YzY2Mzg1NzA5OGU0NDA1ZjQiLCJfYXV0aF91c2VyX2JhY2tlbmQiOiJkamFuZ28uY29udHJpYi5hdXRoLmJhY2tlbmRzLk1vZGVsQmFja2VuZCIsIl9hdXRoX3VzZXJfaWQiOiI1OCJ9','2017-10-19 11:39:20.109474'),('btf2byt8976xexaqblouj96jiv9arid0','YWI5YmQ5MjFlOGYwYjg0NDRkOTY5MTVkZGMxMGUwMjliMDViMjUzMzp7Il9hdXRoX3VzZXJfaGFzaCI6IjFiMDk1ODU3MDliOTRjYjlkN2FkNDMwZTJjYzFlNjE5ZWNiYTFiMjEiLCJfYXV0aF91c2VyX2JhY2tlbmQiOiJkamFuZ28uY29udHJpYi5hdXRoLmJhY2tlbmRzLk1vZGVsQmFja2VuZCIsIl9hdXRoX3VzZXJfaWQiOiI3MiJ9','2017-10-23 10:25:57.306718'),('buwwveap0rvmekmbxnjtrmk3qx0lznex','NDdjZTlhNmMyZjA0YjI4Y2Q0MGU4YjYwNTcwZDdlMWYyMGYwMDg3MTp7Il9hdXRoX3VzZXJfaGFzaCI6IjM5ZTI1MjgxZDIzOWEyNjQzNWQ0ZjE1ODZkZWVjODk0ZjI1OTNmYzQiLCJfYXV0aF91c2VyX2JhY2tlbmQiOiJkamFuZ28uY29udHJpYi5hdXRoLmJhY2tlbmRzLk1vZGVsQmFja2VuZCIsIl9hdXRoX3VzZXJfaWQiOiI0MiJ9','2017-10-19 07:28:08.037942'),('bv4aagc1r0uoxtuokab7dpj5ivgu2gmj','NDhmNzEzMGM1Y2Y0ZjU3NGVhNjlhYTYzMGY4ODNkYzczYzUwNWI4MTp7Il9hdXRoX3VzZXJfaGFzaCI6IjdlYzQ2MzMxYjJhNGY5MDBkMWY3OGUzNmU0MTBkYzA1N2EzMjliMDIiLCJfYXV0aF91c2VyX2JhY2tlbmQiOiJkamFuZ28uY29udHJpYi5hdXRoLmJhY2tlbmRzLk1vZGVsQmFja2VuZCIsIl9hdXRoX3VzZXJfaWQiOiI3NyJ9','2017-10-26 06:56:26.595754'),('bwem8tcfflg36ih769jzfnka6blwcvvt','YWI5YmQ5MjFlOGYwYjg0NDRkOTY5MTVkZGMxMGUwMjliMDViMjUzMzp7Il9hdXRoX3VzZXJfaGFzaCI6IjFiMDk1ODU3MDliOTRjYjlkN2FkNDMwZTJjYzFlNjE5ZWNiYTFiMjEiLCJfYXV0aF91c2VyX2JhY2tlbmQiOiJkamFuZ28uY29udHJpYi5hdXRoLmJhY2tlbmRzLk1vZGVsQmFja2VuZCIsIl9hdXRoX3VzZXJfaWQiOiI3MiJ9','2017-10-23 05:32:22.424606'),('bwp837xk9kwm3yavgkqr1n01d5xmdzs9','YWI5YmQ5MjFlOGYwYjg0NDRkOTY5MTVkZGMxMGUwMjliMDViMjUzMzp7Il9hdXRoX3VzZXJfaGFzaCI6IjFiMDk1ODU3MDliOTRjYjlkN2FkNDMwZTJjYzFlNjE5ZWNiYTFiMjEiLCJfYXV0aF91c2VyX2JhY2tlbmQiOiJkamFuZ28uY29udHJpYi5hdXRoLmJhY2tlbmRzLk1vZGVsQmFja2VuZCIsIl9hdXRoX3VzZXJfaWQiOiI3MiJ9','2017-10-23 05:33:09.460560'),('bws7rwooc2h4paa2p9fn6b2odhamwdo4','YWI5YmQ5MjFlOGYwYjg0NDRkOTY5MTVkZGMxMGUwMjliMDViMjUzMzp7Il9hdXRoX3VzZXJfaGFzaCI6IjFiMDk1ODU3MDliOTRjYjlkN2FkNDMwZTJjYzFlNjE5ZWNiYTFiMjEiLCJfYXV0aF91c2VyX2JhY2tlbmQiOiJkamFuZ28uY29udHJpYi5hdXRoLmJhY2tlbmRzLk1vZGVsQmFja2VuZCIsIl9hdXRoX3VzZXJfaWQiOiI3MiJ9','2017-10-24 12:44:34.087175'),('bxe4x1gevif7ydegl0ucknm4mqkbl9tv','NDdjZTlhNmMyZjA0YjI4Y2Q0MGU4YjYwNTcwZDdlMWYyMGYwMDg3MTp7Il9hdXRoX3VzZXJfaGFzaCI6IjM5ZTI1MjgxZDIzOWEyNjQzNWQ0ZjE1ODZkZWVjODk0ZjI1OTNmYzQiLCJfYXV0aF91c2VyX2JhY2tlbmQiOiJkamFuZ28uY29udHJpYi5hdXRoLmJhY2tlbmRzLk1vZGVsQmFja2VuZCIsIl9hdXRoX3VzZXJfaWQiOiI0MiJ9','2017-10-25 13:34:53.579979'),('c0581943fv8bk8h63wlvvm3aqsphhan2','YmMxMGJhZjU1MzhiOTIzOGI1OTcyZDU2YWY4MmVmYjg1Y2ViYzExODp7Il9hdXRoX3VzZXJfaGFzaCI6ImQ1YzRiYzVjZGJjODVlODFjZmEwYzg1NTY1YTUyYmNlOGI2YTg1ZmQiLCJfYXV0aF91c2VyX2JhY2tlbmQiOiJkamFuZ28uY29udHJpYi5hdXRoLmJhY2tlbmRzLk1vZGVsQmFja2VuZCIsIl9hdXRoX3VzZXJfaWQiOiIxIn0=','2017-10-13 06:47:39.457506'),('c5f00jaurjj9k0mm9a098e0w2gtl2dhl','YWI5YmQ5MjFlOGYwYjg0NDRkOTY5MTVkZGMxMGUwMjliMDViMjUzMzp7Il9hdXRoX3VzZXJfaGFzaCI6IjFiMDk1ODU3MDliOTRjYjlkN2FkNDMwZTJjYzFlNjE5ZWNiYTFiMjEiLCJfYXV0aF91c2VyX2JhY2tlbmQiOiJkamFuZ28uY29udHJpYi5hdXRoLmJhY2tlbmRzLk1vZGVsQmFja2VuZCIsIl9hdXRoX3VzZXJfaWQiOiI3MiJ9','2017-10-20 13:10:29.593769'),('c65a7psv6q58vuksl545on6zhbcgin5l','YWI5YmQ5MjFlOGYwYjg0NDRkOTY5MTVkZGMxMGUwMjliMDViMjUzMzp7Il9hdXRoX3VzZXJfaGFzaCI6IjFiMDk1ODU3MDliOTRjYjlkN2FkNDMwZTJjYzFlNjE5ZWNiYTFiMjEiLCJfYXV0aF91c2VyX2JhY2tlbmQiOiJkamFuZ28uY29udHJpYi5hdXRoLmJhY2tlbmRzLk1vZGVsQmFja2VuZCIsIl9hdXRoX3VzZXJfaWQiOiI3MiJ9','2017-10-23 09:58:03.238649'),('c826j0tg72lre500nwz8i45nz5xnmndc','YWI5YmQ5MjFlOGYwYjg0NDRkOTY5MTVkZGMxMGUwMjliMDViMjUzMzp7Il9hdXRoX3VzZXJfaGFzaCI6IjFiMDk1ODU3MDliOTRjYjlkN2FkNDMwZTJjYzFlNjE5ZWNiYTFiMjEiLCJfYXV0aF91c2VyX2JhY2tlbmQiOiJkamFuZ28uY29udHJpYi5hdXRoLmJhY2tlbmRzLk1vZGVsQmFja2VuZCIsIl9hdXRoX3VzZXJfaWQiOiI3MiJ9','2017-10-23 07:25:02.112116'),('c85gder9xkmbeic0axuejdg40vwrphwd','YWI5YmQ5MjFlOGYwYjg0NDRkOTY5MTVkZGMxMGUwMjliMDViMjUzMzp7Il9hdXRoX3VzZXJfaGFzaCI6IjFiMDk1ODU3MDliOTRjYjlkN2FkNDMwZTJjYzFlNjE5ZWNiYTFiMjEiLCJfYXV0aF91c2VyX2JhY2tlbmQiOiJkamFuZ28uY29udHJpYi5hdXRoLmJhY2tlbmRzLk1vZGVsQmFja2VuZCIsIl9hdXRoX3VzZXJfaWQiOiI3MiJ9','2017-10-23 10:28:52.041682'),('ce4eyxhgqlpjdomh4d8q5t7ase3pzlik','NDhmNzEzMGM1Y2Y0ZjU3NGVhNjlhYTYzMGY4ODNkYzczYzUwNWI4MTp7Il9hdXRoX3VzZXJfaGFzaCI6IjdlYzQ2MzMxYjJhNGY5MDBkMWY3OGUzNmU0MTBkYzA1N2EzMjliMDIiLCJfYXV0aF91c2VyX2JhY2tlbmQiOiJkamFuZ28uY29udHJpYi5hdXRoLmJhY2tlbmRzLk1vZGVsQmFja2VuZCIsIl9hdXRoX3VzZXJfaWQiOiI3NyJ9','2017-10-31 10:57:13.047427'),('ciad34ks3yqmxfegs0m936zmcyh4qkb0','MDhiODk4ZTE4YjZiOWJmZmE1Nzg3OTgwMTc0YjJhZWZiMWE0MjM1Mzp7Il9hdXRoX3VzZXJfaGFzaCI6IjJmOTM4ODA0NzVhYmRiZDAwMGE5OTRkMzQ0ZDU4MjIwMGUyNmFjYTgiLCJfYXV0aF91c2VyX2JhY2tlbmQiOiJkamFuZ28uY29udHJpYi5hdXRoLmJhY2tlbmRzLk1vZGVsQmFja2VuZCIsIl9hdXRoX3VzZXJfaWQiOiI3MSJ9','2017-10-19 12:31:41.573658'),('cil5cr0n7pqb2cghspdo8vwe0xbrzu1e','YWI5YmQ5MjFlOGYwYjg0NDRkOTY5MTVkZGMxMGUwMjliMDViMjUzMzp7Il9hdXRoX3VzZXJfaGFzaCI6IjFiMDk1ODU3MDliOTRjYjlkN2FkNDMwZTJjYzFlNjE5ZWNiYTFiMjEiLCJfYXV0aF91c2VyX2JhY2tlbmQiOiJkamFuZ28uY29udHJpYi5hdXRoLmJhY2tlbmRzLk1vZGVsQmFja2VuZCIsIl9hdXRoX3VzZXJfaWQiOiI3MiJ9','2017-10-24 13:14:10.390922'),('cir15nlh1jhcuhdysnf9dc0t2t1hm3gh','YWI5YmQ5MjFlOGYwYjg0NDRkOTY5MTVkZGMxMGUwMjliMDViMjUzMzp7Il9hdXRoX3VzZXJfaGFzaCI6IjFiMDk1ODU3MDliOTRjYjlkN2FkNDMwZTJjYzFlNjE5ZWNiYTFiMjEiLCJfYXV0aF91c2VyX2JhY2tlbmQiOiJkamFuZ28uY29udHJpYi5hdXRoLmJhY2tlbmRzLk1vZGVsQmFja2VuZCIsIl9hdXRoX3VzZXJfaWQiOiI3MiJ9','2017-10-23 12:55:25.747194'),('cnluhy23x5ln777uy6593it4jdksote4','YmMxMGJhZjU1MzhiOTIzOGI1OTcyZDU2YWY4MmVmYjg1Y2ViYzExODp7Il9hdXRoX3VzZXJfaGFzaCI6ImQ1YzRiYzVjZGJjODVlODFjZmEwYzg1NTY1YTUyYmNlOGI2YTg1ZmQiLCJfYXV0aF91c2VyX2JhY2tlbmQiOiJkamFuZ28uY29udHJpYi5hdXRoLmJhY2tlbmRzLk1vZGVsQmFja2VuZCIsIl9hdXRoX3VzZXJfaWQiOiIxIn0=','2017-10-11 09:47:32.159801'),('cnxpx4kxsfk7jxnqop0wppeqwme4erli','YmMxMGJhZjU1MzhiOTIzOGI1OTcyZDU2YWY4MmVmYjg1Y2ViYzExODp7Il9hdXRoX3VzZXJfaGFzaCI6ImQ1YzRiYzVjZGJjODVlODFjZmEwYzg1NTY1YTUyYmNlOGI2YTg1ZmQiLCJfYXV0aF91c2VyX2JhY2tlbmQiOiJkamFuZ28uY29udHJpYi5hdXRoLmJhY2tlbmRzLk1vZGVsQmFja2VuZCIsIl9hdXRoX3VzZXJfaWQiOiIxIn0=','2017-10-11 13:28:31.340185'),('co980nt4y9a2rx374orvnxvu2mqz69hp','ZWExZjExNjkzYWE1M2ZjMmVjN2FmM2U1Mzk5ZTRkMTA1ODBlNDc0MDp7Il9hdXRoX3VzZXJfaGFzaCI6IjQzYjFkNmI0NGQ0MjgwZThlZmFkZjQ3YzY2Mzg1NzA5OGU0NDA1ZjQiLCJfYXV0aF91c2VyX2JhY2tlbmQiOiJkamFuZ28uY29udHJpYi5hdXRoLmJhY2tlbmRzLk1vZGVsQmFja2VuZCIsIl9hdXRoX3VzZXJfaWQiOiI1OCJ9','2017-10-19 11:19:15.312312'),('cqgwoo0czq97s9tuka26jfwthy9kl21z','YmMxMGJhZjU1MzhiOTIzOGI1OTcyZDU2YWY4MmVmYjg1Y2ViYzExODp7Il9hdXRoX3VzZXJfaGFzaCI6ImQ1YzRiYzVjZGJjODVlODFjZmEwYzg1NTY1YTUyYmNlOGI2YTg1ZmQiLCJfYXV0aF91c2VyX2JhY2tlbmQiOiJkamFuZ28uY29udHJpYi5hdXRoLmJhY2tlbmRzLk1vZGVsQmFja2VuZCIsIl9hdXRoX3VzZXJfaWQiOiIxIn0=','2017-10-12 06:46:42.641631'),('cuvcraky87bovh2hbtj3wn3obvoqc9hk','YWI5YmQ5MjFlOGYwYjg0NDRkOTY5MTVkZGMxMGUwMjliMDViMjUzMzp7Il9hdXRoX3VzZXJfaGFzaCI6IjFiMDk1ODU3MDliOTRjYjlkN2FkNDMwZTJjYzFlNjE5ZWNiYTFiMjEiLCJfYXV0aF91c2VyX2JhY2tlbmQiOiJkamFuZ28uY29udHJpYi5hdXRoLmJhY2tlbmRzLk1vZGVsQmFja2VuZCIsIl9hdXRoX3VzZXJfaWQiOiI3MiJ9','2017-10-23 14:06:01.411973'),('cvfsmhfiixu3sqpl6943nid48ityt7xg','MGE3ZTQ0MGI2NDQ1NWZmOTI2OTFhMWE2MmM4MTY1ZDIzMTRlMzFmODp7Il9hdXRoX3VzZXJfaGFzaCI6IjUxMzQxMDg3MTVjMGJlYjk5OTY3YWJkMDZjNDY3NjliYjNmNTFjMWUiLCJfYXV0aF91c2VyX2JhY2tlbmQiOiJkamFuZ28uY29udHJpYi5hdXRoLmJhY2tlbmRzLk1vZGVsQmFja2VuZCIsIl9hdXRoX3VzZXJfaWQiOiI1NyJ9','2017-10-18 10:31:17.681470'),('cx7mriugdizhu9aeuiafl8piah0wwfh1','YWI5YmQ5MjFlOGYwYjg0NDRkOTY5MTVkZGMxMGUwMjliMDViMjUzMzp7Il9hdXRoX3VzZXJfaGFzaCI6IjFiMDk1ODU3MDliOTRjYjlkN2FkNDMwZTJjYzFlNjE5ZWNiYTFiMjEiLCJfYXV0aF91c2VyX2JhY2tlbmQiOiJkamFuZ28uY29udHJpYi5hdXRoLmJhY2tlbmRzLk1vZGVsQmFja2VuZCIsIl9hdXRoX3VzZXJfaWQiOiI3MiJ9','2017-10-23 14:18:32.566376'),('cxasn00kkxjtd5p3w7t0numaxp6d1hva','NDdjZTlhNmMyZjA0YjI4Y2Q0MGU4YjYwNTcwZDdlMWYyMGYwMDg3MTp7Il9hdXRoX3VzZXJfaGFzaCI6IjM5ZTI1MjgxZDIzOWEyNjQzNWQ0ZjE1ODZkZWVjODk0ZjI1OTNmYzQiLCJfYXV0aF91c2VyX2JhY2tlbmQiOiJkamFuZ28uY29udHJpYi5hdXRoLmJhY2tlbmRzLk1vZGVsQmFja2VuZCIsIl9hdXRoX3VzZXJfaWQiOiI0MiJ9','2017-10-27 12:11:48.102012'),('cxbfab427pd1ifwqgk9ie7zmuucnoj8m','YWI5YmQ5MjFlOGYwYjg0NDRkOTY5MTVkZGMxMGUwMjliMDViMjUzMzp7Il9hdXRoX3VzZXJfaGFzaCI6IjFiMDk1ODU3MDliOTRjYjlkN2FkNDMwZTJjYzFlNjE5ZWNiYTFiMjEiLCJfYXV0aF91c2VyX2JhY2tlbmQiOiJkamFuZ28uY29udHJpYi5hdXRoLmJhY2tlbmRzLk1vZGVsQmFja2VuZCIsIl9hdXRoX3VzZXJfaWQiOiI3MiJ9','2017-10-19 13:09:46.588199'),('dc52z9013f4dzaqm26gerxfcj922m5gt','ZWExZjExNjkzYWE1M2ZjMmVjN2FmM2U1Mzk5ZTRkMTA1ODBlNDc0MDp7Il9hdXRoX3VzZXJfaGFzaCI6IjQzYjFkNmI0NGQ0MjgwZThlZmFkZjQ3YzY2Mzg1NzA5OGU0NDA1ZjQiLCJfYXV0aF91c2VyX2JhY2tlbmQiOiJkamFuZ28uY29udHJpYi5hdXRoLmJhY2tlbmRzLk1vZGVsQmFja2VuZCIsIl9hdXRoX3VzZXJfaWQiOiI1OCJ9','2017-10-19 10:08:28.724812'),('dknyzjvl5779vrh9qp6oipuhctq6emmi','YmMxMGJhZjU1MzhiOTIzOGI1OTcyZDU2YWY4MmVmYjg1Y2ViYzExODp7Il9hdXRoX3VzZXJfaGFzaCI6ImQ1YzRiYzVjZGJjODVlODFjZmEwYzg1NTY1YTUyYmNlOGI2YTg1ZmQiLCJfYXV0aF91c2VyX2JhY2tlbmQiOiJkamFuZ28uY29udHJpYi5hdXRoLmJhY2tlbmRzLk1vZGVsQmFja2VuZCIsIl9hdXRoX3VzZXJfaWQiOiIxIn0=','2017-10-11 12:22:30.003071'),('dm6cpifeumqm40qd6wmlxv0mj8fm39g7','MGE3ZTQ0MGI2NDQ1NWZmOTI2OTFhMWE2MmM4MTY1ZDIzMTRlMzFmODp7Il9hdXRoX3VzZXJfaGFzaCI6IjUxMzQxMDg3MTVjMGJlYjk5OTY3YWJkMDZjNDY3NjliYjNmNTFjMWUiLCJfYXV0aF91c2VyX2JhY2tlbmQiOiJkamFuZ28uY29udHJpYi5hdXRoLmJhY2tlbmRzLk1vZGVsQmFja2VuZCIsIl9hdXRoX3VzZXJfaWQiOiI1NyJ9','2017-10-18 10:59:44.371385'),('do8v8py12861rbbokrmljyfg0gc9fs1v','ZDZhMGU3NGIxZGE1NWEzNjIxYTQ1MzA5OWVkMmI0Y2RmYThhOGQ2Zjp7Il9hdXRoX3VzZXJfaGFzaCI6ImViNjM3YjEwOGQ0ZTBhNTEwMGVkZGYzNTlkODdhNzk3M2RiZTUxN2EiLCJfYXV0aF91c2VyX2JhY2tlbmQiOiJkamFuZ28uY29udHJpYi5hdXRoLmJhY2tlbmRzLk1vZGVsQmFja2VuZCIsIl9hdXRoX3VzZXJfaWQiOiI1NiJ9','2017-10-17 14:11:44.211473'),('dq9q2va52hq9uq5098ygqmgbzmh3miu2','NDdjZTlhNmMyZjA0YjI4Y2Q0MGU4YjYwNTcwZDdlMWYyMGYwMDg3MTp7Il9hdXRoX3VzZXJfaGFzaCI6IjM5ZTI1MjgxZDIzOWEyNjQzNWQ0ZjE1ODZkZWVjODk0ZjI1OTNmYzQiLCJfYXV0aF91c2VyX2JhY2tlbmQiOiJkamFuZ28uY29udHJpYi5hdXRoLmJhY2tlbmRzLk1vZGVsQmFja2VuZCIsIl9hdXRoX3VzZXJfaWQiOiI0MiJ9','2017-10-20 06:33:40.782057'),('dtmnfr3mvnfkiemutczc539h0q5mbunw','NDdjZTlhNmMyZjA0YjI4Y2Q0MGU4YjYwNTcwZDdlMWYyMGYwMDg3MTp7Il9hdXRoX3VzZXJfaGFzaCI6IjM5ZTI1MjgxZDIzOWEyNjQzNWQ0ZjE1ODZkZWVjODk0ZjI1OTNmYzQiLCJfYXV0aF91c2VyX2JhY2tlbmQiOiJkamFuZ28uY29udHJpYi5hdXRoLmJhY2tlbmRzLk1vZGVsQmFja2VuZCIsIl9hdXRoX3VzZXJfaWQiOiI0MiJ9','2017-10-17 14:16:47.369444'),('dusxmk9r6xqz9p572xjjtjp720cql8iv','YWI5YmQ5MjFlOGYwYjg0NDRkOTY5MTVkZGMxMGUwMjliMDViMjUzMzp7Il9hdXRoX3VzZXJfaGFzaCI6IjFiMDk1ODU3MDliOTRjYjlkN2FkNDMwZTJjYzFlNjE5ZWNiYTFiMjEiLCJfYXV0aF91c2VyX2JhY2tlbmQiOiJkamFuZ28uY29udHJpYi5hdXRoLmJhY2tlbmRzLk1vZGVsQmFja2VuZCIsIl9hdXRoX3VzZXJfaWQiOiI3MiJ9','2017-10-23 09:51:43.206829'),('dz379e0qzh55hwhf392366cjt0damljo','YWI5YmQ5MjFlOGYwYjg0NDRkOTY5MTVkZGMxMGUwMjliMDViMjUzMzp7Il9hdXRoX3VzZXJfaGFzaCI6IjFiMDk1ODU3MDliOTRjYjlkN2FkNDMwZTJjYzFlNjE5ZWNiYTFiMjEiLCJfYXV0aF91c2VyX2JhY2tlbmQiOiJkamFuZ28uY29udHJpYi5hdXRoLmJhY2tlbmRzLk1vZGVsQmFja2VuZCIsIl9hdXRoX3VzZXJfaWQiOiI3MiJ9','2017-10-23 13:08:36.909257'),('dzjmqovbudbywm3it08j09m6e8xt0xxb','NDdjZTlhNmMyZjA0YjI4Y2Q0MGU4YjYwNTcwZDdlMWYyMGYwMDg3MTp7Il9hdXRoX3VzZXJfaGFzaCI6IjM5ZTI1MjgxZDIzOWEyNjQzNWQ0ZjE1ODZkZWVjODk0ZjI1OTNmYzQiLCJfYXV0aF91c2VyX2JhY2tlbmQiOiJkamFuZ28uY29udHJpYi5hdXRoLmJhY2tlbmRzLk1vZGVsQmFja2VuZCIsIl9hdXRoX3VzZXJfaWQiOiI0MiJ9','2017-10-20 06:20:07.349950'),('dzp5o0cdoopum4995osnyiframntmojw','NDdjZTlhNmMyZjA0YjI4Y2Q0MGU4YjYwNTcwZDdlMWYyMGYwMDg3MTp7Il9hdXRoX3VzZXJfaGFzaCI6IjM5ZTI1MjgxZDIzOWEyNjQzNWQ0ZjE1ODZkZWVjODk0ZjI1OTNmYzQiLCJfYXV0aF91c2VyX2JhY2tlbmQiOiJkamFuZ28uY29udHJpYi5hdXRoLmJhY2tlbmRzLk1vZGVsQmFja2VuZCIsIl9hdXRoX3VzZXJfaWQiOiI0MiJ9','2017-10-19 06:38:04.944933'),('e39be5uulohdyz2yfi29ff0lxin9yq60','YWI5YmQ5MjFlOGYwYjg0NDRkOTY5MTVkZGMxMGUwMjliMDViMjUzMzp7Il9hdXRoX3VzZXJfaGFzaCI6IjFiMDk1ODU3MDliOTRjYjlkN2FkNDMwZTJjYzFlNjE5ZWNiYTFiMjEiLCJfYXV0aF91c2VyX2JhY2tlbmQiOiJkamFuZ28uY29udHJpYi5hdXRoLmJhY2tlbmRzLk1vZGVsQmFja2VuZCIsIl9hdXRoX3VzZXJfaWQiOiI3MiJ9','2017-10-23 14:20:08.699204'),('e5dbetez4rz4wyuytm44t6rxj7p5m209','YmMxMGJhZjU1MzhiOTIzOGI1OTcyZDU2YWY4MmVmYjg1Y2ViYzExODp7Il9hdXRoX3VzZXJfaGFzaCI6ImQ1YzRiYzVjZGJjODVlODFjZmEwYzg1NTY1YTUyYmNlOGI2YTg1ZmQiLCJfYXV0aF91c2VyX2JhY2tlbmQiOiJkamFuZ28uY29udHJpYi5hdXRoLmJhY2tlbmRzLk1vZGVsQmFja2VuZCIsIl9hdXRoX3VzZXJfaWQiOiIxIn0=','2017-10-12 06:34:30.347785'),('e5unt1gamtdrqkd15bqhzzdyzy6hmjer','NDhmNzEzMGM1Y2Y0ZjU3NGVhNjlhYTYzMGY4ODNkYzczYzUwNWI4MTp7Il9hdXRoX3VzZXJfaGFzaCI6IjdlYzQ2MzMxYjJhNGY5MDBkMWY3OGUzNmU0MTBkYzA1N2EzMjliMDIiLCJfYXV0aF91c2VyX2JhY2tlbmQiOiJkamFuZ28uY29udHJpYi5hdXRoLmJhY2tlbmRzLk1vZGVsQmFja2VuZCIsIl9hdXRoX3VzZXJfaWQiOiI3NyJ9','2017-10-25 12:10:18.919141'),('e9h3dgbx1llxpe1zjhjjmner4e69v4ip','YWI5YmQ5MjFlOGYwYjg0NDRkOTY5MTVkZGMxMGUwMjliMDViMjUzMzp7Il9hdXRoX3VzZXJfaGFzaCI6IjFiMDk1ODU3MDliOTRjYjlkN2FkNDMwZTJjYzFlNjE5ZWNiYTFiMjEiLCJfYXV0aF91c2VyX2JhY2tlbmQiOiJkamFuZ28uY29udHJpYi5hdXRoLmJhY2tlbmRzLk1vZGVsQmFja2VuZCIsIl9hdXRoX3VzZXJfaWQiOiI3MiJ9','2017-10-23 13:19:23.062940'),('e9h3rjkbnslsif3lr4celaueptvbjuen','NDhmNzEzMGM1Y2Y0ZjU3NGVhNjlhYTYzMGY4ODNkYzczYzUwNWI4MTp7Il9hdXRoX3VzZXJfaGFzaCI6IjdlYzQ2MzMxYjJhNGY5MDBkMWY3OGUzNmU0MTBkYzA1N2EzMjliMDIiLCJfYXV0aF91c2VyX2JhY2tlbmQiOiJkamFuZ28uY29udHJpYi5hdXRoLmJhY2tlbmRzLk1vZGVsQmFja2VuZCIsIl9hdXRoX3VzZXJfaWQiOiI3NyJ9','2017-10-25 13:32:32.287972'),('e9kk1j2n79wylmwbqjzncefuw1cw9zr2','YWI5YmQ5MjFlOGYwYjg0NDRkOTY5MTVkZGMxMGUwMjliMDViMjUzMzp7Il9hdXRoX3VzZXJfaGFzaCI6IjFiMDk1ODU3MDliOTRjYjlkN2FkNDMwZTJjYzFlNjE5ZWNiYTFiMjEiLCJfYXV0aF91c2VyX2JhY2tlbmQiOiJkamFuZ28uY29udHJpYi5hdXRoLmJhY2tlbmRzLk1vZGVsQmFja2VuZCIsIl9hdXRoX3VzZXJfaWQiOiI3MiJ9','2017-10-23 13:08:00.807743'),('ecouqz5llfzeb2fi4bqfhqapf3u6a62p','YmMxMGJhZjU1MzhiOTIzOGI1OTcyZDU2YWY4MmVmYjg1Y2ViYzExODp7Il9hdXRoX3VzZXJfaGFzaCI6ImQ1YzRiYzVjZGJjODVlODFjZmEwYzg1NTY1YTUyYmNlOGI2YTg1ZmQiLCJfYXV0aF91c2VyX2JhY2tlbmQiOiJkamFuZ28uY29udHJpYi5hdXRoLmJhY2tlbmRzLk1vZGVsQmFja2VuZCIsIl9hdXRoX3VzZXJfaWQiOiIxIn0=','2017-10-12 06:45:56.708190'),('efihuksm72fr0yocc4jh85v456h7xx0b','ZWExZjExNjkzYWE1M2ZjMmVjN2FmM2U1Mzk5ZTRkMTA1ODBlNDc0MDp7Il9hdXRoX3VzZXJfaGFzaCI6IjQzYjFkNmI0NGQ0MjgwZThlZmFkZjQ3YzY2Mzg1NzA5OGU0NDA1ZjQiLCJfYXV0aF91c2VyX2JhY2tlbmQiOiJkamFuZ28uY29udHJpYi5hdXRoLmJhY2tlbmRzLk1vZGVsQmFja2VuZCIsIl9hdXRoX3VzZXJfaWQiOiI1OCJ9','2017-10-19 12:28:21.024546'),('egh6pbcwy9isq3dvxfdcp1p2yq23w7ky','YmMxMGJhZjU1MzhiOTIzOGI1OTcyZDU2YWY4MmVmYjg1Y2ViYzExODp7Il9hdXRoX3VzZXJfaGFzaCI6ImQ1YzRiYzVjZGJjODVlODFjZmEwYzg1NTY1YTUyYmNlOGI2YTg1ZmQiLCJfYXV0aF91c2VyX2JhY2tlbmQiOiJkamFuZ28uY29udHJpYi5hdXRoLmJhY2tlbmRzLk1vZGVsQmFja2VuZCIsIl9hdXRoX3VzZXJfaWQiOiIxIn0=','2017-10-11 09:22:52.781067'),('egvovcye9mvuw1u94nduiz9wpauk2ucc','YWI5YmQ5MjFlOGYwYjg0NDRkOTY5MTVkZGMxMGUwMjliMDViMjUzMzp7Il9hdXRoX3VzZXJfaGFzaCI6IjFiMDk1ODU3MDliOTRjYjlkN2FkNDMwZTJjYzFlNjE5ZWNiYTFiMjEiLCJfYXV0aF91c2VyX2JhY2tlbmQiOiJkamFuZ28uY29udHJpYi5hdXRoLmJhY2tlbmRzLk1vZGVsQmFja2VuZCIsIl9hdXRoX3VzZXJfaWQiOiI3MiJ9','2017-10-23 06:41:02.049541'),('ej3ky4pj9atj6bmgvrrc9omfe9k0t27h','ZWExZjExNjkzYWE1M2ZjMmVjN2FmM2U1Mzk5ZTRkMTA1ODBlNDc0MDp7Il9hdXRoX3VzZXJfaGFzaCI6IjQzYjFkNmI0NGQ0MjgwZThlZmFkZjQ3YzY2Mzg1NzA5OGU0NDA1ZjQiLCJfYXV0aF91c2VyX2JhY2tlbmQiOiJkamFuZ28uY29udHJpYi5hdXRoLmJhY2tlbmRzLk1vZGVsQmFja2VuZCIsIl9hdXRoX3VzZXJfaWQiOiI1OCJ9','2017-10-19 10:22:34.827552'),('ej54od7m4dq1q3of126qbc92gmdqd01m','YmMxMGJhZjU1MzhiOTIzOGI1OTcyZDU2YWY4MmVmYjg1Y2ViYzExODp7Il9hdXRoX3VzZXJfaGFzaCI6ImQ1YzRiYzVjZGJjODVlODFjZmEwYzg1NTY1YTUyYmNlOGI2YTg1ZmQiLCJfYXV0aF91c2VyX2JhY2tlbmQiOiJkamFuZ28uY29udHJpYi5hdXRoLmJhY2tlbmRzLk1vZGVsQmFja2VuZCIsIl9hdXRoX3VzZXJfaWQiOiIxIn0=','2017-10-12 08:28:23.461474'),('ek367ydsh0artfzemp2yirxi2lvv05d9','YmMxMGJhZjU1MzhiOTIzOGI1OTcyZDU2YWY4MmVmYjg1Y2ViYzExODp7Il9hdXRoX3VzZXJfaGFzaCI6ImQ1YzRiYzVjZGJjODVlODFjZmEwYzg1NTY1YTUyYmNlOGI2YTg1ZmQiLCJfYXV0aF91c2VyX2JhY2tlbmQiOiJkamFuZ28uY29udHJpYi5hdXRoLmJhY2tlbmRzLk1vZGVsQmFja2VuZCIsIl9hdXRoX3VzZXJfaWQiOiIxIn0=','2017-10-11 12:58:01.975261'),('eljhid5w5uplm939z7vwctzk4gi6tdl6','ZWExZjExNjkzYWE1M2ZjMmVjN2FmM2U1Mzk5ZTRkMTA1ODBlNDc0MDp7Il9hdXRoX3VzZXJfaGFzaCI6IjQzYjFkNmI0NGQ0MjgwZThlZmFkZjQ3YzY2Mzg1NzA5OGU0NDA1ZjQiLCJfYXV0aF91c2VyX2JhY2tlbmQiOiJkamFuZ28uY29udHJpYi5hdXRoLmJhY2tlbmRzLk1vZGVsQmFja2VuZCIsIl9hdXRoX3VzZXJfaWQiOiI1OCJ9','2017-10-19 12:25:10.810321'),('emkocpget4otn4f2fc440qpkffv1fy3v','NDdjZTlhNmMyZjA0YjI4Y2Q0MGU4YjYwNTcwZDdlMWYyMGYwMDg3MTp7Il9hdXRoX3VzZXJfaGFzaCI6IjM5ZTI1MjgxZDIzOWEyNjQzNWQ0ZjE1ODZkZWVjODk0ZjI1OTNmYzQiLCJfYXV0aF91c2VyX2JhY2tlbmQiOiJkamFuZ28uY29udHJpYi5hdXRoLmJhY2tlbmRzLk1vZGVsQmFja2VuZCIsIl9hdXRoX3VzZXJfaWQiOiI0MiJ9','2017-10-18 10:46:32.266845'),('en3h27auj02v09ljhj9kbxlm7xb45gmp','YmMxMGJhZjU1MzhiOTIzOGI1OTcyZDU2YWY4MmVmYjg1Y2ViYzExODp7Il9hdXRoX3VzZXJfaGFzaCI6ImQ1YzRiYzVjZGJjODVlODFjZmEwYzg1NTY1YTUyYmNlOGI2YTg1ZmQiLCJfYXV0aF91c2VyX2JhY2tlbmQiOiJkamFuZ28uY29udHJpYi5hdXRoLmJhY2tlbmRzLk1vZGVsQmFja2VuZCIsIl9hdXRoX3VzZXJfaWQiOiIxIn0=','2017-10-17 04:39:09.155191'),('eoyioyity32yiszf1gypoeboaya5pnfl','YmMxMGJhZjU1MzhiOTIzOGI1OTcyZDU2YWY4MmVmYjg1Y2ViYzExODp7Il9hdXRoX3VzZXJfaGFzaCI6ImQ1YzRiYzVjZGJjODVlODFjZmEwYzg1NTY1YTUyYmNlOGI2YTg1ZmQiLCJfYXV0aF91c2VyX2JhY2tlbmQiOiJkamFuZ28uY29udHJpYi5hdXRoLmJhY2tlbmRzLk1vZGVsQmFja2VuZCIsIl9hdXRoX3VzZXJfaWQiOiIxIn0=','2017-10-11 13:30:17.937920'),('epiraremuyozzp17wdqn3o6ttd6ysk8i','YmMxMGJhZjU1MzhiOTIzOGI1OTcyZDU2YWY4MmVmYjg1Y2ViYzExODp7Il9hdXRoX3VzZXJfaGFzaCI6ImQ1YzRiYzVjZGJjODVlODFjZmEwYzg1NTY1YTUyYmNlOGI2YTg1ZmQiLCJfYXV0aF91c2VyX2JhY2tlbmQiOiJkamFuZ28uY29udHJpYi5hdXRoLmJhY2tlbmRzLk1vZGVsQmFja2VuZCIsIl9hdXRoX3VzZXJfaWQiOiIxIn0=','2017-10-12 06:55:57.739965'),('epz6ogijxr8kozmjg5s0mxk9b58jv3gt','NDhmNzEzMGM1Y2Y0ZjU3NGVhNjlhYTYzMGY4ODNkYzczYzUwNWI4MTp7Il9hdXRoX3VzZXJfaGFzaCI6IjdlYzQ2MzMxYjJhNGY5MDBkMWY3OGUzNmU0MTBkYzA1N2EzMjliMDIiLCJfYXV0aF91c2VyX2JhY2tlbmQiOiJkamFuZ28uY29udHJpYi5hdXRoLmJhY2tlbmRzLk1vZGVsQmFja2VuZCIsIl9hdXRoX3VzZXJfaWQiOiI3NyJ9','2017-10-25 13:45:34.770061'),('eq57my03436t0qyw16jjjd84s22r5ws9','YWI5YmQ5MjFlOGYwYjg0NDRkOTY5MTVkZGMxMGUwMjliMDViMjUzMzp7Il9hdXRoX3VzZXJfaGFzaCI6IjFiMDk1ODU3MDliOTRjYjlkN2FkNDMwZTJjYzFlNjE5ZWNiYTFiMjEiLCJfYXV0aF91c2VyX2JhY2tlbmQiOiJkamFuZ28uY29udHJpYi5hdXRoLmJhY2tlbmRzLk1vZGVsQmFja2VuZCIsIl9hdXRoX3VzZXJfaWQiOiI3MiJ9','2017-10-20 13:58:01.838177'),('ev8fxiypp6yxyubtt3dslpsso8rih6w2','NDdjZTlhNmMyZjA0YjI4Y2Q0MGU4YjYwNTcwZDdlMWYyMGYwMDg3MTp7Il9hdXRoX3VzZXJfaGFzaCI6IjM5ZTI1MjgxZDIzOWEyNjQzNWQ0ZjE1ODZkZWVjODk0ZjI1OTNmYzQiLCJfYXV0aF91c2VyX2JhY2tlbmQiOiJkamFuZ28uY29udHJpYi5hdXRoLmJhY2tlbmRzLk1vZGVsQmFja2VuZCIsIl9hdXRoX3VzZXJfaWQiOiI0MiJ9','2017-10-24 09:49:24.940831'),('evzjrhjal9rzzn22inuqz5wbf1d6h7ip','YmMxMGJhZjU1MzhiOTIzOGI1OTcyZDU2YWY4MmVmYjg1Y2ViYzExODp7Il9hdXRoX3VzZXJfaGFzaCI6ImQ1YzRiYzVjZGJjODVlODFjZmEwYzg1NTY1YTUyYmNlOGI2YTg1ZmQiLCJfYXV0aF91c2VyX2JhY2tlbmQiOiJkamFuZ28uY29udHJpYi5hdXRoLmJhY2tlbmRzLk1vZGVsQmFja2VuZCIsIl9hdXRoX3VzZXJfaWQiOiIxIn0=','2017-10-13 06:31:04.249041'),('ew4hov740d4rz8caz4ut67t5j38jlanu','YmMxMGJhZjU1MzhiOTIzOGI1OTcyZDU2YWY4MmVmYjg1Y2ViYzExODp7Il9hdXRoX3VzZXJfaGFzaCI6ImQ1YzRiYzVjZGJjODVlODFjZmEwYzg1NTY1YTUyYmNlOGI2YTg1ZmQiLCJfYXV0aF91c2VyX2JhY2tlbmQiOiJkamFuZ28uY29udHJpYi5hdXRoLmJhY2tlbmRzLk1vZGVsQmFja2VuZCIsIl9hdXRoX3VzZXJfaWQiOiIxIn0=','2017-10-17 07:04:22.640281'),('exrtvvilrkfm2fnsyn7yo86az4e0ot9r','NDdjZTlhNmMyZjA0YjI4Y2Q0MGU4YjYwNTcwZDdlMWYyMGYwMDg3MTp7Il9hdXRoX3VzZXJfaGFzaCI6IjM5ZTI1MjgxZDIzOWEyNjQzNWQ0ZjE1ODZkZWVjODk0ZjI1OTNmYzQiLCJfYXV0aF91c2VyX2JhY2tlbmQiOiJkamFuZ28uY29udHJpYi5hdXRoLmJhY2tlbmRzLk1vZGVsQmFja2VuZCIsIl9hdXRoX3VzZXJfaWQiOiI0MiJ9','2017-10-24 07:24:36.721998'),('exvnfjjp9aqno1d1fm5vz5oseevzwpwy','MGE3ZTQ0MGI2NDQ1NWZmOTI2OTFhMWE2MmM4MTY1ZDIzMTRlMzFmODp7Il9hdXRoX3VzZXJfaGFzaCI6IjUxMzQxMDg3MTVjMGJlYjk5OTY3YWJkMDZjNDY3NjliYjNmNTFjMWUiLCJfYXV0aF91c2VyX2JhY2tlbmQiOiJkamFuZ28uY29udHJpYi5hdXRoLmJhY2tlbmRzLk1vZGVsQmFja2VuZCIsIl9hdXRoX3VzZXJfaWQiOiI1NyJ9','2017-10-18 13:02:28.993690'),('ez8uzqkncwbm0peq3dzpg7qffjs20qv1','YWI5YmQ5MjFlOGYwYjg0NDRkOTY5MTVkZGMxMGUwMjliMDViMjUzMzp7Il9hdXRoX3VzZXJfaGFzaCI6IjFiMDk1ODU3MDliOTRjYjlkN2FkNDMwZTJjYzFlNjE5ZWNiYTFiMjEiLCJfYXV0aF91c2VyX2JhY2tlbmQiOiJkamFuZ28uY29udHJpYi5hdXRoLmJhY2tlbmRzLk1vZGVsQmFja2VuZCIsIl9hdXRoX3VzZXJfaWQiOiI3MiJ9','2017-10-23 05:55:38.263488'),('f4nnfgqgy19mxymd42fiddrj8d3eff1s','NDdjZTlhNmMyZjA0YjI4Y2Q0MGU4YjYwNTcwZDdlMWYyMGYwMDg3MTp7Il9hdXRoX3VzZXJfaGFzaCI6IjM5ZTI1MjgxZDIzOWEyNjQzNWQ0ZjE1ODZkZWVjODk0ZjI1OTNmYzQiLCJfYXV0aF91c2VyX2JhY2tlbmQiOiJkamFuZ28uY29udHJpYi5hdXRoLmJhY2tlbmRzLk1vZGVsQmFja2VuZCIsIl9hdXRoX3VzZXJfaWQiOiI0MiJ9','2017-10-20 14:12:03.400887'),('f8khd9nxzlivp7hg6smnqatnc3byemda','YmMxMGJhZjU1MzhiOTIzOGI1OTcyZDU2YWY4MmVmYjg1Y2ViYzExODp7Il9hdXRoX3VzZXJfaGFzaCI6ImQ1YzRiYzVjZGJjODVlODFjZmEwYzg1NTY1YTUyYmNlOGI2YTg1ZmQiLCJfYXV0aF91c2VyX2JhY2tlbmQiOiJkamFuZ28uY29udHJpYi5hdXRoLmJhY2tlbmRzLk1vZGVsQmFja2VuZCIsIl9hdXRoX3VzZXJfaWQiOiIxIn0=','2017-10-12 08:25:12.243264'),('fazlq0j4g8sy0vvqps54wfxs8k3p1s4l','ZDZhMGU3NGIxZGE1NWEzNjIxYTQ1MzA5OWVkMmI0Y2RmYThhOGQ2Zjp7Il9hdXRoX3VzZXJfaGFzaCI6ImViNjM3YjEwOGQ0ZTBhNTEwMGVkZGYzNTlkODdhNzk3M2RiZTUxN2EiLCJfYXV0aF91c2VyX2JhY2tlbmQiOiJkamFuZ28uY29udHJpYi5hdXRoLmJhY2tlbmRzLk1vZGVsQmFja2VuZCIsIl9hdXRoX3VzZXJfaWQiOiI1NiJ9','2017-10-17 14:13:31.185933'),('fe4ry9rilb0skkanb1x868qv1pzizlz3','NDdjZTlhNmMyZjA0YjI4Y2Q0MGU4YjYwNTcwZDdlMWYyMGYwMDg3MTp7Il9hdXRoX3VzZXJfaGFzaCI6IjM5ZTI1MjgxZDIzOWEyNjQzNWQ0ZjE1ODZkZWVjODk0ZjI1OTNmYzQiLCJfYXV0aF91c2VyX2JhY2tlbmQiOiJkamFuZ28uY29udHJpYi5hdXRoLmJhY2tlbmRzLk1vZGVsQmFja2VuZCIsIl9hdXRoX3VzZXJfaWQiOiI0MiJ9','2017-10-17 14:19:12.123700'),('fe8zijznunq4suoy854zutfalcyyyl40','YmMxMGJhZjU1MzhiOTIzOGI1OTcyZDU2YWY4MmVmYjg1Y2ViYzExODp7Il9hdXRoX3VzZXJfaGFzaCI6ImQ1YzRiYzVjZGJjODVlODFjZmEwYzg1NTY1YTUyYmNlOGI2YTg1ZmQiLCJfYXV0aF91c2VyX2JhY2tlbmQiOiJkamFuZ28uY29udHJpYi5hdXRoLmJhY2tlbmRzLk1vZGVsQmFja2VuZCIsIl9hdXRoX3VzZXJfaWQiOiIxIn0=','2017-10-11 07:41:27.004740'),('fg8zcc9wnt33j92heepkk6u7xohtj7td','YmMxMGJhZjU1MzhiOTIzOGI1OTcyZDU2YWY4MmVmYjg1Y2ViYzExODp7Il9hdXRoX3VzZXJfaGFzaCI6ImQ1YzRiYzVjZGJjODVlODFjZmEwYzg1NTY1YTUyYmNlOGI2YTg1ZmQiLCJfYXV0aF91c2VyX2JhY2tlbmQiOiJkamFuZ28uY29udHJpYi5hdXRoLmJhY2tlbmRzLk1vZGVsQmFja2VuZCIsIl9hdXRoX3VzZXJfaWQiOiIxIn0=','2017-10-17 07:28:19.867427'),('fj5d8f6s1ob0f540qext6xbs7vydl3of','NDdjZTlhNmMyZjA0YjI4Y2Q0MGU4YjYwNTcwZDdlMWYyMGYwMDg3MTp7Il9hdXRoX3VzZXJfaGFzaCI6IjM5ZTI1MjgxZDIzOWEyNjQzNWQ0ZjE1ODZkZWVjODk0ZjI1OTNmYzQiLCJfYXV0aF91c2VyX2JhY2tlbmQiOiJkamFuZ28uY29udHJpYi5hdXRoLmJhY2tlbmRzLk1vZGVsQmFja2VuZCIsIl9hdXRoX3VzZXJfaWQiOiI0MiJ9','2017-10-30 11:29:43.329677'),('fkfeuy2ud1ydyrvm5dzun760zl5cr5tc','YmMxMGJhZjU1MzhiOTIzOGI1OTcyZDU2YWY4MmVmYjg1Y2ViYzExODp7Il9hdXRoX3VzZXJfaGFzaCI6ImQ1YzRiYzVjZGJjODVlODFjZmEwYzg1NTY1YTUyYmNlOGI2YTg1ZmQiLCJfYXV0aF91c2VyX2JhY2tlbmQiOiJkamFuZ28uY29udHJpYi5hdXRoLmJhY2tlbmRzLk1vZGVsQmFja2VuZCIsIl9hdXRoX3VzZXJfaWQiOiIxIn0=','2017-10-13 07:26:37.382255'),('fot0q85ccbdhj5hic9c5pt9ymxid8hur','YWI5YmQ5MjFlOGYwYjg0NDRkOTY5MTVkZGMxMGUwMjliMDViMjUzMzp7Il9hdXRoX3VzZXJfaGFzaCI6IjFiMDk1ODU3MDliOTRjYjlkN2FkNDMwZTJjYzFlNjE5ZWNiYTFiMjEiLCJfYXV0aF91c2VyX2JhY2tlbmQiOiJkamFuZ28uY29udHJpYi5hdXRoLmJhY2tlbmRzLk1vZGVsQmFja2VuZCIsIl9hdXRoX3VzZXJfaWQiOiI3MiJ9','2017-10-23 13:08:10.793760'),('fp7o6yy8dldg5lcwz4szpb5de6udo4ih','YWI5YmQ5MjFlOGYwYjg0NDRkOTY5MTVkZGMxMGUwMjliMDViMjUzMzp7Il9hdXRoX3VzZXJfaGFzaCI6IjFiMDk1ODU3MDliOTRjYjlkN2FkNDMwZTJjYzFlNjE5ZWNiYTFiMjEiLCJfYXV0aF91c2VyX2JhY2tlbmQiOiJkamFuZ28uY29udHJpYi5hdXRoLmJhY2tlbmRzLk1vZGVsQmFja2VuZCIsIl9hdXRoX3VzZXJfaWQiOiI3MiJ9','2017-10-23 09:51:05.374329'),('g0dfdnarmjh5gld2xrwtinzh0gre4pbz','MGE3ZTQ0MGI2NDQ1NWZmOTI2OTFhMWE2MmM4MTY1ZDIzMTRlMzFmODp7Il9hdXRoX3VzZXJfaGFzaCI6IjUxMzQxMDg3MTVjMGJlYjk5OTY3YWJkMDZjNDY3NjliYjNmNTFjMWUiLCJfYXV0aF91c2VyX2JhY2tlbmQiOiJkamFuZ28uY29udHJpYi5hdXRoLmJhY2tlbmRzLk1vZGVsQmFja2VuZCIsIl9hdXRoX3VzZXJfaWQiOiI1NyJ9','2017-10-18 11:00:44.248691'),('g0rjqtzkrca35dmw2kmx4qomirlakcp7','NDdjZTlhNmMyZjA0YjI4Y2Q0MGU4YjYwNTcwZDdlMWYyMGYwMDg3MTp7Il9hdXRoX3VzZXJfaGFzaCI6IjM5ZTI1MjgxZDIzOWEyNjQzNWQ0ZjE1ODZkZWVjODk0ZjI1OTNmYzQiLCJfYXV0aF91c2VyX2JhY2tlbmQiOiJkamFuZ28uY29udHJpYi5hdXRoLmJhY2tlbmRzLk1vZGVsQmFja2VuZCIsIl9hdXRoX3VzZXJfaWQiOiI0MiJ9','2017-10-24 13:13:27.104751'),('g2td66g4badmingx0dpzjzu8klytkshr','NDhmNzEzMGM1Y2Y0ZjU3NGVhNjlhYTYzMGY4ODNkYzczYzUwNWI4MTp7Il9hdXRoX3VzZXJfaGFzaCI6IjdlYzQ2MzMxYjJhNGY5MDBkMWY3OGUzNmU0MTBkYzA1N2EzMjliMDIiLCJfYXV0aF91c2VyX2JhY2tlbmQiOiJkamFuZ28uY29udHJpYi5hdXRoLmJhY2tlbmRzLk1vZGVsQmFja2VuZCIsIl9hdXRoX3VzZXJfaWQiOiI3NyJ9','2017-10-26 07:27:41.511903'),('g6rmcxqm568vsmtc6l7uchzy31va1242','YmMxMGJhZjU1MzhiOTIzOGI1OTcyZDU2YWY4MmVmYjg1Y2ViYzExODp7Il9hdXRoX3VzZXJfaGFzaCI6ImQ1YzRiYzVjZGJjODVlODFjZmEwYzg1NTY1YTUyYmNlOGI2YTg1ZmQiLCJfYXV0aF91c2VyX2JhY2tlbmQiOiJkamFuZ28uY29udHJpYi5hdXRoLmJhY2tlbmRzLk1vZGVsQmFja2VuZCIsIl9hdXRoX3VzZXJfaWQiOiIxIn0=','2017-10-13 07:35:04.506424'),('g9ngnvmsibt5uqvut7v5a9mmzz8a8f7b','YmMxMGJhZjU1MzhiOTIzOGI1OTcyZDU2YWY4MmVmYjg1Y2ViYzExODp7Il9hdXRoX3VzZXJfaGFzaCI6ImQ1YzRiYzVjZGJjODVlODFjZmEwYzg1NTY1YTUyYmNlOGI2YTg1ZmQiLCJfYXV0aF91c2VyX2JhY2tlbmQiOiJkamFuZ28uY29udHJpYi5hdXRoLmJhY2tlbmRzLk1vZGVsQmFja2VuZCIsIl9hdXRoX3VzZXJfaWQiOiIxIn0=','2017-10-11 12:59:05.206898'),('gcicv5taqiww7sqyq5sx5g6o48gokr2j','YWI5YmQ5MjFlOGYwYjg0NDRkOTY5MTVkZGMxMGUwMjliMDViMjUzMzp7Il9hdXRoX3VzZXJfaGFzaCI6IjFiMDk1ODU3MDliOTRjYjlkN2FkNDMwZTJjYzFlNjE5ZWNiYTFiMjEiLCJfYXV0aF91c2VyX2JhY2tlbmQiOiJkamFuZ28uY29udHJpYi5hdXRoLmJhY2tlbmRzLk1vZGVsQmFja2VuZCIsIl9hdXRoX3VzZXJfaWQiOiI3MiJ9','2017-10-24 12:27:20.764755'),('gey7iirny9cs1crc4nvfxvwbcg33ck6i','YmMxMGJhZjU1MzhiOTIzOGI1OTcyZDU2YWY4MmVmYjg1Y2ViYzExODp7Il9hdXRoX3VzZXJfaGFzaCI6ImQ1YzRiYzVjZGJjODVlODFjZmEwYzg1NTY1YTUyYmNlOGI2YTg1ZmQiLCJfYXV0aF91c2VyX2JhY2tlbmQiOiJkamFuZ28uY29udHJpYi5hdXRoLmJhY2tlbmRzLk1vZGVsQmFja2VuZCIsIl9hdXRoX3VzZXJfaWQiOiIxIn0=','2017-10-11 12:42:20.663393'),('gfcdpsero4thwnmz2rgkijs4jf7n25ny','NDdjZTlhNmMyZjA0YjI4Y2Q0MGU4YjYwNTcwZDdlMWYyMGYwMDg3MTp7Il9hdXRoX3VzZXJfaGFzaCI6IjM5ZTI1MjgxZDIzOWEyNjQzNWQ0ZjE1ODZkZWVjODk0ZjI1OTNmYzQiLCJfYXV0aF91c2VyX2JhY2tlbmQiOiJkamFuZ28uY29udHJpYi5hdXRoLmJhY2tlbmRzLk1vZGVsQmFja2VuZCIsIl9hdXRoX3VzZXJfaWQiOiI0MiJ9','2017-10-25 10:26:33.017708'),('gl4dzoymbuhgltuu3hm7vjxwlrh4mc1m','YWI5YmQ5MjFlOGYwYjg0NDRkOTY5MTVkZGMxMGUwMjliMDViMjUzMzp7Il9hdXRoX3VzZXJfaGFzaCI6IjFiMDk1ODU3MDliOTRjYjlkN2FkNDMwZTJjYzFlNjE5ZWNiYTFiMjEiLCJfYXV0aF91c2VyX2JhY2tlbmQiOiJkamFuZ28uY29udHJpYi5hdXRoLmJhY2tlbmRzLk1vZGVsQmFja2VuZCIsIl9hdXRoX3VzZXJfaWQiOiI3MiJ9','2017-10-23 14:14:12.917422'),('gn0czduy00nc98d9dnu30a62qlo4w6p3','YmMxMGJhZjU1MzhiOTIzOGI1OTcyZDU2YWY4MmVmYjg1Y2ViYzExODp7Il9hdXRoX3VzZXJfaGFzaCI6ImQ1YzRiYzVjZGJjODVlODFjZmEwYzg1NTY1YTUyYmNlOGI2YTg1ZmQiLCJfYXV0aF91c2VyX2JhY2tlbmQiOiJkamFuZ28uY29udHJpYi5hdXRoLmJhY2tlbmRzLk1vZGVsQmFja2VuZCIsIl9hdXRoX3VzZXJfaWQiOiIxIn0=','2017-10-13 07:13:53.141319'),('gp9yg9cjl3dlvx1l8kjr4lwog5zrdukg','YWI5YmQ5MjFlOGYwYjg0NDRkOTY5MTVkZGMxMGUwMjliMDViMjUzMzp7Il9hdXRoX3VzZXJfaGFzaCI6IjFiMDk1ODU3MDliOTRjYjlkN2FkNDMwZTJjYzFlNjE5ZWNiYTFiMjEiLCJfYXV0aF91c2VyX2JhY2tlbmQiOiJkamFuZ28uY29udHJpYi5hdXRoLmJhY2tlbmRzLk1vZGVsQmFja2VuZCIsIl9hdXRoX3VzZXJfaWQiOiI3MiJ9','2017-10-20 14:12:16.667524'),('grk4jn4bbpn5qsa35o7fggafrg8pnl4w','ZDZhMGU3NGIxZGE1NWEzNjIxYTQ1MzA5OWVkMmI0Y2RmYThhOGQ2Zjp7Il9hdXRoX3VzZXJfaGFzaCI6ImViNjM3YjEwOGQ0ZTBhNTEwMGVkZGYzNTlkODdhNzk3M2RiZTUxN2EiLCJfYXV0aF91c2VyX2JhY2tlbmQiOiJkamFuZ28uY29udHJpYi5hdXRoLmJhY2tlbmRzLk1vZGVsQmFja2VuZCIsIl9hdXRoX3VzZXJfaWQiOiI1NiJ9','2017-10-17 14:16:13.447561'),('gtruirm5s6ceis3xik4h4oemwdgfj836','ZWExZjExNjkzYWE1M2ZjMmVjN2FmM2U1Mzk5ZTRkMTA1ODBlNDc0MDp7Il9hdXRoX3VzZXJfaGFzaCI6IjQzYjFkNmI0NGQ0MjgwZThlZmFkZjQ3YzY2Mzg1NzA5OGU0NDA1ZjQiLCJfYXV0aF91c2VyX2JhY2tlbmQiOiJkamFuZ28uY29udHJpYi5hdXRoLmJhY2tlbmRzLk1vZGVsQmFja2VuZCIsIl9hdXRoX3VzZXJfaWQiOiI1OCJ9','2017-10-19 07:28:52.347716'),('gup8doyraokzyjvgkukoqwctlkl34qbv','MGE3ZTQ0MGI2NDQ1NWZmOTI2OTFhMWE2MmM4MTY1ZDIzMTRlMzFmODp7Il9hdXRoX3VzZXJfaGFzaCI6IjUxMzQxMDg3MTVjMGJlYjk5OTY3YWJkMDZjNDY3NjliYjNmNTFjMWUiLCJfYXV0aF91c2VyX2JhY2tlbmQiOiJkamFuZ28uY29udHJpYi5hdXRoLmJhY2tlbmRzLk1vZGVsQmFja2VuZCIsIl9hdXRoX3VzZXJfaWQiOiI1NyJ9','2017-10-19 06:10:16.869081'),('gx5a2dofnvfay2l8hj2ps6cmtuyo5w04','YmMxMGJhZjU1MzhiOTIzOGI1OTcyZDU2YWY4MmVmYjg1Y2ViYzExODp7Il9hdXRoX3VzZXJfaGFzaCI6ImQ1YzRiYzVjZGJjODVlODFjZmEwYzg1NTY1YTUyYmNlOGI2YTg1ZmQiLCJfYXV0aF91c2VyX2JhY2tlbmQiOiJkamFuZ28uY29udHJpYi5hdXRoLmJhY2tlbmRzLk1vZGVsQmFja2VuZCIsIl9hdXRoX3VzZXJfaWQiOiIxIn0=','2017-10-11 09:23:07.580093'),('gyufx2wr485ucvvqzem92opfht60pmoo','NDdjZTlhNmMyZjA0YjI4Y2Q0MGU4YjYwNTcwZDdlMWYyMGYwMDg3MTp7Il9hdXRoX3VzZXJfaGFzaCI6IjM5ZTI1MjgxZDIzOWEyNjQzNWQ0ZjE1ODZkZWVjODk0ZjI1OTNmYzQiLCJfYXV0aF91c2VyX2JhY2tlbmQiOiJkamFuZ28uY29udHJpYi5hdXRoLmJhY2tlbmRzLk1vZGVsQmFja2VuZCIsIl9hdXRoX3VzZXJfaWQiOiI0MiJ9','2017-10-23 07:10:26.745936'),('h3ffmvi2u6v4ay8u80hkoc3jhpkfhsh3','YmMxMGJhZjU1MzhiOTIzOGI1OTcyZDU2YWY4MmVmYjg1Y2ViYzExODp7Il9hdXRoX3VzZXJfaGFzaCI6ImQ1YzRiYzVjZGJjODVlODFjZmEwYzg1NTY1YTUyYmNlOGI2YTg1ZmQiLCJfYXV0aF91c2VyX2JhY2tlbmQiOiJkamFuZ28uY29udHJpYi5hdXRoLmJhY2tlbmRzLk1vZGVsQmFja2VuZCIsIl9hdXRoX3VzZXJfaWQiOiIxIn0=','2017-10-11 13:29:17.874243'),('h3pmrgdh5zz9kkzmdtr2v52alh4h61nu','YmMxMGJhZjU1MzhiOTIzOGI1OTcyZDU2YWY4MmVmYjg1Y2ViYzExODp7Il9hdXRoX3VzZXJfaGFzaCI6ImQ1YzRiYzVjZGJjODVlODFjZmEwYzg1NTY1YTUyYmNlOGI2YTg1ZmQiLCJfYXV0aF91c2VyX2JhY2tlbmQiOiJkamFuZ28uY29udHJpYi5hdXRoLmJhY2tlbmRzLk1vZGVsQmFja2VuZCIsIl9hdXRoX3VzZXJfaWQiOiIxIn0=','2017-10-11 11:32:20.624599'),('h4v2hptwlc6f6matlz33xriolrdum1xc','NDdjZTlhNmMyZjA0YjI4Y2Q0MGU4YjYwNTcwZDdlMWYyMGYwMDg3MTp7Il9hdXRoX3VzZXJfaGFzaCI6IjM5ZTI1MjgxZDIzOWEyNjQzNWQ0ZjE1ODZkZWVjODk0ZjI1OTNmYzQiLCJfYXV0aF91c2VyX2JhY2tlbmQiOiJkamFuZ28uY29udHJpYi5hdXRoLmJhY2tlbmRzLk1vZGVsQmFja2VuZCIsIl9hdXRoX3VzZXJfaWQiOiI0MiJ9','2017-10-27 12:17:51.581486'),('h5prm8fotl5xjvzn1jt50zku9fk6o3ie','YmMxMGJhZjU1MzhiOTIzOGI1OTcyZDU2YWY4MmVmYjg1Y2ViYzExODp7Il9hdXRoX3VzZXJfaGFzaCI6ImQ1YzRiYzVjZGJjODVlODFjZmEwYzg1NTY1YTUyYmNlOGI2YTg1ZmQiLCJfYXV0aF91c2VyX2JhY2tlbmQiOiJkamFuZ28uY29udHJpYi5hdXRoLmJhY2tlbmRzLk1vZGVsQmFja2VuZCIsIl9hdXRoX3VzZXJfaWQiOiIxIn0=','2017-10-11 09:22:53.314056'),('h600r4087ojm7z5wcs3agd6jbki6czpo','NDdjZTlhNmMyZjA0YjI4Y2Q0MGU4YjYwNTcwZDdlMWYyMGYwMDg3MTp7Il9hdXRoX3VzZXJfaGFzaCI6IjM5ZTI1MjgxZDIzOWEyNjQzNWQ0ZjE1ODZkZWVjODk0ZjI1OTNmYzQiLCJfYXV0aF91c2VyX2JhY2tlbmQiOiJkamFuZ28uY29udHJpYi5hdXRoLmJhY2tlbmRzLk1vZGVsQmFja2VuZCIsIl9hdXRoX3VzZXJfaWQiOiI0MiJ9','2017-10-25 11:58:11.311351'),('h9l6drkcoheeczbml73ma3dq8v60704u','YmMxMGJhZjU1MzhiOTIzOGI1OTcyZDU2YWY4MmVmYjg1Y2ViYzExODp7Il9hdXRoX3VzZXJfaGFzaCI6ImQ1YzRiYzVjZGJjODVlODFjZmEwYzg1NTY1YTUyYmNlOGI2YTg1ZmQiLCJfYXV0aF91c2VyX2JhY2tlbmQiOiJkamFuZ28uY29udHJpYi5hdXRoLmJhY2tlbmRzLk1vZGVsQmFja2VuZCIsIl9hdXRoX3VzZXJfaWQiOiIxIn0=','2017-10-11 11:33:03.355713'),('hb5y7s8g53aovcyhvj11h68tdkmmxk45','MGE3ZTQ0MGI2NDQ1NWZmOTI2OTFhMWE2MmM4MTY1ZDIzMTRlMzFmODp7Il9hdXRoX3VzZXJfaGFzaCI6IjUxMzQxMDg3MTVjMGJlYjk5OTY3YWJkMDZjNDY3NjliYjNmNTFjMWUiLCJfYXV0aF91c2VyX2JhY2tlbmQiOiJkamFuZ28uY29udHJpYi5hdXRoLmJhY2tlbmRzLk1vZGVsQmFja2VuZCIsIl9hdXRoX3VzZXJfaWQiOiI1NyJ9','2017-10-18 11:35:17.574723'),('he5w1d54xv9xm1if8ihssxkf3esxwpra','NDdjZTlhNmMyZjA0YjI4Y2Q0MGU4YjYwNTcwZDdlMWYyMGYwMDg3MTp7Il9hdXRoX3VzZXJfaGFzaCI6IjM5ZTI1MjgxZDIzOWEyNjQzNWQ0ZjE1ODZkZWVjODk0ZjI1OTNmYzQiLCJfYXV0aF91c2VyX2JhY2tlbmQiOiJkamFuZ28uY29udHJpYi5hdXRoLmJhY2tlbmRzLk1vZGVsQmFja2VuZCIsIl9hdXRoX3VzZXJfaWQiOiI0MiJ9','2017-10-27 05:45:55.182111'),('hfry1hjfvwu1d3g2j2rupndyopa7embx','NDhmNzEzMGM1Y2Y0ZjU3NGVhNjlhYTYzMGY4ODNkYzczYzUwNWI4MTp7Il9hdXRoX3VzZXJfaGFzaCI6IjdlYzQ2MzMxYjJhNGY5MDBkMWY3OGUzNmU0MTBkYzA1N2EzMjliMDIiLCJfYXV0aF91c2VyX2JhY2tlbmQiOiJkamFuZ28uY29udHJpYi5hdXRoLmJhY2tlbmRzLk1vZGVsQmFja2VuZCIsIl9hdXRoX3VzZXJfaWQiOiI3NyJ9','2017-10-25 13:36:29.777617'),('hg140eihsst6wj4dpkxb1pe8c7d1i8x4','YWI5YmQ5MjFlOGYwYjg0NDRkOTY5MTVkZGMxMGUwMjliMDViMjUzMzp7Il9hdXRoX3VzZXJfaGFzaCI6IjFiMDk1ODU3MDliOTRjYjlkN2FkNDMwZTJjYzFlNjE5ZWNiYTFiMjEiLCJfYXV0aF91c2VyX2JhY2tlbmQiOiJkamFuZ28uY29udHJpYi5hdXRoLmJhY2tlbmRzLk1vZGVsQmFja2VuZCIsIl9hdXRoX3VzZXJfaWQiOiI3MiJ9','2017-10-23 10:03:57.755897'),('hi0bybieil73b6s38ms0xjurlel2r7va','YWI5YmQ5MjFlOGYwYjg0NDRkOTY5MTVkZGMxMGUwMjliMDViMjUzMzp7Il9hdXRoX3VzZXJfaGFzaCI6IjFiMDk1ODU3MDliOTRjYjlkN2FkNDMwZTJjYzFlNjE5ZWNiYTFiMjEiLCJfYXV0aF91c2VyX2JhY2tlbmQiOiJkamFuZ28uY29udHJpYi5hdXRoLmJhY2tlbmRzLk1vZGVsQmFja2VuZCIsIl9hdXRoX3VzZXJfaWQiOiI3MiJ9','2017-10-23 13:37:44.203487'),('hi187fmozfdpvmf0jmvzb8ustmgb4cw5','YWI5YmQ5MjFlOGYwYjg0NDRkOTY5MTVkZGMxMGUwMjliMDViMjUzMzp7Il9hdXRoX3VzZXJfaGFzaCI6IjFiMDk1ODU3MDliOTRjYjlkN2FkNDMwZTJjYzFlNjE5ZWNiYTFiMjEiLCJfYXV0aF91c2VyX2JhY2tlbmQiOiJkamFuZ28uY29udHJpYi5hdXRoLmJhY2tlbmRzLk1vZGVsQmFja2VuZCIsIl9hdXRoX3VzZXJfaWQiOiI3MiJ9','2017-10-23 13:20:22.705518'),('hi5jgw6m2yl4yl2z65aarj0zlqa2ed61','YWI5YmQ5MjFlOGYwYjg0NDRkOTY5MTVkZGMxMGUwMjliMDViMjUzMzp7Il9hdXRoX3VzZXJfaGFzaCI6IjFiMDk1ODU3MDliOTRjYjlkN2FkNDMwZTJjYzFlNjE5ZWNiYTFiMjEiLCJfYXV0aF91c2VyX2JhY2tlbmQiOiJkamFuZ28uY29udHJpYi5hdXRoLmJhY2tlbmRzLk1vZGVsQmFja2VuZCIsIl9hdXRoX3VzZXJfaWQiOiI3MiJ9','2017-10-25 09:11:42.495818'),('hpuzyv49gjqzae3rcbv1g7vlx64tdf5w','NDdjZTlhNmMyZjA0YjI4Y2Q0MGU4YjYwNTcwZDdlMWYyMGYwMDg3MTp7Il9hdXRoX3VzZXJfaGFzaCI6IjM5ZTI1MjgxZDIzOWEyNjQzNWQ0ZjE1ODZkZWVjODk0ZjI1OTNmYzQiLCJfYXV0aF91c2VyX2JhY2tlbmQiOiJkamFuZ28uY29udHJpYi5hdXRoLmJhY2tlbmRzLk1vZGVsQmFja2VuZCIsIl9hdXRoX3VzZXJfaWQiOiI0MiJ9','2017-10-25 13:51:18.027550'),('hrm3yaz7ebfll6mtl3pgjqqu3bgpj4m1','YWI5YmQ5MjFlOGYwYjg0NDRkOTY5MTVkZGMxMGUwMjliMDViMjUzMzp7Il9hdXRoX3VzZXJfaGFzaCI6IjFiMDk1ODU3MDliOTRjYjlkN2FkNDMwZTJjYzFlNjE5ZWNiYTFiMjEiLCJfYXV0aF91c2VyX2JhY2tlbmQiOiJkamFuZ28uY29udHJpYi5hdXRoLmJhY2tlbmRzLk1vZGVsQmFja2VuZCIsIl9hdXRoX3VzZXJfaWQiOiI3MiJ9','2017-10-24 09:48:48.507534'),('hszvlpct7yxzzh4ii366cjlxwiu4a3x4','YmMxMGJhZjU1MzhiOTIzOGI1OTcyZDU2YWY4MmVmYjg1Y2ViYzExODp7Il9hdXRoX3VzZXJfaGFzaCI6ImQ1YzRiYzVjZGJjODVlODFjZmEwYzg1NTY1YTUyYmNlOGI2YTg1ZmQiLCJfYXV0aF91c2VyX2JhY2tlbmQiOiJkamFuZ28uY29udHJpYi5hdXRoLmJhY2tlbmRzLk1vZGVsQmFja2VuZCIsIl9hdXRoX3VzZXJfaWQiOiIxIn0=','2017-10-12 06:18:59.205322'),('ht4wzxirzhr4ym6iq8ffxv52wkjo9jb6','YWI5YmQ5MjFlOGYwYjg0NDRkOTY5MTVkZGMxMGUwMjliMDViMjUzMzp7Il9hdXRoX3VzZXJfaGFzaCI6IjFiMDk1ODU3MDliOTRjYjlkN2FkNDMwZTJjYzFlNjE5ZWNiYTFiMjEiLCJfYXV0aF91c2VyX2JhY2tlbmQiOiJkamFuZ28uY29udHJpYi5hdXRoLmJhY2tlbmRzLk1vZGVsQmFja2VuZCIsIl9hdXRoX3VzZXJfaWQiOiI3MiJ9','2017-10-23 07:47:08.543198'),('hud2hfzvsta4fz9dk75spm0sacp9uh42','YmMxMGJhZjU1MzhiOTIzOGI1OTcyZDU2YWY4MmVmYjg1Y2ViYzExODp7Il9hdXRoX3VzZXJfaGFzaCI6ImQ1YzRiYzVjZGJjODVlODFjZmEwYzg1NTY1YTUyYmNlOGI2YTg1ZmQiLCJfYXV0aF91c2VyX2JhY2tlbmQiOiJkamFuZ28uY29udHJpYi5hdXRoLmJhY2tlbmRzLk1vZGVsQmFja2VuZCIsIl9hdXRoX3VzZXJfaWQiOiIxIn0=','2017-10-11 06:44:21.860628'),('hvi6vd4i8rmu66soo9zqit7zx43dmvz8','MGE3ZTQ0MGI2NDQ1NWZmOTI2OTFhMWE2MmM4MTY1ZDIzMTRlMzFmODp7Il9hdXRoX3VzZXJfaGFzaCI6IjUxMzQxMDg3MTVjMGJlYjk5OTY3YWJkMDZjNDY3NjliYjNmNTFjMWUiLCJfYXV0aF91c2VyX2JhY2tlbmQiOiJkamFuZ28uY29udHJpYi5hdXRoLmJhY2tlbmRzLk1vZGVsQmFja2VuZCIsIl9hdXRoX3VzZXJfaWQiOiI1NyJ9','2017-10-18 06:28:19.621045'),('hw44gh8nx2ibomdmtejl2ezsx8lqw81i','MGE3ZTQ0MGI2NDQ1NWZmOTI2OTFhMWE2MmM4MTY1ZDIzMTRlMzFmODp7Il9hdXRoX3VzZXJfaGFzaCI6IjUxMzQxMDg3MTVjMGJlYjk5OTY3YWJkMDZjNDY3NjliYjNmNTFjMWUiLCJfYXV0aF91c2VyX2JhY2tlbmQiOiJkamFuZ28uY29udHJpYi5hdXRoLmJhY2tlbmRzLk1vZGVsQmFja2VuZCIsIl9hdXRoX3VzZXJfaWQiOiI1NyJ9','2017-10-18 12:29:52.146977'),('hxj8qbf35inabdvfne6mymq2fyid7aa7','ZWExZjExNjkzYWE1M2ZjMmVjN2FmM2U1Mzk5ZTRkMTA1ODBlNDc0MDp7Il9hdXRoX3VzZXJfaGFzaCI6IjQzYjFkNmI0NGQ0MjgwZThlZmFkZjQ3YzY2Mzg1NzA5OGU0NDA1ZjQiLCJfYXV0aF91c2VyX2JhY2tlbmQiOiJkamFuZ28uY29udHJpYi5hdXRoLmJhY2tlbmRzLk1vZGVsQmFja2VuZCIsIl9hdXRoX3VzZXJfaWQiOiI1OCJ9','2017-10-19 12:10:33.229954'),('hxn64qqyvwdzu583yaxnd9q76ea83cqg','YWI5YmQ5MjFlOGYwYjg0NDRkOTY5MTVkZGMxMGUwMjliMDViMjUzMzp7Il9hdXRoX3VzZXJfaGFzaCI6IjFiMDk1ODU3MDliOTRjYjlkN2FkNDMwZTJjYzFlNjE5ZWNiYTFiMjEiLCJfYXV0aF91c2VyX2JhY2tlbmQiOiJkamFuZ28uY29udHJpYi5hdXRoLmJhY2tlbmRzLk1vZGVsQmFja2VuZCIsIl9hdXRoX3VzZXJfaWQiOiI3MiJ9','2017-10-23 06:16:13.889107'),('hysrrjd93rsylf1pw136dkxyzoti5hcz','YmMxMGJhZjU1MzhiOTIzOGI1OTcyZDU2YWY4MmVmYjg1Y2ViYzExODp7Il9hdXRoX3VzZXJfaGFzaCI6ImQ1YzRiYzVjZGJjODVlODFjZmEwYzg1NTY1YTUyYmNlOGI2YTg1ZmQiLCJfYXV0aF91c2VyX2JhY2tlbmQiOiJkamFuZ28uY29udHJpYi5hdXRoLmJhY2tlbmRzLk1vZGVsQmFja2VuZCIsIl9hdXRoX3VzZXJfaWQiOiIxIn0=','2017-10-11 10:46:21.124278'),('i3xvi0a8yct7icdfu3f9xj827b4d574z','YmMxMGJhZjU1MzhiOTIzOGI1OTcyZDU2YWY4MmVmYjg1Y2ViYzExODp7Il9hdXRoX3VzZXJfaGFzaCI6ImQ1YzRiYzVjZGJjODVlODFjZmEwYzg1NTY1YTUyYmNlOGI2YTg1ZmQiLCJfYXV0aF91c2VyX2JhY2tlbmQiOiJkamFuZ28uY29udHJpYi5hdXRoLmJhY2tlbmRzLk1vZGVsQmFja2VuZCIsIl9hdXRoX3VzZXJfaWQiOiIxIn0=','2017-10-11 12:55:08.873597'),('i552zjkn8vu30l5lyoda13bg41jj3c4k','NDdjZTlhNmMyZjA0YjI4Y2Q0MGU4YjYwNTcwZDdlMWYyMGYwMDg3MTp7Il9hdXRoX3VzZXJfaGFzaCI6IjM5ZTI1MjgxZDIzOWEyNjQzNWQ0ZjE1ODZkZWVjODk0ZjI1OTNmYzQiLCJfYXV0aF91c2VyX2JhY2tlbmQiOiJkamFuZ28uY29udHJpYi5hdXRoLmJhY2tlbmRzLk1vZGVsQmFja2VuZCIsIl9hdXRoX3VzZXJfaWQiOiI0MiJ9','2017-10-25 13:35:16.130808'),('icb64ol7k4r7rby83cdj99htvw4mv8kj','MDhiODk4ZTE4YjZiOWJmZmE1Nzg3OTgwMTc0YjJhZWZiMWE0MjM1Mzp7Il9hdXRoX3VzZXJfaGFzaCI6IjJmOTM4ODA0NzVhYmRiZDAwMGE5OTRkMzQ0ZDU4MjIwMGUyNmFjYTgiLCJfYXV0aF91c2VyX2JhY2tlbmQiOiJkamFuZ28uY29udHJpYi5hdXRoLmJhY2tlbmRzLk1vZGVsQmFja2VuZCIsIl9hdXRoX3VzZXJfaWQiOiI3MSJ9','2017-10-19 12:48:16.100606'),('iej7x42sl0k3lfun3v21h2d47ddvmmle','NDdjZTlhNmMyZjA0YjI4Y2Q0MGU4YjYwNTcwZDdlMWYyMGYwMDg3MTp7Il9hdXRoX3VzZXJfaGFzaCI6IjM5ZTI1MjgxZDIzOWEyNjQzNWQ0ZjE1ODZkZWVjODk0ZjI1OTNmYzQiLCJfYXV0aF91c2VyX2JhY2tlbmQiOiJkamFuZ28uY29udHJpYi5hdXRoLmJhY2tlbmRzLk1vZGVsQmFja2VuZCIsIl9hdXRoX3VzZXJfaWQiOiI0MiJ9','2017-10-26 05:05:55.307361'),('ieokw7xx5bsqj53ks48nwq7opegse1q2','YWI5YmQ5MjFlOGYwYjg0NDRkOTY5MTVkZGMxMGUwMjliMDViMjUzMzp7Il9hdXRoX3VzZXJfaGFzaCI6IjFiMDk1ODU3MDliOTRjYjlkN2FkNDMwZTJjYzFlNjE5ZWNiYTFiMjEiLCJfYXV0aF91c2VyX2JhY2tlbmQiOiJkamFuZ28uY29udHJpYi5hdXRoLmJhY2tlbmRzLk1vZGVsQmFja2VuZCIsIl9hdXRoX3VzZXJfaWQiOiI3MiJ9','2017-10-20 13:54:49.987443'),('ihp5vna3uksveekx8877gerovr85sdxi','NDdjZTlhNmMyZjA0YjI4Y2Q0MGU4YjYwNTcwZDdlMWYyMGYwMDg3MTp7Il9hdXRoX3VzZXJfaGFzaCI6IjM5ZTI1MjgxZDIzOWEyNjQzNWQ0ZjE1ODZkZWVjODk0ZjI1OTNmYzQiLCJfYXV0aF91c2VyX2JhY2tlbmQiOiJkamFuZ28uY29udHJpYi5hdXRoLmJhY2tlbmRzLk1vZGVsQmFja2VuZCIsIl9hdXRoX3VzZXJfaWQiOiI0MiJ9','2017-10-24 09:51:36.308364'),('ij0cevf5fhszwbtfo1sdh4f4x5gxdmys','NDdjZTlhNmMyZjA0YjI4Y2Q0MGU4YjYwNTcwZDdlMWYyMGYwMDg3MTp7Il9hdXRoX3VzZXJfaGFzaCI6IjM5ZTI1MjgxZDIzOWEyNjQzNWQ0ZjE1ODZkZWVjODk0ZjI1OTNmYzQiLCJfYXV0aF91c2VyX2JhY2tlbmQiOiJkamFuZ28uY29udHJpYi5hdXRoLmJhY2tlbmRzLk1vZGVsQmFja2VuZCIsIl9hdXRoX3VzZXJfaWQiOiI0MiJ9','2017-10-18 07:29:16.720061'),('iln5usfjiyyb1htz6oxqh1z3p5iby2tf','NDhmNzEzMGM1Y2Y0ZjU3NGVhNjlhYTYzMGY4ODNkYzczYzUwNWI4MTp7Il9hdXRoX3VzZXJfaGFzaCI6IjdlYzQ2MzMxYjJhNGY5MDBkMWY3OGUzNmU0MTBkYzA1N2EzMjliMDIiLCJfYXV0aF91c2VyX2JhY2tlbmQiOiJkamFuZ28uY29udHJpYi5hdXRoLmJhY2tlbmRzLk1vZGVsQmFja2VuZCIsIl9hdXRoX3VzZXJfaWQiOiI3NyJ9','2017-10-31 13:51:51.818738'),('iq71a7su3rdiaumi2sh29qekqqjrjr9z','YWI5YmQ5MjFlOGYwYjg0NDRkOTY5MTVkZGMxMGUwMjliMDViMjUzMzp7Il9hdXRoX3VzZXJfaGFzaCI6IjFiMDk1ODU3MDliOTRjYjlkN2FkNDMwZTJjYzFlNjE5ZWNiYTFiMjEiLCJfYXV0aF91c2VyX2JhY2tlbmQiOiJkamFuZ28uY29udHJpYi5hdXRoLmJhY2tlbmRzLk1vZGVsQmFja2VuZCIsIl9hdXRoX3VzZXJfaWQiOiI3MiJ9','2017-10-23 13:02:41.313645'),('iu5eypzvjeyo14t3yb82ob70rrs2givt','ZWExZjExNjkzYWE1M2ZjMmVjN2FmM2U1Mzk5ZTRkMTA1ODBlNDc0MDp7Il9hdXRoX3VzZXJfaGFzaCI6IjQzYjFkNmI0NGQ0MjgwZThlZmFkZjQ3YzY2Mzg1NzA5OGU0NDA1ZjQiLCJfYXV0aF91c2VyX2JhY2tlbmQiOiJkamFuZ28uY29udHJpYi5hdXRoLmJhY2tlbmRzLk1vZGVsQmFja2VuZCIsIl9hdXRoX3VzZXJfaWQiOiI1OCJ9','2017-10-19 11:14:34.158680'),('izebzfhchq0iyt8c60qowfy78xxsxcz6','YWI5YmQ5MjFlOGYwYjg0NDRkOTY5MTVkZGMxMGUwMjliMDViMjUzMzp7Il9hdXRoX3VzZXJfaGFzaCI6IjFiMDk1ODU3MDliOTRjYjlkN2FkNDMwZTJjYzFlNjE5ZWNiYTFiMjEiLCJfYXV0aF91c2VyX2JhY2tlbmQiOiJkamFuZ28uY29udHJpYi5hdXRoLmJhY2tlbmRzLk1vZGVsQmFja2VuZCIsIl9hdXRoX3VzZXJfaWQiOiI3MiJ9','2017-10-23 13:29:04.699555'),('j1ynh86wkh2vzboyt2svtcliffd9bvh0','ZWExZjExNjkzYWE1M2ZjMmVjN2FmM2U1Mzk5ZTRkMTA1ODBlNDc0MDp7Il9hdXRoX3VzZXJfaGFzaCI6IjQzYjFkNmI0NGQ0MjgwZThlZmFkZjQ3YzY2Mzg1NzA5OGU0NDA1ZjQiLCJfYXV0aF91c2VyX2JhY2tlbmQiOiJkamFuZ28uY29udHJpYi5hdXRoLmJhY2tlbmRzLk1vZGVsQmFja2VuZCIsIl9hdXRoX3VzZXJfaWQiOiI1OCJ9','2017-10-19 11:08:57.559448'),('j2nagkzrce3m9088tksbh11a4lgd8yi6','YWI5YmQ5MjFlOGYwYjg0NDRkOTY5MTVkZGMxMGUwMjliMDViMjUzMzp7Il9hdXRoX3VzZXJfaGFzaCI6IjFiMDk1ODU3MDliOTRjYjlkN2FkNDMwZTJjYzFlNjE5ZWNiYTFiMjEiLCJfYXV0aF91c2VyX2JhY2tlbmQiOiJkamFuZ28uY29udHJpYi5hdXRoLmJhY2tlbmRzLk1vZGVsQmFja2VuZCIsIl9hdXRoX3VzZXJfaWQiOiI3MiJ9','2017-10-23 10:20:59.504551'),('j4osyh7jj3a3z45qk2fc8wqh3hu3l4ma','YWI5YmQ5MjFlOGYwYjg0NDRkOTY5MTVkZGMxMGUwMjliMDViMjUzMzp7Il9hdXRoX3VzZXJfaGFzaCI6IjFiMDk1ODU3MDliOTRjYjlkN2FkNDMwZTJjYzFlNjE5ZWNiYTFiMjEiLCJfYXV0aF91c2VyX2JhY2tlbmQiOiJkamFuZ28uY29udHJpYi5hdXRoLmJhY2tlbmRzLk1vZGVsQmFja2VuZCIsIl9hdXRoX3VzZXJfaWQiOiI3MiJ9','2017-10-23 07:38:57.989272'),('j73kh1v7uz9je7sfordamo6j9ov97ax9','YWI5YmQ5MjFlOGYwYjg0NDRkOTY5MTVkZGMxMGUwMjliMDViMjUzMzp7Il9hdXRoX3VzZXJfaGFzaCI6IjFiMDk1ODU3MDliOTRjYjlkN2FkNDMwZTJjYzFlNjE5ZWNiYTFiMjEiLCJfYXV0aF91c2VyX2JhY2tlbmQiOiJkamFuZ28uY29udHJpYi5hdXRoLmJhY2tlbmRzLk1vZGVsQmFja2VuZCIsIl9hdXRoX3VzZXJfaWQiOiI3MiJ9','2017-10-25 07:31:56.349716'),('jbdcev7caxgipk077y07r1sfhws5y9m8','ZWExZjExNjkzYWE1M2ZjMmVjN2FmM2U1Mzk5ZTRkMTA1ODBlNDc0MDp7Il9hdXRoX3VzZXJfaGFzaCI6IjQzYjFkNmI0NGQ0MjgwZThlZmFkZjQ3YzY2Mzg1NzA5OGU0NDA1ZjQiLCJfYXV0aF91c2VyX2JhY2tlbmQiOiJkamFuZ28uY29udHJpYi5hdXRoLmJhY2tlbmRzLk1vZGVsQmFja2VuZCIsIl9hdXRoX3VzZXJfaWQiOiI1OCJ9','2017-10-19 11:56:15.007348'),('je64py80xupy0sed6wml5tud98ehua73','YmMxMGJhZjU1MzhiOTIzOGI1OTcyZDU2YWY4MmVmYjg1Y2ViYzExODp7Il9hdXRoX3VzZXJfaGFzaCI6ImQ1YzRiYzVjZGJjODVlODFjZmEwYzg1NTY1YTUyYmNlOGI2YTg1ZmQiLCJfYXV0aF91c2VyX2JhY2tlbmQiOiJkamFuZ28uY29udHJpYi5hdXRoLmJhY2tlbmRzLk1vZGVsQmFja2VuZCIsIl9hdXRoX3VzZXJfaWQiOiIxIn0=','2017-10-11 09:23:19.837587'),('jg06ks09mrrlxakqm1w3c4yi1g68oqp4','YWI5YmQ5MjFlOGYwYjg0NDRkOTY5MTVkZGMxMGUwMjliMDViMjUzMzp7Il9hdXRoX3VzZXJfaGFzaCI6IjFiMDk1ODU3MDliOTRjYjlkN2FkNDMwZTJjYzFlNjE5ZWNiYTFiMjEiLCJfYXV0aF91c2VyX2JhY2tlbmQiOiJkamFuZ28uY29udHJpYi5hdXRoLmJhY2tlbmRzLk1vZGVsQmFja2VuZCIsIl9hdXRoX3VzZXJfaWQiOiI3MiJ9','2017-10-23 09:54:03.660220'),('jg9qm6n3pwuw4f0gly1toii4m90ufofs','MGE3ZTQ0MGI2NDQ1NWZmOTI2OTFhMWE2MmM4MTY1ZDIzMTRlMzFmODp7Il9hdXRoX3VzZXJfaGFzaCI6IjUxMzQxMDg3MTVjMGJlYjk5OTY3YWJkMDZjNDY3NjliYjNmNTFjMWUiLCJfYXV0aF91c2VyX2JhY2tlbmQiOiJkamFuZ28uY29udHJpYi5hdXRoLmJhY2tlbmRzLk1vZGVsQmFja2VuZCIsIl9hdXRoX3VzZXJfaWQiOiI1NyJ9','2017-10-18 06:58:22.402126'),('jgsn5206qy8zfqz3sal1qldi4qkvvxt1','YmMxMGJhZjU1MzhiOTIzOGI1OTcyZDU2YWY4MmVmYjg1Y2ViYzExODp7Il9hdXRoX3VzZXJfaGFzaCI6ImQ1YzRiYzVjZGJjODVlODFjZmEwYzg1NTY1YTUyYmNlOGI2YTg1ZmQiLCJfYXV0aF91c2VyX2JhY2tlbmQiOiJkamFuZ28uY29udHJpYi5hdXRoLmJhY2tlbmRzLk1vZGVsQmFja2VuZCIsIl9hdXRoX3VzZXJfaWQiOiIxIn0=','2017-10-13 06:36:42.605919'),('jhqpj6wakb2v5caoarli75m8dm1uduwl','NDdjZTlhNmMyZjA0YjI4Y2Q0MGU4YjYwNTcwZDdlMWYyMGYwMDg3MTp7Il9hdXRoX3VzZXJfaGFzaCI6IjM5ZTI1MjgxZDIzOWEyNjQzNWQ0ZjE1ODZkZWVjODk0ZjI1OTNmYzQiLCJfYXV0aF91c2VyX2JhY2tlbmQiOiJkamFuZ28uY29udHJpYi5hdXRoLmJhY2tlbmRzLk1vZGVsQmFja2VuZCIsIl9hdXRoX3VzZXJfaWQiOiI0MiJ9','2017-10-19 12:29:22.585135'),('jmlno7j90km435ro1bbk823788c1v3it','ZDZhMGU3NGIxZGE1NWEzNjIxYTQ1MzA5OWVkMmI0Y2RmYThhOGQ2Zjp7Il9hdXRoX3VzZXJfaGFzaCI6ImViNjM3YjEwOGQ0ZTBhNTEwMGVkZGYzNTlkODdhNzk3M2RiZTUxN2EiLCJfYXV0aF91c2VyX2JhY2tlbmQiOiJkamFuZ28uY29udHJpYi5hdXRoLmJhY2tlbmRzLk1vZGVsQmFja2VuZCIsIl9hdXRoX3VzZXJfaWQiOiI1NiJ9','2017-10-17 14:12:20.673933'),('jv5h1rt2inz94ql29vgoyx0y9t1ozsw8','YWI5YmQ5MjFlOGYwYjg0NDRkOTY5MTVkZGMxMGUwMjliMDViMjUzMzp7Il9hdXRoX3VzZXJfaGFzaCI6IjFiMDk1ODU3MDliOTRjYjlkN2FkNDMwZTJjYzFlNjE5ZWNiYTFiMjEiLCJfYXV0aF91c2VyX2JhY2tlbmQiOiJkamFuZ28uY29udHJpYi5hdXRoLmJhY2tlbmRzLk1vZGVsQmFja2VuZCIsIl9hdXRoX3VzZXJfaWQiOiI3MiJ9','2017-10-23 13:34:12.670162'),('k2k04x270e63rdhj4te5eahwxg0ltpjt','YmMxMGJhZjU1MzhiOTIzOGI1OTcyZDU2YWY4MmVmYjg1Y2ViYzExODp7Il9hdXRoX3VzZXJfaGFzaCI6ImQ1YzRiYzVjZGJjODVlODFjZmEwYzg1NTY1YTUyYmNlOGI2YTg1ZmQiLCJfYXV0aF91c2VyX2JhY2tlbmQiOiJkamFuZ28uY29udHJpYi5hdXRoLmJhY2tlbmRzLk1vZGVsQmFja2VuZCIsIl9hdXRoX3VzZXJfaWQiOiIxIn0=','2017-10-12 14:01:24.912345'),('k44cn9qx42ywfhxsi0fb84uumygdp7z2','YWI5YmQ5MjFlOGYwYjg0NDRkOTY5MTVkZGMxMGUwMjliMDViMjUzMzp7Il9hdXRoX3VzZXJfaGFzaCI6IjFiMDk1ODU3MDliOTRjYjlkN2FkNDMwZTJjYzFlNjE5ZWNiYTFiMjEiLCJfYXV0aF91c2VyX2JhY2tlbmQiOiJkamFuZ28uY29udHJpYi5hdXRoLmJhY2tlbmRzLk1vZGVsQmFja2VuZCIsIl9hdXRoX3VzZXJfaWQiOiI3MiJ9','2017-10-23 09:56:23.588484'),('k49hbbpfgmrzf0upob4p0dc2n9gnu9w3','MGE3ZTQ0MGI2NDQ1NWZmOTI2OTFhMWE2MmM4MTY1ZDIzMTRlMzFmODp7Il9hdXRoX3VzZXJfaGFzaCI6IjUxMzQxMDg3MTVjMGJlYjk5OTY3YWJkMDZjNDY3NjliYjNmNTFjMWUiLCJfYXV0aF91c2VyX2JhY2tlbmQiOiJkamFuZ28uY29udHJpYi5hdXRoLmJhY2tlbmRzLk1vZGVsQmFja2VuZCIsIl9hdXRoX3VzZXJfaWQiOiI1NyJ9','2017-10-18 14:15:32.902495'),('k4pdx4i36cfosq1tgldo75a4eejl37sl','MGE3ZTQ0MGI2NDQ1NWZmOTI2OTFhMWE2MmM4MTY1ZDIzMTRlMzFmODp7Il9hdXRoX3VzZXJfaGFzaCI6IjUxMzQxMDg3MTVjMGJlYjk5OTY3YWJkMDZjNDY3NjliYjNmNTFjMWUiLCJfYXV0aF91c2VyX2JhY2tlbmQiOiJkamFuZ28uY29udHJpYi5hdXRoLmJhY2tlbmRzLk1vZGVsQmFja2VuZCIsIl9hdXRoX3VzZXJfaWQiOiI1NyJ9','2017-10-19 06:13:57.069195'),('k6qldjjt64xmg2rb7o78dxxzvl10u08c','YWI5YmQ5MjFlOGYwYjg0NDRkOTY5MTVkZGMxMGUwMjliMDViMjUzMzp7Il9hdXRoX3VzZXJfaGFzaCI6IjFiMDk1ODU3MDliOTRjYjlkN2FkNDMwZTJjYzFlNjE5ZWNiYTFiMjEiLCJfYXV0aF91c2VyX2JhY2tlbmQiOiJkamFuZ28uY29udHJpYi5hdXRoLmJhY2tlbmRzLk1vZGVsQmFja2VuZCIsIl9hdXRoX3VzZXJfaWQiOiI3MiJ9','2017-10-23 10:05:04.052082'),('k78h2hk2jkoc0w4o2mt525jl3thbl4de','YWI5YmQ5MjFlOGYwYjg0NDRkOTY5MTVkZGMxMGUwMjliMDViMjUzMzp7Il9hdXRoX3VzZXJfaGFzaCI6IjFiMDk1ODU3MDliOTRjYjlkN2FkNDMwZTJjYzFlNjE5ZWNiYTFiMjEiLCJfYXV0aF91c2VyX2JhY2tlbmQiOiJkamFuZ28uY29udHJpYi5hdXRoLmJhY2tlbmRzLk1vZGVsQmFja2VuZCIsIl9hdXRoX3VzZXJfaWQiOiI3MiJ9','2017-10-23 13:19:41.719410'),('k7s91sg3iis5us86yfqkd7ssrav5voyw','YmMxMGJhZjU1MzhiOTIzOGI1OTcyZDU2YWY4MmVmYjg1Y2ViYzExODp7Il9hdXRoX3VzZXJfaGFzaCI6ImQ1YzRiYzVjZGJjODVlODFjZmEwYzg1NTY1YTUyYmNlOGI2YTg1ZmQiLCJfYXV0aF91c2VyX2JhY2tlbmQiOiJkamFuZ28uY29udHJpYi5hdXRoLmJhY2tlbmRzLk1vZGVsQmFja2VuZCIsIl9hdXRoX3VzZXJfaWQiOiIxIn0=','2017-10-13 07:29:02.632242'),('k7u0eck9u8vpn09dfo8zmxupvcru418s','MGE3ZTQ0MGI2NDQ1NWZmOTI2OTFhMWE2MmM4MTY1ZDIzMTRlMzFmODp7Il9hdXRoX3VzZXJfaGFzaCI6IjUxMzQxMDg3MTVjMGJlYjk5OTY3YWJkMDZjNDY3NjliYjNmNTFjMWUiLCJfYXV0aF91c2VyX2JhY2tlbmQiOiJkamFuZ28uY29udHJpYi5hdXRoLmJhY2tlbmRzLk1vZGVsQmFja2VuZCIsIl9hdXRoX3VzZXJfaWQiOiI1NyJ9','2017-10-19 05:54:06.824370'),('k99bayf6og1y1ui893z7phbr3syvfbor','NDdjZTlhNmMyZjA0YjI4Y2Q0MGU4YjYwNTcwZDdlMWYyMGYwMDg3MTp7Il9hdXRoX3VzZXJfaGFzaCI6IjM5ZTI1MjgxZDIzOWEyNjQzNWQ0ZjE1ODZkZWVjODk0ZjI1OTNmYzQiLCJfYXV0aF91c2VyX2JhY2tlbmQiOiJkamFuZ28uY29udHJpYi5hdXRoLmJhY2tlbmRzLk1vZGVsQmFja2VuZCIsIl9hdXRoX3VzZXJfaWQiOiI0MiJ9','2017-10-20 14:10:00.841784'),('kdveawgakb7ig2i5iqyg540hkrfdp77n','NDdjZTlhNmMyZjA0YjI4Y2Q0MGU4YjYwNTcwZDdlMWYyMGYwMDg3MTp7Il9hdXRoX3VzZXJfaGFzaCI6IjM5ZTI1MjgxZDIzOWEyNjQzNWQ0ZjE1ODZkZWVjODk0ZjI1OTNmYzQiLCJfYXV0aF91c2VyX2JhY2tlbmQiOiJkamFuZ28uY29udHJpYi5hdXRoLmJhY2tlbmRzLk1vZGVsQmFja2VuZCIsIl9hdXRoX3VzZXJfaWQiOiI0MiJ9','2017-10-31 07:47:13.494345'),('ke1dwhpxmpot8b8j9h2c6e4vj0l3m8p4','YmMxMGJhZjU1MzhiOTIzOGI1OTcyZDU2YWY4MmVmYjg1Y2ViYzExODp7Il9hdXRoX3VzZXJfaGFzaCI6ImQ1YzRiYzVjZGJjODVlODFjZmEwYzg1NTY1YTUyYmNlOGI2YTg1ZmQiLCJfYXV0aF91c2VyX2JhY2tlbmQiOiJkamFuZ28uY29udHJpYi5hdXRoLmJhY2tlbmRzLk1vZGVsQmFja2VuZCIsIl9hdXRoX3VzZXJfaWQiOiIxIn0=','2017-10-12 08:31:19.546198'),('khe3n7xnl50c5d1g8oeppo9mkkn6hq5t','NDhmNzEzMGM1Y2Y0ZjU3NGVhNjlhYTYzMGY4ODNkYzczYzUwNWI4MTp7Il9hdXRoX3VzZXJfaGFzaCI6IjdlYzQ2MzMxYjJhNGY5MDBkMWY3OGUzNmU0MTBkYzA1N2EzMjliMDIiLCJfYXV0aF91c2VyX2JhY2tlbmQiOiJkamFuZ28uY29udHJpYi5hdXRoLmJhY2tlbmRzLk1vZGVsQmFja2VuZCIsIl9hdXRoX3VzZXJfaWQiOiI3NyJ9','2017-10-27 12:47:44.161355'),('kkg4i6t93t36wxtjldawhczc6fq7mu8m','YmMxMGJhZjU1MzhiOTIzOGI1OTcyZDU2YWY4MmVmYjg1Y2ViYzExODp7Il9hdXRoX3VzZXJfaGFzaCI6ImQ1YzRiYzVjZGJjODVlODFjZmEwYzg1NTY1YTUyYmNlOGI2YTg1ZmQiLCJfYXV0aF91c2VyX2JhY2tlbmQiOiJkamFuZ28uY29udHJpYi5hdXRoLmJhY2tlbmRzLk1vZGVsQmFja2VuZCIsIl9hdXRoX3VzZXJfaWQiOiIxIn0=','2017-10-11 09:22:50.331283'),('knd3ho0z4gku8zw4tt0vblttte7j5pf4','YmMxMGJhZjU1MzhiOTIzOGI1OTcyZDU2YWY4MmVmYjg1Y2ViYzExODp7Il9hdXRoX3VzZXJfaGFzaCI6ImQ1YzRiYzVjZGJjODVlODFjZmEwYzg1NTY1YTUyYmNlOGI2YTg1ZmQiLCJfYXV0aF91c2VyX2JhY2tlbmQiOiJkamFuZ28uY29udHJpYi5hdXRoLmJhY2tlbmRzLk1vZGVsQmFja2VuZCIsIl9hdXRoX3VzZXJfaWQiOiIxIn0=','2017-10-13 07:29:57.176455'),('kq08kboun3ldspkppvuu8vmhqvyarboe','NDdjZTlhNmMyZjA0YjI4Y2Q0MGU4YjYwNTcwZDdlMWYyMGYwMDg3MTp7Il9hdXRoX3VzZXJfaGFzaCI6IjM5ZTI1MjgxZDIzOWEyNjQzNWQ0ZjE1ODZkZWVjODk0ZjI1OTNmYzQiLCJfYXV0aF91c2VyX2JhY2tlbmQiOiJkamFuZ28uY29udHJpYi5hdXRoLmJhY2tlbmRzLk1vZGVsQmFja2VuZCIsIl9hdXRoX3VzZXJfaWQiOiI0MiJ9','2017-10-20 05:58:22.810721'),('krnnsd0ltpg5ekk1ssx82vwcj1cfx3o5','YWI5YmQ5MjFlOGYwYjg0NDRkOTY5MTVkZGMxMGUwMjliMDViMjUzMzp7Il9hdXRoX3VzZXJfaGFzaCI6IjFiMDk1ODU3MDliOTRjYjlkN2FkNDMwZTJjYzFlNjE5ZWNiYTFiMjEiLCJfYXV0aF91c2VyX2JhY2tlbmQiOiJkamFuZ28uY29udHJpYi5hdXRoLmJhY2tlbmRzLk1vZGVsQmFja2VuZCIsIl9hdXRoX3VzZXJfaWQiOiI3MiJ9','2017-10-24 07:25:43.306121'),('ksjj278x5v18idq4lgeid97dmzz0y9f0','NDhmNzEzMGM1Y2Y0ZjU3NGVhNjlhYTYzMGY4ODNkYzczYzUwNWI4MTp7Il9hdXRoX3VzZXJfaGFzaCI6IjdlYzQ2MzMxYjJhNGY5MDBkMWY3OGUzNmU0MTBkYzA1N2EzMjliMDIiLCJfYXV0aF91c2VyX2JhY2tlbmQiOiJkamFuZ28uY29udHJpYi5hdXRoLmJhY2tlbmRzLk1vZGVsQmFja2VuZCIsIl9hdXRoX3VzZXJfaWQiOiI3NyJ9','2017-10-26 05:15:26.983176'),('l39jj0qo2nbhm2jqbjbmvsvihww0c9gu','NDhmNzEzMGM1Y2Y0ZjU3NGVhNjlhYTYzMGY4ODNkYzczYzUwNWI4MTp7Il9hdXRoX3VzZXJfaGFzaCI6IjdlYzQ2MzMxYjJhNGY5MDBkMWY3OGUzNmU0MTBkYzA1N2EzMjliMDIiLCJfYXV0aF91c2VyX2JhY2tlbmQiOiJkamFuZ28uY29udHJpYi5hdXRoLmJhY2tlbmRzLk1vZGVsQmFja2VuZCIsIl9hdXRoX3VzZXJfaWQiOiI3NyJ9','2017-10-27 13:37:15.214085'),('l3htrvz1adl7okck31jjacp9s11yuk8p','NDhmNzEzMGM1Y2Y0ZjU3NGVhNjlhYTYzMGY4ODNkYzczYzUwNWI4MTp7Il9hdXRoX3VzZXJfaGFzaCI6IjdlYzQ2MzMxYjJhNGY5MDBkMWY3OGUzNmU0MTBkYzA1N2EzMjliMDIiLCJfYXV0aF91c2VyX2JhY2tlbmQiOiJkamFuZ28uY29udHJpYi5hdXRoLmJhY2tlbmRzLk1vZGVsQmFja2VuZCIsIl9hdXRoX3VzZXJfaWQiOiI3NyJ9','2017-10-30 05:59:03.742223'),('l3uo3nranmstj34rinhvzb35cs8mmdy2','NDdjZTlhNmMyZjA0YjI4Y2Q0MGU4YjYwNTcwZDdlMWYyMGYwMDg3MTp7Il9hdXRoX3VzZXJfaGFzaCI6IjM5ZTI1MjgxZDIzOWEyNjQzNWQ0ZjE1ODZkZWVjODk0ZjI1OTNmYzQiLCJfYXV0aF91c2VyX2JhY2tlbmQiOiJkamFuZ28uY29udHJpYi5hdXRoLmJhY2tlbmRzLk1vZGVsQmFja2VuZCIsIl9hdXRoX3VzZXJfaWQiOiI0MiJ9','2017-10-25 10:47:54.772938'),('l4y4terfz6x0x5mo509sb857jth5bmiz','Njc4NjJjNmZlN2IzY2YxMDNlZDMwM2U2ZGNhYzdiYzNkYmE0YjRjMjp7Il9hdXRoX3VzZXJfaGFzaCI6ImRjMDUyMTJiYjJjYjEyNjNkYjkyZTZjNGMzM2U4MjBlZTU0ZGE2MzgiLCJfYXV0aF91c2VyX2JhY2tlbmQiOiJkamFuZ28uY29udHJpYi5hdXRoLmJhY2tlbmRzLk1vZGVsQmFja2VuZCIsIl9hdXRoX3VzZXJfaWQiOiIyIn0=','2017-10-11 07:23:47.199714'),('l68qy4byaqrd8euc3cs682hfpzloxan4','ZDZhMGU3NGIxZGE1NWEzNjIxYTQ1MzA5OWVkMmI0Y2RmYThhOGQ2Zjp7Il9hdXRoX3VzZXJfaGFzaCI6ImViNjM3YjEwOGQ0ZTBhNTEwMGVkZGYzNTlkODdhNzk3M2RiZTUxN2EiLCJfYXV0aF91c2VyX2JhY2tlbmQiOiJkamFuZ28uY29udHJpYi5hdXRoLmJhY2tlbmRzLk1vZGVsQmFja2VuZCIsIl9hdXRoX3VzZXJfaWQiOiI1NiJ9','2017-10-17 14:10:12.572175'),('l7cfhry6pukbuhlzkptcz3a6s3ogr4fv','YmMxMGJhZjU1MzhiOTIzOGI1OTcyZDU2YWY4MmVmYjg1Y2ViYzExODp7Il9hdXRoX3VzZXJfaGFzaCI6ImQ1YzRiYzVjZGJjODVlODFjZmEwYzg1NTY1YTUyYmNlOGI2YTg1ZmQiLCJfYXV0aF91c2VyX2JhY2tlbmQiOiJkamFuZ28uY29udHJpYi5hdXRoLmJhY2tlbmRzLk1vZGVsQmFja2VuZCIsIl9hdXRoX3VzZXJfaWQiOiIxIn0=','2017-10-13 06:38:42.307549'),('lb4sgpgtygcta3crpcgnfe8g3tqvi8r3','YWI5YmQ5MjFlOGYwYjg0NDRkOTY5MTVkZGMxMGUwMjliMDViMjUzMzp7Il9hdXRoX3VzZXJfaGFzaCI6IjFiMDk1ODU3MDliOTRjYjlkN2FkNDMwZTJjYzFlNjE5ZWNiYTFiMjEiLCJfYXV0aF91c2VyX2JhY2tlbmQiOiJkamFuZ28uY29udHJpYi5hdXRoLmJhY2tlbmRzLk1vZGVsQmFja2VuZCIsIl9hdXRoX3VzZXJfaWQiOiI3MiJ9','2017-10-23 14:12:16.751256'),('lbajf6ewcpenfsswhzzrt78mpsme6mqq','NDhmNzEzMGM1Y2Y0ZjU3NGVhNjlhYTYzMGY4ODNkYzczYzUwNWI4MTp7Il9hdXRoX3VzZXJfaGFzaCI6IjdlYzQ2MzMxYjJhNGY5MDBkMWY3OGUzNmU0MTBkYzA1N2EzMjliMDIiLCJfYXV0aF91c2VyX2JhY2tlbmQiOiJkamFuZ28uY29udHJpYi5hdXRoLmJhY2tlbmRzLk1vZGVsQmFja2VuZCIsIl9hdXRoX3VzZXJfaWQiOiI3NyJ9','2017-10-31 10:03:19.195035'),('lceoe7jmri20orb69794ubqpg0xbpshv','YWI5YmQ5MjFlOGYwYjg0NDRkOTY5MTVkZGMxMGUwMjliMDViMjUzMzp7Il9hdXRoX3VzZXJfaGFzaCI6IjFiMDk1ODU3MDliOTRjYjlkN2FkNDMwZTJjYzFlNjE5ZWNiYTFiMjEiLCJfYXV0aF91c2VyX2JhY2tlbmQiOiJkamFuZ28uY29udHJpYi5hdXRoLmJhY2tlbmRzLk1vZGVsQmFja2VuZCIsIl9hdXRoX3VzZXJfaWQiOiI3MiJ9','2017-10-23 13:36:15.730506'),('lciizakdum0ehixrb8hkxxn78t5zy6o6','MGE3ZTQ0MGI2NDQ1NWZmOTI2OTFhMWE2MmM4MTY1ZDIzMTRlMzFmODp7Il9hdXRoX3VzZXJfaGFzaCI6IjUxMzQxMDg3MTVjMGJlYjk5OTY3YWJkMDZjNDY3NjliYjNmNTFjMWUiLCJfYXV0aF91c2VyX2JhY2tlbmQiOiJkamFuZ28uY29udHJpYi5hdXRoLmJhY2tlbmRzLk1vZGVsQmFja2VuZCIsIl9hdXRoX3VzZXJfaWQiOiI1NyJ9','2017-10-18 13:21:11.343418'),('lfkmrqq9jsxnez6b7vnjbyrwk1kf2pz1','YWI5YmQ5MjFlOGYwYjg0NDRkOTY5MTVkZGMxMGUwMjliMDViMjUzMzp7Il9hdXRoX3VzZXJfaGFzaCI6IjFiMDk1ODU3MDliOTRjYjlkN2FkNDMwZTJjYzFlNjE5ZWNiYTFiMjEiLCJfYXV0aF91c2VyX2JhY2tlbmQiOiJkamFuZ28uY29udHJpYi5hdXRoLmJhY2tlbmRzLk1vZGVsQmFja2VuZCIsIl9hdXRoX3VzZXJfaWQiOiI3MiJ9','2017-10-23 06:02:36.492075'),('lnjp1eb9ksxchuvo1pc6nua4sexjgwed','NDdjZTlhNmMyZjA0YjI4Y2Q0MGU4YjYwNTcwZDdlMWYyMGYwMDg3MTp7Il9hdXRoX3VzZXJfaGFzaCI6IjM5ZTI1MjgxZDIzOWEyNjQzNWQ0ZjE1ODZkZWVjODk0ZjI1OTNmYzQiLCJfYXV0aF91c2VyX2JhY2tlbmQiOiJkamFuZ28uY29udHJpYi5hdXRoLmJhY2tlbmRzLk1vZGVsQmFja2VuZCIsIl9hdXRoX3VzZXJfaWQiOiI0MiJ9','2017-10-27 12:48:25.882300'),('lrj6nbiiwazn2ad0pl4qgf1n6win4p6z','NDhmNzEzMGM1Y2Y0ZjU3NGVhNjlhYTYzMGY4ODNkYzczYzUwNWI4MTp7Il9hdXRoX3VzZXJfaGFzaCI6IjdlYzQ2MzMxYjJhNGY5MDBkMWY3OGUzNmU0MTBkYzA1N2EzMjliMDIiLCJfYXV0aF91c2VyX2JhY2tlbmQiOiJkamFuZ28uY29udHJpYi5hdXRoLmJhY2tlbmRzLk1vZGVsQmFja2VuZCIsIl9hdXRoX3VzZXJfaWQiOiI3NyJ9','2017-10-31 10:47:20.050035'),('ls81pw1q3dnyrplwe0twvjnca4d5tzy7','YmMxMGJhZjU1MzhiOTIzOGI1OTcyZDU2YWY4MmVmYjg1Y2ViYzExODp7Il9hdXRoX3VzZXJfaGFzaCI6ImQ1YzRiYzVjZGJjODVlODFjZmEwYzg1NTY1YTUyYmNlOGI2YTg1ZmQiLCJfYXV0aF91c2VyX2JhY2tlbmQiOiJkamFuZ28uY29udHJpYi5hdXRoLmJhY2tlbmRzLk1vZGVsQmFja2VuZCIsIl9hdXRoX3VzZXJfaWQiOiIxIn0=','2017-10-12 10:19:44.698836'),('lsybptasia8ullqugfbrgpjb2eez3lis','MGE3ZTQ0MGI2NDQ1NWZmOTI2OTFhMWE2MmM4MTY1ZDIzMTRlMzFmODp7Il9hdXRoX3VzZXJfaGFzaCI6IjUxMzQxMDg3MTVjMGJlYjk5OTY3YWJkMDZjNDY3NjliYjNmNTFjMWUiLCJfYXV0aF91c2VyX2JhY2tlbmQiOiJkamFuZ28uY29udHJpYi5hdXRoLmJhY2tlbmRzLk1vZGVsQmFja2VuZCIsIl9hdXRoX3VzZXJfaWQiOiI1NyJ9','2017-10-19 06:09:50.469095'),('lvlzdmxrf224uav05lfo2s2kgr6olt9a','ZDZhMGU3NGIxZGE1NWEzNjIxYTQ1MzA5OWVkMmI0Y2RmYThhOGQ2Zjp7Il9hdXRoX3VzZXJfaGFzaCI6ImViNjM3YjEwOGQ0ZTBhNTEwMGVkZGYzNTlkODdhNzk3M2RiZTUxN2EiLCJfYXV0aF91c2VyX2JhY2tlbmQiOiJkamFuZ28uY29udHJpYi5hdXRoLmJhY2tlbmRzLk1vZGVsQmFja2VuZCIsIl9hdXRoX3VzZXJfaWQiOiI1NiJ9','2017-10-17 14:13:59.098518'),('ly8eesc2djd9f7r1rtftvwb5ip4ewpbn','NDdjZTlhNmMyZjA0YjI4Y2Q0MGU4YjYwNTcwZDdlMWYyMGYwMDg3MTp7Il9hdXRoX3VzZXJfaGFzaCI6IjM5ZTI1MjgxZDIzOWEyNjQzNWQ0ZjE1ODZkZWVjODk0ZjI1OTNmYzQiLCJfYXV0aF91c2VyX2JhY2tlbmQiOiJkamFuZ28uY29udHJpYi5hdXRoLmJhY2tlbmRzLk1vZGVsQmFja2VuZCIsIl9hdXRoX3VzZXJfaWQiOiI0MiJ9','2017-10-26 05:04:46.962621'),('m075s01vmbpjkhnkpmhruikj6fmcylr6','YWI5YmQ5MjFlOGYwYjg0NDRkOTY5MTVkZGMxMGUwMjliMDViMjUzMzp7Il9hdXRoX3VzZXJfaGFzaCI6IjFiMDk1ODU3MDliOTRjYjlkN2FkNDMwZTJjYzFlNjE5ZWNiYTFiMjEiLCJfYXV0aF91c2VyX2JhY2tlbmQiOiJkamFuZ28uY29udHJpYi5hdXRoLmJhY2tlbmRzLk1vZGVsQmFja2VuZCIsIl9hdXRoX3VzZXJfaWQiOiI3MiJ9','2017-10-23 10:11:09.049992'),('m2g3d94fbvwgeyl5q58f2b89aot5u8vx','NDhmNzEzMGM1Y2Y0ZjU3NGVhNjlhYTYzMGY4ODNkYzczYzUwNWI4MTp7Il9hdXRoX3VzZXJfaGFzaCI6IjdlYzQ2MzMxYjJhNGY5MDBkMWY3OGUzNmU0MTBkYzA1N2EzMjliMDIiLCJfYXV0aF91c2VyX2JhY2tlbmQiOiJkamFuZ28uY29udHJpYi5hdXRoLmJhY2tlbmRzLk1vZGVsQmFja2VuZCIsIl9hdXRoX3VzZXJfaWQiOiI3NyJ9','2017-10-25 13:20:34.914096'),('m2tzl0jw5yubrmz6zhkmjci8vgg5d7cm','YWI5YmQ5MjFlOGYwYjg0NDRkOTY5MTVkZGMxMGUwMjliMDViMjUzMzp7Il9hdXRoX3VzZXJfaGFzaCI6IjFiMDk1ODU3MDliOTRjYjlkN2FkNDMwZTJjYzFlNjE5ZWNiYTFiMjEiLCJfYXV0aF91c2VyX2JhY2tlbmQiOiJkamFuZ28uY29udHJpYi5hdXRoLmJhY2tlbmRzLk1vZGVsQmFja2VuZCIsIl9hdXRoX3VzZXJfaWQiOiI3MiJ9','2017-10-23 10:14:25.988877'),('m5mr9zccj66f56hobakjjhxl093begdg','MGE3ZTQ0MGI2NDQ1NWZmOTI2OTFhMWE2MmM4MTY1ZDIzMTRlMzFmODp7Il9hdXRoX3VzZXJfaGFzaCI6IjUxMzQxMDg3MTVjMGJlYjk5OTY3YWJkMDZjNDY3NjliYjNmNTFjMWUiLCJfYXV0aF91c2VyX2JhY2tlbmQiOiJkamFuZ28uY29udHJpYi5hdXRoLmJhY2tlbmRzLk1vZGVsQmFja2VuZCIsIl9hdXRoX3VzZXJfaWQiOiI1NyJ9','2017-10-18 10:54:44.617922'),('m6eacuhpu976kgirh3avcom0dui02lmr','MDhiODk4ZTE4YjZiOWJmZmE1Nzg3OTgwMTc0YjJhZWZiMWE0MjM1Mzp7Il9hdXRoX3VzZXJfaGFzaCI6IjJmOTM4ODA0NzVhYmRiZDAwMGE5OTRkMzQ0ZDU4MjIwMGUyNmFjYTgiLCJfYXV0aF91c2VyX2JhY2tlbmQiOiJkamFuZ28uY29udHJpYi5hdXRoLmJhY2tlbmRzLk1vZGVsQmFja2VuZCIsIl9hdXRoX3VzZXJfaWQiOiI3MSJ9','2017-10-19 12:46:09.726911'),('m7hiu6vyrpog2q9nrnjzl1t9qrtydba9','ZDZhMGU3NGIxZGE1NWEzNjIxYTQ1MzA5OWVkMmI0Y2RmYThhOGQ2Zjp7Il9hdXRoX3VzZXJfaGFzaCI6ImViNjM3YjEwOGQ0ZTBhNTEwMGVkZGYzNTlkODdhNzk3M2RiZTUxN2EiLCJfYXV0aF91c2VyX2JhY2tlbmQiOiJkamFuZ28uY29udHJpYi5hdXRoLmJhY2tlbmRzLk1vZGVsQmFja2VuZCIsIl9hdXRoX3VzZXJfaWQiOiI1NiJ9','2017-10-17 14:16:57.314312'),('m7wv4zrzw6qdavkr7zgidwqplx3iaray','YmMxMGJhZjU1MzhiOTIzOGI1OTcyZDU2YWY4MmVmYjg1Y2ViYzExODp7Il9hdXRoX3VzZXJfaGFzaCI6ImQ1YzRiYzVjZGJjODVlODFjZmEwYzg1NTY1YTUyYmNlOGI2YTg1ZmQiLCJfYXV0aF91c2VyX2JhY2tlbmQiOiJkamFuZ28uY29udHJpYi5hdXRoLmJhY2tlbmRzLk1vZGVsQmFja2VuZCIsIl9hdXRoX3VzZXJfaWQiOiIxIn0=','2017-10-17 04:37:48.686299'),('m8k7qpuprlxndw82zz2eyq9zjhyena0m','YWI5YmQ5MjFlOGYwYjg0NDRkOTY5MTVkZGMxMGUwMjliMDViMjUzMzp7Il9hdXRoX3VzZXJfaGFzaCI6IjFiMDk1ODU3MDliOTRjYjlkN2FkNDMwZTJjYzFlNjE5ZWNiYTFiMjEiLCJfYXV0aF91c2VyX2JhY2tlbmQiOiJkamFuZ28uY29udHJpYi5hdXRoLmJhY2tlbmRzLk1vZGVsQmFja2VuZCIsIl9hdXRoX3VzZXJfaWQiOiI3MiJ9','2017-10-23 07:58:29.816968'),('m8qv50ylksp58rf87kva6uv5y5jfouc9','YWI5YmQ5MjFlOGYwYjg0NDRkOTY5MTVkZGMxMGUwMjliMDViMjUzMzp7Il9hdXRoX3VzZXJfaGFzaCI6IjFiMDk1ODU3MDliOTRjYjlkN2FkNDMwZTJjYzFlNjE5ZWNiYTFiMjEiLCJfYXV0aF91c2VyX2JhY2tlbmQiOiJkamFuZ28uY29udHJpYi5hdXRoLmJhY2tlbmRzLk1vZGVsQmFja2VuZCIsIl9hdXRoX3VzZXJfaWQiOiI3MiJ9','2017-10-24 12:20:23.442225'),('mc02pfqtdoy7kf88lat4a3wglvqf19k9','YmMxMGJhZjU1MzhiOTIzOGI1OTcyZDU2YWY4MmVmYjg1Y2ViYzExODp7Il9hdXRoX3VzZXJfaGFzaCI6ImQ1YzRiYzVjZGJjODVlODFjZmEwYzg1NTY1YTUyYmNlOGI2YTg1ZmQiLCJfYXV0aF91c2VyX2JhY2tlbmQiOiJkamFuZ28uY29udHJpYi5hdXRoLmJhY2tlbmRzLk1vZGVsQmFja2VuZCIsIl9hdXRoX3VzZXJfaWQiOiIxIn0=','2017-10-13 11:19:54.789849'),('mcx8b8lvnokl9oupw1d21otzohr0ntgp','YWI5YmQ5MjFlOGYwYjg0NDRkOTY5MTVkZGMxMGUwMjliMDViMjUzMzp7Il9hdXRoX3VzZXJfaGFzaCI6IjFiMDk1ODU3MDliOTRjYjlkN2FkNDMwZTJjYzFlNjE5ZWNiYTFiMjEiLCJfYXV0aF91c2VyX2JhY2tlbmQiOiJkamFuZ28uY29udHJpYi5hdXRoLmJhY2tlbmRzLk1vZGVsQmFja2VuZCIsIl9hdXRoX3VzZXJfaWQiOiI3MiJ9','2017-10-25 05:52:33.744406'),('mhhiayc24z0jqx58dj1tbuxuatwjzi5m','YWI5YmQ5MjFlOGYwYjg0NDRkOTY5MTVkZGMxMGUwMjliMDViMjUzMzp7Il9hdXRoX3VzZXJfaGFzaCI6IjFiMDk1ODU3MDliOTRjYjlkN2FkNDMwZTJjYzFlNjE5ZWNiYTFiMjEiLCJfYXV0aF91c2VyX2JhY2tlbmQiOiJkamFuZ28uY29udHJpYi5hdXRoLmJhY2tlbmRzLk1vZGVsQmFja2VuZCIsIl9hdXRoX3VzZXJfaWQiOiI3MiJ9','2017-10-24 12:05:00.467174'),('mkmhlg9bl731nkzaa6buhp8xa0wjccxd','YmMxMGJhZjU1MzhiOTIzOGI1OTcyZDU2YWY4MmVmYjg1Y2ViYzExODp7Il9hdXRoX3VzZXJfaGFzaCI6ImQ1YzRiYzVjZGJjODVlODFjZmEwYzg1NTY1YTUyYmNlOGI2YTg1ZmQiLCJfYXV0aF91c2VyX2JhY2tlbmQiOiJkamFuZ28uY29udHJpYi5hdXRoLmJhY2tlbmRzLk1vZGVsQmFja2VuZCIsIl9hdXRoX3VzZXJfaWQiOiIxIn0=','2017-10-13 07:14:29.694480'),('mmjzhc6z6jntnugbhsdcsvn2ii83otiu','YmMxMGJhZjU1MzhiOTIzOGI1OTcyZDU2YWY4MmVmYjg1Y2ViYzExODp7Il9hdXRoX3VzZXJfaGFzaCI6ImQ1YzRiYzVjZGJjODVlODFjZmEwYzg1NTY1YTUyYmNlOGI2YTg1ZmQiLCJfYXV0aF91c2VyX2JhY2tlbmQiOiJkamFuZ28uY29udHJpYi5hdXRoLmJhY2tlbmRzLk1vZGVsQmFja2VuZCIsIl9hdXRoX3VzZXJfaWQiOiIxIn0=','2017-10-11 07:31:04.603091'),('mn090uw039nnvrpabr430n4prf1fldvd','NDdjZTlhNmMyZjA0YjI4Y2Q0MGU4YjYwNTcwZDdlMWYyMGYwMDg3MTp7Il9hdXRoX3VzZXJfaGFzaCI6IjM5ZTI1MjgxZDIzOWEyNjQzNWQ0ZjE1ODZkZWVjODk0ZjI1OTNmYzQiLCJfYXV0aF91c2VyX2JhY2tlbmQiOiJkamFuZ28uY29udHJpYi5hdXRoLmJhY2tlbmRzLk1vZGVsQmFja2VuZCIsIl9hdXRoX3VzZXJfaWQiOiI0MiJ9','2017-10-17 13:58:58.184448'),('mn5krmntw0hcgkx40gz4hfo6vynpg4zz','YmMxMGJhZjU1MzhiOTIzOGI1OTcyZDU2YWY4MmVmYjg1Y2ViYzExODp7Il9hdXRoX3VzZXJfaGFzaCI6ImQ1YzRiYzVjZGJjODVlODFjZmEwYzg1NTY1YTUyYmNlOGI2YTg1ZmQiLCJfYXV0aF91c2VyX2JhY2tlbmQiOiJkamFuZ28uY29udHJpYi5hdXRoLmJhY2tlbmRzLk1vZGVsQmFja2VuZCIsIl9hdXRoX3VzZXJfaWQiOiIxIn0=','2017-10-17 06:42:30.859583'),('mnvvn81ptgi7uele3wnzpkie2hcmlwge','YmMxMGJhZjU1MzhiOTIzOGI1OTcyZDU2YWY4MmVmYjg1Y2ViYzExODp7Il9hdXRoX3VzZXJfaGFzaCI6ImQ1YzRiYzVjZGJjODVlODFjZmEwYzg1NTY1YTUyYmNlOGI2YTg1ZmQiLCJfYXV0aF91c2VyX2JhY2tlbmQiOiJkamFuZ28uY29udHJpYi5hdXRoLmJhY2tlbmRzLk1vZGVsQmFja2VuZCIsIl9hdXRoX3VzZXJfaWQiOiIxIn0=','2017-10-11 13:19:08.253825'),('mquj35317n2t4rwrdcm6oqt4vjobhwu6','NDdjZTlhNmMyZjA0YjI4Y2Q0MGU4YjYwNTcwZDdlMWYyMGYwMDg3MTp7Il9hdXRoX3VzZXJfaGFzaCI6IjM5ZTI1MjgxZDIzOWEyNjQzNWQ0ZjE1ODZkZWVjODk0ZjI1OTNmYzQiLCJfYXV0aF91c2VyX2JhY2tlbmQiOiJkamFuZ28uY29udHJpYi5hdXRoLmJhY2tlbmRzLk1vZGVsQmFja2VuZCIsIl9hdXRoX3VzZXJfaWQiOiI0MiJ9','2017-10-25 13:20:11.964239'),('mt2jq9iasv5ivxdwt5a821b1bl897udf','YmMxMGJhZjU1MzhiOTIzOGI1OTcyZDU2YWY4MmVmYjg1Y2ViYzExODp7Il9hdXRoX3VzZXJfaGFzaCI6ImQ1YzRiYzVjZGJjODVlODFjZmEwYzg1NTY1YTUyYmNlOGI2YTg1ZmQiLCJfYXV0aF91c2VyX2JhY2tlbmQiOiJkamFuZ28uY29udHJpYi5hdXRoLmJhY2tlbmRzLk1vZGVsQmFja2VuZCIsIl9hdXRoX3VzZXJfaWQiOiIxIn0=','2017-10-11 12:20:30.876311'),('mux6eijhthbsuildpfx1qesc4huvzgbv','YmMxMGJhZjU1MzhiOTIzOGI1OTcyZDU2YWY4MmVmYjg1Y2ViYzExODp7Il9hdXRoX3VzZXJfaGFzaCI6ImQ1YzRiYzVjZGJjODVlODFjZmEwYzg1NTY1YTUyYmNlOGI2YTg1ZmQiLCJfYXV0aF91c2VyX2JhY2tlbmQiOiJkamFuZ28uY29udHJpYi5hdXRoLmJhY2tlbmRzLk1vZGVsQmFja2VuZCIsIl9hdXRoX3VzZXJfaWQiOiIxIn0=','2017-10-13 06:37:45.543503'),('mvvpeqljav2xxtq8rm5bqk8mjwlxzirq','NDdjZTlhNmMyZjA0YjI4Y2Q0MGU4YjYwNTcwZDdlMWYyMGYwMDg3MTp7Il9hdXRoX3VzZXJfaGFzaCI6IjM5ZTI1MjgxZDIzOWEyNjQzNWQ0ZjE1ODZkZWVjODk0ZjI1OTNmYzQiLCJfYXV0aF91c2VyX2JhY2tlbmQiOiJkamFuZ28uY29udHJpYi5hdXRoLmJhY2tlbmRzLk1vZGVsQmFja2VuZCIsIl9hdXRoX3VzZXJfaWQiOiI0MiJ9','2017-10-23 13:06:36.318486'),('mwommlfvb8ze18x1sz8gpkoz6tdjsyx1','NDdjZTlhNmMyZjA0YjI4Y2Q0MGU4YjYwNTcwZDdlMWYyMGYwMDg3MTp7Il9hdXRoX3VzZXJfaGFzaCI6IjM5ZTI1MjgxZDIzOWEyNjQzNWQ0ZjE1ODZkZWVjODk0ZjI1OTNmYzQiLCJfYXV0aF91c2VyX2JhY2tlbmQiOiJkamFuZ28uY29udHJpYi5hdXRoLmJhY2tlbmRzLk1vZGVsQmFja2VuZCIsIl9hdXRoX3VzZXJfaWQiOiI0MiJ9','2017-10-27 05:40:21.239875'),('mzkypjt70k935e0kuk6ufaah6uz3zy5b','NDdjZTlhNmMyZjA0YjI4Y2Q0MGU4YjYwNTcwZDdlMWYyMGYwMDg3MTp7Il9hdXRoX3VzZXJfaGFzaCI6IjM5ZTI1MjgxZDIzOWEyNjQzNWQ0ZjE1ODZkZWVjODk0ZjI1OTNmYzQiLCJfYXV0aF91c2VyX2JhY2tlbmQiOiJkamFuZ28uY29udHJpYi5hdXRoLmJhY2tlbmRzLk1vZGVsQmFja2VuZCIsIl9hdXRoX3VzZXJfaWQiOiI0MiJ9','2017-10-17 14:14:41.428765'),('n11mcao56f0bti11nfvwshsr8l1cieew','YWI5YmQ5MjFlOGYwYjg0NDRkOTY5MTVkZGMxMGUwMjliMDViMjUzMzp7Il9hdXRoX3VzZXJfaGFzaCI6IjFiMDk1ODU3MDliOTRjYjlkN2FkNDMwZTJjYzFlNjE5ZWNiYTFiMjEiLCJfYXV0aF91c2VyX2JhY2tlbmQiOiJkamFuZ28uY29udHJpYi5hdXRoLmJhY2tlbmRzLk1vZGVsQmFja2VuZCIsIl9hdXRoX3VzZXJfaWQiOiI3MiJ9','2017-10-19 13:16:48.117125'),('n22jcxxt9oa2id105wx6ag4a6ls8lqp8','ZWExZjExNjkzYWE1M2ZjMmVjN2FmM2U1Mzk5ZTRkMTA1ODBlNDc0MDp7Il9hdXRoX3VzZXJfaGFzaCI6IjQzYjFkNmI0NGQ0MjgwZThlZmFkZjQ3YzY2Mzg1NzA5OGU0NDA1ZjQiLCJfYXV0aF91c2VyX2JhY2tlbmQiOiJkamFuZ28uY29udHJpYi5hdXRoLmJhY2tlbmRzLk1vZGVsQmFja2VuZCIsIl9hdXRoX3VzZXJfaWQiOiI1OCJ9','2017-10-18 07:30:33.982810'),('n3vvndguji06ahr9mw1lck71rqnc89kr','NDhmNzEzMGM1Y2Y0ZjU3NGVhNjlhYTYzMGY4ODNkYzczYzUwNWI4MTp7Il9hdXRoX3VzZXJfaGFzaCI6IjdlYzQ2MzMxYjJhNGY5MDBkMWY3OGUzNmU0MTBkYzA1N2EzMjliMDIiLCJfYXV0aF91c2VyX2JhY2tlbmQiOiJkamFuZ28uY29udHJpYi5hdXRoLmJhY2tlbmRzLk1vZGVsQmFja2VuZCIsIl9hdXRoX3VzZXJfaWQiOiI3NyJ9','2017-10-30 11:37:29.488062'),('n60e2see9a41uuu2dsxyhtqx4lvtcl0r','YmMxMGJhZjU1MzhiOTIzOGI1OTcyZDU2YWY4MmVmYjg1Y2ViYzExODp7Il9hdXRoX3VzZXJfaGFzaCI6ImQ1YzRiYzVjZGJjODVlODFjZmEwYzg1NTY1YTUyYmNlOGI2YTg1ZmQiLCJfYXV0aF91c2VyX2JhY2tlbmQiOiJkamFuZ28uY29udHJpYi5hdXRoLmJhY2tlbmRzLk1vZGVsQmFja2VuZCIsIl9hdXRoX3VzZXJfaWQiOiIxIn0=','2017-10-11 13:26:15.580379'),('n6jw38n2s4oe7kvpul7gbtg81xirnzj6','NDdjZTlhNmMyZjA0YjI4Y2Q0MGU4YjYwNTcwZDdlMWYyMGYwMDg3MTp7Il9hdXRoX3VzZXJfaGFzaCI6IjM5ZTI1MjgxZDIzOWEyNjQzNWQ0ZjE1ODZkZWVjODk0ZjI1OTNmYzQiLCJfYXV0aF91c2VyX2JhY2tlbmQiOiJkamFuZ28uY29udHJpYi5hdXRoLmJhY2tlbmRzLk1vZGVsQmFja2VuZCIsIl9hdXRoX3VzZXJfaWQiOiI0MiJ9','2017-10-18 10:29:19.942996'),('n9dbvvo048jecxwmha7e319esrbgkupm','MGE3ZTQ0MGI2NDQ1NWZmOTI2OTFhMWE2MmM4MTY1ZDIzMTRlMzFmODp7Il9hdXRoX3VzZXJfaGFzaCI6IjUxMzQxMDg3MTVjMGJlYjk5OTY3YWJkMDZjNDY3NjliYjNmNTFjMWUiLCJfYXV0aF91c2VyX2JhY2tlbmQiOiJkamFuZ28uY29udHJpYi5hdXRoLmJhY2tlbmRzLk1vZGVsQmFja2VuZCIsIl9hdXRoX3VzZXJfaWQiOiI1NyJ9','2017-10-19 06:15:30.399109'),('n9qe1ivbtggcf69i3dvah2nxo8i3qvjj','YmMxMGJhZjU1MzhiOTIzOGI1OTcyZDU2YWY4MmVmYjg1Y2ViYzExODp7Il9hdXRoX3VzZXJfaGFzaCI6ImQ1YzRiYzVjZGJjODVlODFjZmEwYzg1NTY1YTUyYmNlOGI2YTg1ZmQiLCJfYXV0aF91c2VyX2JhY2tlbmQiOiJkamFuZ28uY29udHJpYi5hdXRoLmJhY2tlbmRzLk1vZGVsQmFja2VuZCIsIl9hdXRoX3VzZXJfaWQiOiIxIn0=','2017-10-11 13:28:11.936587'),('ngsdahovf256rkcuyrul6dqblar4uqqa','MGE3ZTQ0MGI2NDQ1NWZmOTI2OTFhMWE2MmM4MTY1ZDIzMTRlMzFmODp7Il9hdXRoX3VzZXJfaGFzaCI6IjUxMzQxMDg3MTVjMGJlYjk5OTY3YWJkMDZjNDY3NjliYjNmNTFjMWUiLCJfYXV0aF91c2VyX2JhY2tlbmQiOiJkamFuZ28uY29udHJpYi5hdXRoLmJhY2tlbmRzLk1vZGVsQmFja2VuZCIsIl9hdXRoX3VzZXJfaWQiOiI1NyJ9','2017-10-18 11:02:56.455408'),('nhmw7tcu37g6np1pwnt6e9tq8sp2x152','NDdjZTlhNmMyZjA0YjI4Y2Q0MGU4YjYwNTcwZDdlMWYyMGYwMDg3MTp7Il9hdXRoX3VzZXJfaGFzaCI6IjM5ZTI1MjgxZDIzOWEyNjQzNWQ0ZjE1ODZkZWVjODk0ZjI1OTNmYzQiLCJfYXV0aF91c2VyX2JhY2tlbmQiOiJkamFuZ28uY29udHJpYi5hdXRoLmJhY2tlbmRzLk1vZGVsQmFja2VuZCIsIl9hdXRoX3VzZXJfaWQiOiI0MiJ9','2017-10-25 10:15:37.176955'),('ni3dusjesjcf3fz5uyk13zbxlnlhdmq9','YmMxMGJhZjU1MzhiOTIzOGI1OTcyZDU2YWY4MmVmYjg1Y2ViYzExODp7Il9hdXRoX3VzZXJfaGFzaCI6ImQ1YzRiYzVjZGJjODVlODFjZmEwYzg1NTY1YTUyYmNlOGI2YTg1ZmQiLCJfYXV0aF91c2VyX2JhY2tlbmQiOiJkamFuZ28uY29udHJpYi5hdXRoLmJhY2tlbmRzLk1vZGVsQmFja2VuZCIsIl9hdXRoX3VzZXJfaWQiOiIxIn0=','2017-10-13 06:26:54.334235'),('nozfrkd5ykg5sx5c5vz9bsltdjzl3si2','ZWExZjExNjkzYWE1M2ZjMmVjN2FmM2U1Mzk5ZTRkMTA1ODBlNDc0MDp7Il9hdXRoX3VzZXJfaGFzaCI6IjQzYjFkNmI0NGQ0MjgwZThlZmFkZjQ3YzY2Mzg1NzA5OGU0NDA1ZjQiLCJfYXV0aF91c2VyX2JhY2tlbmQiOiJkamFuZ28uY29udHJpYi5hdXRoLmJhY2tlbmRzLk1vZGVsQmFja2VuZCIsIl9hdXRoX3VzZXJfaWQiOiI1OCJ9','2017-10-19 10:20:47.511930'),('nprvymxpiflzbs5h6m6yr8oizcww4o6k','YmMxMGJhZjU1MzhiOTIzOGI1OTcyZDU2YWY4MmVmYjg1Y2ViYzExODp7Il9hdXRoX3VzZXJfaGFzaCI6ImQ1YzRiYzVjZGJjODVlODFjZmEwYzg1NTY1YTUyYmNlOGI2YTg1ZmQiLCJfYXV0aF91c2VyX2JhY2tlbmQiOiJkamFuZ28uY29udHJpYi5hdXRoLmJhY2tlbmRzLk1vZGVsQmFja2VuZCIsIl9hdXRoX3VzZXJfaWQiOiIxIn0=','2017-10-11 07:23:58.841334'),('ntgc1vlsdhbgy5ijgzfyvejxi0zfdvts','MGE3ZTQ0MGI2NDQ1NWZmOTI2OTFhMWE2MmM4MTY1ZDIzMTRlMzFmODp7Il9hdXRoX3VzZXJfaGFzaCI6IjUxMzQxMDg3MTVjMGJlYjk5OTY3YWJkMDZjNDY3NjliYjNmNTFjMWUiLCJfYXV0aF91c2VyX2JhY2tlbmQiOiJkamFuZ28uY29udHJpYi5hdXRoLmJhY2tlbmRzLk1vZGVsQmFja2VuZCIsIl9hdXRoX3VzZXJfaWQiOiI1NyJ9','2017-10-18 12:21:43.421005'),('nvg651357cljelhcdh10u9khh0twy4rx','ZWExZjExNjkzYWE1M2ZjMmVjN2FmM2U1Mzk5ZTRkMTA1ODBlNDc0MDp7Il9hdXRoX3VzZXJfaGFzaCI6IjQzYjFkNmI0NGQ0MjgwZThlZmFkZjQ3YzY2Mzg1NzA5OGU0NDA1ZjQiLCJfYXV0aF91c2VyX2JhY2tlbmQiOiJkamFuZ28uY29udHJpYi5hdXRoLmJhY2tlbmRzLk1vZGVsQmFja2VuZCIsIl9hdXRoX3VzZXJfaWQiOiI1OCJ9','2017-10-19 11:16:29.658845'),('nxpxhwttaugf995vxjzbr32rm4zms3t0','ZWExZjExNjkzYWE1M2ZjMmVjN2FmM2U1Mzk5ZTRkMTA1ODBlNDc0MDp7Il9hdXRoX3VzZXJfaGFzaCI6IjQzYjFkNmI0NGQ0MjgwZThlZmFkZjQ3YzY2Mzg1NzA5OGU0NDA1ZjQiLCJfYXV0aF91c2VyX2JhY2tlbmQiOiJkamFuZ28uY29udHJpYi5hdXRoLmJhY2tlbmRzLk1vZGVsQmFja2VuZCIsIl9hdXRoX3VzZXJfaWQiOiI1OCJ9','2017-10-19 11:36:30.431606'),('nxuu5q7uyxtyxzbh465hrpfa2f6qgtvs','MGE3ZTQ0MGI2NDQ1NWZmOTI2OTFhMWE2MmM4MTY1ZDIzMTRlMzFmODp7Il9hdXRoX3VzZXJfaGFzaCI6IjUxMzQxMDg3MTVjMGJlYjk5OTY3YWJkMDZjNDY3NjliYjNmNTFjMWUiLCJfYXV0aF91c2VyX2JhY2tlbmQiOiJkamFuZ28uY29udHJpYi5hdXRoLmJhY2tlbmRzLk1vZGVsQmFja2VuZCIsIl9hdXRoX3VzZXJfaWQiOiI1NyJ9','2017-10-18 11:58:12.788899'),('o0trkwhr38t0wn90bbc7h6fc77khqs2x','YWI5YmQ5MjFlOGYwYjg0NDRkOTY5MTVkZGMxMGUwMjliMDViMjUzMzp7Il9hdXRoX3VzZXJfaGFzaCI6IjFiMDk1ODU3MDliOTRjYjlkN2FkNDMwZTJjYzFlNjE5ZWNiYTFiMjEiLCJfYXV0aF91c2VyX2JhY2tlbmQiOiJkamFuZ28uY29udHJpYi5hdXRoLmJhY2tlbmRzLk1vZGVsQmFja2VuZCIsIl9hdXRoX3VzZXJfaWQiOiI3MiJ9','2017-10-20 05:58:37.142332'),('o3tge4wfjfxloxxdnkfehg4gbpypqyp7','MDhiODk4ZTE4YjZiOWJmZmE1Nzg3OTgwMTc0YjJhZWZiMWE0MjM1Mzp7Il9hdXRoX3VzZXJfaGFzaCI6IjJmOTM4ODA0NzVhYmRiZDAwMGE5OTRkMzQ0ZDU4MjIwMGUyNmFjYTgiLCJfYXV0aF91c2VyX2JhY2tlbmQiOiJkamFuZ28uY29udHJpYi5hdXRoLmJhY2tlbmRzLk1vZGVsQmFja2VuZCIsIl9hdXRoX3VzZXJfaWQiOiI3MSJ9','2017-10-19 12:56:10.440822'),('o4a3djownej92hquswh79p951aiqah9f','YmMxMGJhZjU1MzhiOTIzOGI1OTcyZDU2YWY4MmVmYjg1Y2ViYzExODp7Il9hdXRoX3VzZXJfaGFzaCI6ImQ1YzRiYzVjZGJjODVlODFjZmEwYzg1NTY1YTUyYmNlOGI2YTg1ZmQiLCJfYXV0aF91c2VyX2JhY2tlbmQiOiJkamFuZ28uY29udHJpYi5hdXRoLmJhY2tlbmRzLk1vZGVsQmFja2VuZCIsIl9hdXRoX3VzZXJfaWQiOiIxIn0=','2017-10-12 09:38:08.959942'),('o6641m73lfefpklvbd9xee8d7nfqdyyx','YWI5YmQ5MjFlOGYwYjg0NDRkOTY5MTVkZGMxMGUwMjliMDViMjUzMzp7Il9hdXRoX3VzZXJfaGFzaCI6IjFiMDk1ODU3MDliOTRjYjlkN2FkNDMwZTJjYzFlNjE5ZWNiYTFiMjEiLCJfYXV0aF91c2VyX2JhY2tlbmQiOiJkamFuZ28uY29udHJpYi5hdXRoLmJhY2tlbmRzLk1vZGVsQmFja2VuZCIsIl9hdXRoX3VzZXJfaWQiOiI3MiJ9','2017-10-23 14:01:41.901771'),('o7plaxuxxr2p0v36spu0ya2wgxqfed3w','NDdjZTlhNmMyZjA0YjI4Y2Q0MGU4YjYwNTcwZDdlMWYyMGYwMDg3MTp7Il9hdXRoX3VzZXJfaGFzaCI6IjM5ZTI1MjgxZDIzOWEyNjQzNWQ0ZjE1ODZkZWVjODk0ZjI1OTNmYzQiLCJfYXV0aF91c2VyX2JhY2tlbmQiOiJkamFuZ28uY29udHJpYi5hdXRoLmJhY2tlbmRzLk1vZGVsQmFja2VuZCIsIl9hdXRoX3VzZXJfaWQiOiI0MiJ9','2017-10-27 13:04:29.941492'),('oa9q8cmvby1odze72vxqpijizwzpmchp','NDhmNzEzMGM1Y2Y0ZjU3NGVhNjlhYTYzMGY4ODNkYzczYzUwNWI4MTp7Il9hdXRoX3VzZXJfaGFzaCI6IjdlYzQ2MzMxYjJhNGY5MDBkMWY3OGUzNmU0MTBkYzA1N2EzMjliMDIiLCJfYXV0aF91c2VyX2JhY2tlbmQiOiJkamFuZ28uY29udHJpYi5hdXRoLmJhY2tlbmRzLk1vZGVsQmFja2VuZCIsIl9hdXRoX3VzZXJfaWQiOiI3NyJ9','2017-10-31 10:46:47.775293'),('oap4a1y0e0cgw66r21dpr092hm0tu9vm','MGE3ZTQ0MGI2NDQ1NWZmOTI2OTFhMWE2MmM4MTY1ZDIzMTRlMzFmODp7Il9hdXRoX3VzZXJfaGFzaCI6IjUxMzQxMDg3MTVjMGJlYjk5OTY3YWJkMDZjNDY3NjliYjNmNTFjMWUiLCJfYXV0aF91c2VyX2JhY2tlbmQiOiJkamFuZ28uY29udHJpYi5hdXRoLmJhY2tlbmRzLk1vZGVsQmFja2VuZCIsIl9hdXRoX3VzZXJfaWQiOiI1NyJ9','2017-10-18 07:03:58.908560'),('oapsyc6lg2abffgllmozfdvn5tvce5wl','NDdjZTlhNmMyZjA0YjI4Y2Q0MGU4YjYwNTcwZDdlMWYyMGYwMDg3MTp7Il9hdXRoX3VzZXJfaGFzaCI6IjM5ZTI1MjgxZDIzOWEyNjQzNWQ0ZjE1ODZkZWVjODk0ZjI1OTNmYzQiLCJfYXV0aF91c2VyX2JhY2tlbmQiOiJkamFuZ28uY29udHJpYi5hdXRoLmJhY2tlbmRzLk1vZGVsQmFja2VuZCIsIl9hdXRoX3VzZXJfaWQiOiI0MiJ9','2017-10-30 07:23:27.481807'),('ob313i4q5trase3d28nockx3qwbeajd6','YmMxMGJhZjU1MzhiOTIzOGI1OTcyZDU2YWY4MmVmYjg1Y2ViYzExODp7Il9hdXRoX3VzZXJfaGFzaCI6ImQ1YzRiYzVjZGJjODVlODFjZmEwYzg1NTY1YTUyYmNlOGI2YTg1ZmQiLCJfYXV0aF91c2VyX2JhY2tlbmQiOiJkamFuZ28uY29udHJpYi5hdXRoLmJhY2tlbmRzLk1vZGVsQmFja2VuZCIsIl9hdXRoX3VzZXJfaWQiOiIxIn0=','2017-10-11 09:45:16.562786'),('ocjgbwbrwndyjm8gxnk8j8277rhvkwl7','YWI5YmQ5MjFlOGYwYjg0NDRkOTY5MTVkZGMxMGUwMjliMDViMjUzMzp7Il9hdXRoX3VzZXJfaGFzaCI6IjFiMDk1ODU3MDliOTRjYjlkN2FkNDMwZTJjYzFlNjE5ZWNiYTFiMjEiLCJfYXV0aF91c2VyX2JhY2tlbmQiOiJkamFuZ28uY29udHJpYi5hdXRoLmJhY2tlbmRzLk1vZGVsQmFja2VuZCIsIl9hdXRoX3VzZXJfaWQiOiI3MiJ9','2017-10-23 14:37:41.674303'),('of18wdv650tfblyn6rexv0z6oypmyfmz','YmMxMGJhZjU1MzhiOTIzOGI1OTcyZDU2YWY4MmVmYjg1Y2ViYzExODp7Il9hdXRoX3VzZXJfaGFzaCI6ImQ1YzRiYzVjZGJjODVlODFjZmEwYzg1NTY1YTUyYmNlOGI2YTg1ZmQiLCJfYXV0aF91c2VyX2JhY2tlbmQiOiJkamFuZ28uY29udHJpYi5hdXRoLmJhY2tlbmRzLk1vZGVsQmFja2VuZCIsIl9hdXRoX3VzZXJfaWQiOiIxIn0=','2017-10-11 07:55:10.134048'),('ofoec0vdmfypevy04u2se5zhdep813py','NDdjZTlhNmMyZjA0YjI4Y2Q0MGU4YjYwNTcwZDdlMWYyMGYwMDg3MTp7Il9hdXRoX3VzZXJfaGFzaCI6IjM5ZTI1MjgxZDIzOWEyNjQzNWQ0ZjE1ODZkZWVjODk0ZjI1OTNmYzQiLCJfYXV0aF91c2VyX2JhY2tlbmQiOiJkamFuZ28uY29udHJpYi5hdXRoLmJhY2tlbmRzLk1vZGVsQmFja2VuZCIsIl9hdXRoX3VzZXJfaWQiOiI0MiJ9','2017-10-24 10:21:54.312017'),('oiaggaw89z21jse7zanhrvmpf0kldhhb','YWI5YmQ5MjFlOGYwYjg0NDRkOTY5MTVkZGMxMGUwMjliMDViMjUzMzp7Il9hdXRoX3VzZXJfaGFzaCI6IjFiMDk1ODU3MDliOTRjYjlkN2FkNDMwZTJjYzFlNjE5ZWNiYTFiMjEiLCJfYXV0aF91c2VyX2JhY2tlbmQiOiJkamFuZ28uY29udHJpYi5hdXRoLmJhY2tlbmRzLk1vZGVsQmFja2VuZCIsIl9hdXRoX3VzZXJfaWQiOiI3MiJ9','2017-10-20 13:08:47.619597'),('oin1kor9r9mra497k9xshzx5ktqdhiir','NDdjZTlhNmMyZjA0YjI4Y2Q0MGU4YjYwNTcwZDdlMWYyMGYwMDg3MTp7Il9hdXRoX3VzZXJfaGFzaCI6IjM5ZTI1MjgxZDIzOWEyNjQzNWQ0ZjE1ODZkZWVjODk0ZjI1OTNmYzQiLCJfYXV0aF91c2VyX2JhY2tlbmQiOiJkamFuZ28uY29udHJpYi5hdXRoLmJhY2tlbmRzLk1vZGVsQmFja2VuZCIsIl9hdXRoX3VzZXJfaWQiOiI0MiJ9','2017-10-23 06:45:41.470274'),('oj6jzp45n3wnabw8wmnp2uwtym4zl8fk','ZWExZjExNjkzYWE1M2ZjMmVjN2FmM2U1Mzk5ZTRkMTA1ODBlNDc0MDp7Il9hdXRoX3VzZXJfaGFzaCI6IjQzYjFkNmI0NGQ0MjgwZThlZmFkZjQ3YzY2Mzg1NzA5OGU0NDA1ZjQiLCJfYXV0aF91c2VyX2JhY2tlbmQiOiJkamFuZ28uY29udHJpYi5hdXRoLmJhY2tlbmRzLk1vZGVsQmFja2VuZCIsIl9hdXRoX3VzZXJfaWQiOiI1OCJ9','2017-10-19 09:53:36.361005'),('okrn4n899cv0tplhxi86nn219yj8cppn','NDdjZTlhNmMyZjA0YjI4Y2Q0MGU4YjYwNTcwZDdlMWYyMGYwMDg3MTp7Il9hdXRoX3VzZXJfaGFzaCI6IjM5ZTI1MjgxZDIzOWEyNjQzNWQ0ZjE1ODZkZWVjODk0ZjI1OTNmYzQiLCJfYXV0aF91c2VyX2JhY2tlbmQiOiJkamFuZ28uY29udHJpYi5hdXRoLmJhY2tlbmRzLk1vZGVsQmFja2VuZCIsIl9hdXRoX3VzZXJfaWQiOiI0MiJ9','2017-10-18 10:59:05.129513'),('omc4vi059z8jpnqp08ld2bcnxlhhs57m','NDhmNzEzMGM1Y2Y0ZjU3NGVhNjlhYTYzMGY4ODNkYzczYzUwNWI4MTp7Il9hdXRoX3VzZXJfaGFzaCI6IjdlYzQ2MzMxYjJhNGY5MDBkMWY3OGUzNmU0MTBkYzA1N2EzMjliMDIiLCJfYXV0aF91c2VyX2JhY2tlbmQiOiJkamFuZ28uY29udHJpYi5hdXRoLmJhY2tlbmRzLk1vZGVsQmFja2VuZCIsIl9hdXRoX3VzZXJfaWQiOiI3NyJ9','2017-10-27 05:50:21.904977'),('onbl3i45rnewemzx6xp6marby8jnr0gk','NDdjZTlhNmMyZjA0YjI4Y2Q0MGU4YjYwNTcwZDdlMWYyMGYwMDg3MTp7Il9hdXRoX3VzZXJfaGFzaCI6IjM5ZTI1MjgxZDIzOWEyNjQzNWQ0ZjE1ODZkZWVjODk0ZjI1OTNmYzQiLCJfYXV0aF91c2VyX2JhY2tlbmQiOiJkamFuZ28uY29udHJpYi5hdXRoLmJhY2tlbmRzLk1vZGVsQmFja2VuZCIsIl9hdXRoX3VzZXJfaWQiOiI0MiJ9','2017-10-24 09:31:50.172049'),('ooibab46mhlmsfy10jrisylr7cb94hnu','NDdjZTlhNmMyZjA0YjI4Y2Q0MGU4YjYwNTcwZDdlMWYyMGYwMDg3MTp7Il9hdXRoX3VzZXJfaGFzaCI6IjM5ZTI1MjgxZDIzOWEyNjQzNWQ0ZjE1ODZkZWVjODk0ZjI1OTNmYzQiLCJfYXV0aF91c2VyX2JhY2tlbmQiOiJkamFuZ28uY29udHJpYi5hdXRoLmJhY2tlbmRzLk1vZGVsQmFja2VuZCIsIl9hdXRoX3VzZXJfaWQiOiI0MiJ9','2017-10-20 05:59:53.249267'),('opymfdbx51x7pxbakrtdnunhvrsxj2fc','YmMxMGJhZjU1MzhiOTIzOGI1OTcyZDU2YWY4MmVmYjg1Y2ViYzExODp7Il9hdXRoX3VzZXJfaGFzaCI6ImQ1YzRiYzVjZGJjODVlODFjZmEwYzg1NTY1YTUyYmNlOGI2YTg1ZmQiLCJfYXV0aF91c2VyX2JhY2tlbmQiOiJkamFuZ28uY29udHJpYi5hdXRoLmJhY2tlbmRzLk1vZGVsQmFja2VuZCIsIl9hdXRoX3VzZXJfaWQiOiIxIn0=','2017-10-13 06:34:43.811561'),('osyo3hdf69ysl20yg7e6l4cp2e7g0t6z','YmMxMGJhZjU1MzhiOTIzOGI1OTcyZDU2YWY4MmVmYjg1Y2ViYzExODp7Il9hdXRoX3VzZXJfaGFzaCI6ImQ1YzRiYzVjZGJjODVlODFjZmEwYzg1NTY1YTUyYmNlOGI2YTg1ZmQiLCJfYXV0aF91c2VyX2JhY2tlbmQiOiJkamFuZ28uY29udHJpYi5hdXRoLmJhY2tlbmRzLk1vZGVsQmFja2VuZCIsIl9hdXRoX3VzZXJfaWQiOiIxIn0=','2017-10-13 04:30:35.784780'),('otouhswmct5mdywumqruedfb2oftnbn1','YTk4ZGNmYzliZTg1YzlhNzk5Mzg5MDE0N2NjMGU1YmVkZmRiYjg3NTp7Il9hdXRoX3VzZXJfaGFzaCI6IjFkOGJhMTEzZjgyYzlkYjRkMzQ5YzIxYTRjYmUxMmRlNTBhNDM3ZTEiLCJfYXV0aF91c2VyX2JhY2tlbmQiOiJkamFuZ28uY29udHJpYi5hdXRoLmJhY2tlbmRzLk1vZGVsQmFja2VuZCIsIl9hdXRoX3VzZXJfaWQiOiI1OSJ9','2017-10-18 10:32:05.586858'),('oykhjet3bm8nuafl092qeh4fuar6tm39','YmMxMGJhZjU1MzhiOTIzOGI1OTcyZDU2YWY4MmVmYjg1Y2ViYzExODp7Il9hdXRoX3VzZXJfaGFzaCI6ImQ1YzRiYzVjZGJjODVlODFjZmEwYzg1NTY1YTUyYmNlOGI2YTg1ZmQiLCJfYXV0aF91c2VyX2JhY2tlbmQiOiJkamFuZ28uY29udHJpYi5hdXRoLmJhY2tlbmRzLk1vZGVsQmFja2VuZCIsIl9hdXRoX3VzZXJfaWQiOiIxIn0=','2017-10-11 09:45:16.888162'),('p1fnswjp1kyen2usdkouila6mou63jcy','YmMxMGJhZjU1MzhiOTIzOGI1OTcyZDU2YWY4MmVmYjg1Y2ViYzExODp7Il9hdXRoX3VzZXJfaGFzaCI6ImQ1YzRiYzVjZGJjODVlODFjZmEwYzg1NTY1YTUyYmNlOGI2YTg1ZmQiLCJfYXV0aF91c2VyX2JhY2tlbmQiOiJkamFuZ28uY29udHJpYi5hdXRoLmJhY2tlbmRzLk1vZGVsQmFja2VuZCIsIl9hdXRoX3VzZXJfaWQiOiIxIn0=','2017-10-12 07:29:53.903804'),('p2l8xp80kfcipduq828s3hs5f79qcgn0','NDhmNzEzMGM1Y2Y0ZjU3NGVhNjlhYTYzMGY4ODNkYzczYzUwNWI4MTp7Il9hdXRoX3VzZXJfaGFzaCI6IjdlYzQ2MzMxYjJhNGY5MDBkMWY3OGUzNmU0MTBkYzA1N2EzMjliMDIiLCJfYXV0aF91c2VyX2JhY2tlbmQiOiJkamFuZ28uY29udHJpYi5hdXRoLmJhY2tlbmRzLk1vZGVsQmFja2VuZCIsIl9hdXRoX3VzZXJfaWQiOiI3NyJ9','2017-10-25 13:19:48.164288'),('p4vanx0uy3tqdvz8wcc8pmaay7tz3vc6','NDdjZTlhNmMyZjA0YjI4Y2Q0MGU4YjYwNTcwZDdlMWYyMGYwMDg3MTp7Il9hdXRoX3VzZXJfaGFzaCI6IjM5ZTI1MjgxZDIzOWEyNjQzNWQ0ZjE1ODZkZWVjODk0ZjI1OTNmYzQiLCJfYXV0aF91c2VyX2JhY2tlbmQiOiJkamFuZ28uY29udHJpYi5hdXRoLmJhY2tlbmRzLk1vZGVsQmFja2VuZCIsIl9hdXRoX3VzZXJfaWQiOiI0MiJ9','2017-10-19 07:01:22.832063'),('p519pqouhi970lulfzklue30may973bm','YWI5YmQ5MjFlOGYwYjg0NDRkOTY5MTVkZGMxMGUwMjliMDViMjUzMzp7Il9hdXRoX3VzZXJfaGFzaCI6IjFiMDk1ODU3MDliOTRjYjlkN2FkNDMwZTJjYzFlNjE5ZWNiYTFiMjEiLCJfYXV0aF91c2VyX2JhY2tlbmQiOiJkamFuZ28uY29udHJpYi5hdXRoLmJhY2tlbmRzLk1vZGVsQmFja2VuZCIsIl9hdXRoX3VzZXJfaWQiOiI3MiJ9','2017-10-23 09:34:02.083416'),('p78wh6sm1s8p34xe98m0wwyojs1b5ggj','YWI5YmQ5MjFlOGYwYjg0NDRkOTY5MTVkZGMxMGUwMjliMDViMjUzMzp7Il9hdXRoX3VzZXJfaGFzaCI6IjFiMDk1ODU3MDliOTRjYjlkN2FkNDMwZTJjYzFlNjE5ZWNiYTFiMjEiLCJfYXV0aF91c2VyX2JhY2tlbmQiOiJkamFuZ28uY29udHJpYi5hdXRoLmJhY2tlbmRzLk1vZGVsQmFja2VuZCIsIl9hdXRoX3VzZXJfaWQiOiI3MiJ9','2017-10-24 13:24:47.857861'),('p81kxcdtp8ofdupdf3ss7ove3s8bw4zd','YmMxMGJhZjU1MzhiOTIzOGI1OTcyZDU2YWY4MmVmYjg1Y2ViYzExODp7Il9hdXRoX3VzZXJfaGFzaCI6ImQ1YzRiYzVjZGJjODVlODFjZmEwYzg1NTY1YTUyYmNlOGI2YTg1ZmQiLCJfYXV0aF91c2VyX2JhY2tlbmQiOiJkamFuZ28uY29udHJpYi5hdXRoLmJhY2tlbmRzLk1vZGVsQmFja2VuZCIsIl9hdXRoX3VzZXJfaWQiOiIxIn0=','2017-10-12 10:13:36.354787'),('p9t0cxttpzfumvgefofddh76foqno8th','YWI5YmQ5MjFlOGYwYjg0NDRkOTY5MTVkZGMxMGUwMjliMDViMjUzMzp7Il9hdXRoX3VzZXJfaGFzaCI6IjFiMDk1ODU3MDliOTRjYjlkN2FkNDMwZTJjYzFlNjE5ZWNiYTFiMjEiLCJfYXV0aF91c2VyX2JhY2tlbmQiOiJkamFuZ28uY29udHJpYi5hdXRoLmJhY2tlbmRzLk1vZGVsQmFja2VuZCIsIl9hdXRoX3VzZXJfaWQiOiI3MiJ9','2017-10-25 10:27:30.148819'),('pa3umi3y2kxu1t26sq58xqf5njls15ck','YWI5YmQ5MjFlOGYwYjg0NDRkOTY5MTVkZGMxMGUwMjliMDViMjUzMzp7Il9hdXRoX3VzZXJfaGFzaCI6IjFiMDk1ODU3MDliOTRjYjlkN2FkNDMwZTJjYzFlNjE5ZWNiYTFiMjEiLCJfYXV0aF91c2VyX2JhY2tlbmQiOiJkamFuZ28uY29udHJpYi5hdXRoLmJhY2tlbmRzLk1vZGVsQmFja2VuZCIsIl9hdXRoX3VzZXJfaWQiOiI3MiJ9','2017-10-20 13:53:14.360343'),('pb2v731n4ruj3430u6v0l9vx1glfzrtw','NDdjZTlhNmMyZjA0YjI4Y2Q0MGU4YjYwNTcwZDdlMWYyMGYwMDg3MTp7Il9hdXRoX3VzZXJfaGFzaCI6IjM5ZTI1MjgxZDIzOWEyNjQzNWQ0ZjE1ODZkZWVjODk0ZjI1OTNmYzQiLCJfYXV0aF91c2VyX2JhY2tlbmQiOiJkamFuZ28uY29udHJpYi5hdXRoLmJhY2tlbmRzLk1vZGVsQmFja2VuZCIsIl9hdXRoX3VzZXJfaWQiOiI0MiJ9','2017-10-24 13:15:08.461576'),('pcbhan50ulfjvv54o1tsxfchiyt5f84l','YTk4ZGNmYzliZTg1YzlhNzk5Mzg5MDE0N2NjMGU1YmVkZmRiYjg3NTp7Il9hdXRoX3VzZXJfaGFzaCI6IjFkOGJhMTEzZjgyYzlkYjRkMzQ5YzIxYTRjYmUxMmRlNTBhNDM3ZTEiLCJfYXV0aF91c2VyX2JhY2tlbmQiOiJkamFuZ28uY29udHJpYi5hdXRoLmJhY2tlbmRzLk1vZGVsQmFja2VuZCIsIl9hdXRoX3VzZXJfaWQiOiI1OSJ9','2017-10-18 11:29:53.319691'),('pfy3ft5gmrls3gth45l9nsrahd7zzmcf','YmMxMGJhZjU1MzhiOTIzOGI1OTcyZDU2YWY4MmVmYjg1Y2ViYzExODp7Il9hdXRoX3VzZXJfaGFzaCI6ImQ1YzRiYzVjZGJjODVlODFjZmEwYzg1NTY1YTUyYmNlOGI2YTg1ZmQiLCJfYXV0aF91c2VyX2JhY2tlbmQiOiJkamFuZ28uY29udHJpYi5hdXRoLmJhY2tlbmRzLk1vZGVsQmFja2VuZCIsIl9hdXRoX3VzZXJfaWQiOiIxIn0=','2017-10-12 06:47:20.504308'),('ph6uhnc0e83l8xj3qkirijo4x35mk6be','NDhmNzEzMGM1Y2Y0ZjU3NGVhNjlhYTYzMGY4ODNkYzczYzUwNWI4MTp7Il9hdXRoX3VzZXJfaGFzaCI6IjdlYzQ2MzMxYjJhNGY5MDBkMWY3OGUzNmU0MTBkYzA1N2EzMjliMDIiLCJfYXV0aF91c2VyX2JhY2tlbmQiOiJkamFuZ28uY29udHJpYi5hdXRoLmJhY2tlbmRzLk1vZGVsQmFja2VuZCIsIl9hdXRoX3VzZXJfaWQiOiI3NyJ9','2017-10-25 13:41:06.874443'),('pjwn7sh8i80swppdncsc7465qa9pcbof','ZDZhMGU3NGIxZGE1NWEzNjIxYTQ1MzA5OWVkMmI0Y2RmYThhOGQ2Zjp7Il9hdXRoX3VzZXJfaGFzaCI6ImViNjM3YjEwOGQ0ZTBhNTEwMGVkZGYzNTlkODdhNzk3M2RiZTUxN2EiLCJfYXV0aF91c2VyX2JhY2tlbmQiOiJkamFuZ28uY29udHJpYi5hdXRoLmJhY2tlbmRzLk1vZGVsQmFja2VuZCIsIl9hdXRoX3VzZXJfaWQiOiI1NiJ9','2017-10-17 14:05:33.354528'),('plqj5vztee3rzqqps1wfb4qhyqef1ikk','YmMxMGJhZjU1MzhiOTIzOGI1OTcyZDU2YWY4MmVmYjg1Y2ViYzExODp7Il9hdXRoX3VzZXJfaGFzaCI6ImQ1YzRiYzVjZGJjODVlODFjZmEwYzg1NTY1YTUyYmNlOGI2YTg1ZmQiLCJfYXV0aF91c2VyX2JhY2tlbmQiOiJkamFuZ28uY29udHJpYi5hdXRoLmJhY2tlbmRzLk1vZGVsQmFja2VuZCIsIl9hdXRoX3VzZXJfaWQiOiIxIn0=','2017-10-11 06:44:02.940480'),('pmtsrspd9sc7vgxo8x9qh64xjgjo68po','NDhmNzEzMGM1Y2Y0ZjU3NGVhNjlhYTYzMGY4ODNkYzczYzUwNWI4MTp7Il9hdXRoX3VzZXJfaGFzaCI6IjdlYzQ2MzMxYjJhNGY5MDBkMWY3OGUzNmU0MTBkYzA1N2EzMjliMDIiLCJfYXV0aF91c2VyX2JhY2tlbmQiOiJkamFuZ28uY29udHJpYi5hdXRoLmJhY2tlbmRzLk1vZGVsQmFja2VuZCIsIl9hdXRoX3VzZXJfaWQiOiI3NyJ9','2017-10-27 05:45:12.118106'),('pn7krq4aw15mc233tqb76vphzhwmsiok','NDdjZTlhNmMyZjA0YjI4Y2Q0MGU4YjYwNTcwZDdlMWYyMGYwMDg3MTp7Il9hdXRoX3VzZXJfaGFzaCI6IjM5ZTI1MjgxZDIzOWEyNjQzNWQ0ZjE1ODZkZWVjODk0ZjI1OTNmYzQiLCJfYXV0aF91c2VyX2JhY2tlbmQiOiJkamFuZ28uY29udHJpYi5hdXRoLmJhY2tlbmRzLk1vZGVsQmFja2VuZCIsIl9hdXRoX3VzZXJfaWQiOiI0MiJ9','2017-10-17 14:18:23.730732'),('pnfxshj7ipgrohgb9a54mf9qmw93bbge','YWI5YmQ5MjFlOGYwYjg0NDRkOTY5MTVkZGMxMGUwMjliMDViMjUzMzp7Il9hdXRoX3VzZXJfaGFzaCI6IjFiMDk1ODU3MDliOTRjYjlkN2FkNDMwZTJjYzFlNjE5ZWNiYTFiMjEiLCJfYXV0aF91c2VyX2JhY2tlbmQiOiJkamFuZ28uY29udHJpYi5hdXRoLmJhY2tlbmRzLk1vZGVsQmFja2VuZCIsIl9hdXRoX3VzZXJfaWQiOiI3MiJ9','2017-10-23 13:06:17.190558'),('pnutad1acsr1c5cosegqjrkt6b7xz0bf','NDhmNzEzMGM1Y2Y0ZjU3NGVhNjlhYTYzMGY4ODNkYzczYzUwNWI4MTp7Il9hdXRoX3VzZXJfaGFzaCI6IjdlYzQ2MzMxYjJhNGY5MDBkMWY3OGUzNmU0MTBkYzA1N2EzMjliMDIiLCJfYXV0aF91c2VyX2JhY2tlbmQiOiJkamFuZ28uY29udHJpYi5hdXRoLmJhY2tlbmRzLk1vZGVsQmFja2VuZCIsIl9hdXRoX3VzZXJfaWQiOiI3NyJ9','2017-10-31 10:57:34.982068'),('pofvgoyk2y0vca57bqh4ula79d8jtef6','ZWExZjExNjkzYWE1M2ZjMmVjN2FmM2U1Mzk5ZTRkMTA1ODBlNDc0MDp7Il9hdXRoX3VzZXJfaGFzaCI6IjQzYjFkNmI0NGQ0MjgwZThlZmFkZjQ3YzY2Mzg1NzA5OGU0NDA1ZjQiLCJfYXV0aF91c2VyX2JhY2tlbmQiOiJkamFuZ28uY29udHJpYi5hdXRoLmJhY2tlbmRzLk1vZGVsQmFja2VuZCIsIl9hdXRoX3VzZXJfaWQiOiI1OCJ9','2017-10-19 12:20:57.769606'),('pqc0cezecw8vtvyo6ddbv01an7qgbtm6','NDdjZTlhNmMyZjA0YjI4Y2Q0MGU4YjYwNTcwZDdlMWYyMGYwMDg3MTp7Il9hdXRoX3VzZXJfaGFzaCI6IjM5ZTI1MjgxZDIzOWEyNjQzNWQ0ZjE1ODZkZWVjODk0ZjI1OTNmYzQiLCJfYXV0aF91c2VyX2JhY2tlbmQiOiJkamFuZ28uY29udHJpYi5hdXRoLmJhY2tlbmRzLk1vZGVsQmFja2VuZCIsIl9hdXRoX3VzZXJfaWQiOiI0MiJ9','2017-10-27 05:39:05.172367'),('puamdxbqsbncer7f9wtast25bcqzvapr','ZWExZjExNjkzYWE1M2ZjMmVjN2FmM2U1Mzk5ZTRkMTA1ODBlNDc0MDp7Il9hdXRoX3VzZXJfaGFzaCI6IjQzYjFkNmI0NGQ0MjgwZThlZmFkZjQ3YzY2Mzg1NzA5OGU0NDA1ZjQiLCJfYXV0aF91c2VyX2JhY2tlbmQiOiJkamFuZ28uY29udHJpYi5hdXRoLmJhY2tlbmRzLk1vZGVsQmFja2VuZCIsIl9hdXRoX3VzZXJfaWQiOiI1OCJ9','2017-10-19 12:06:31.983829'),('pv66e5fs7405rbdtqx4dkja6olms6d6v','YmMxMGJhZjU1MzhiOTIzOGI1OTcyZDU2YWY4MmVmYjg1Y2ViYzExODp7Il9hdXRoX3VzZXJfaGFzaCI6ImQ1YzRiYzVjZGJjODVlODFjZmEwYzg1NTY1YTUyYmNlOGI2YTg1ZmQiLCJfYXV0aF91c2VyX2JhY2tlbmQiOiJkamFuZ28uY29udHJpYi5hdXRoLmJhY2tlbmRzLk1vZGVsQmFja2VuZCIsIl9hdXRoX3VzZXJfaWQiOiIxIn0=','2017-10-11 07:20:12.324778'),('py2g1kino2358woejpjao0y5b44pcmms','ZjA1M2JlMTMwMTRmMzY5NTczNjdmZjg2NWU5MTg3OTA5OTQ2ZGMxNzp7Il9hdXRoX3VzZXJfaGFzaCI6IjFkOGI1Y2ZiODc3NTAxNWJiY2UyNjk1Njk0YzFlMjA1YjIyNGE4ZWEiLCJfYXV0aF91c2VyX2JhY2tlbmQiOiJkamFuZ28uY29udHJpYi5hdXRoLmJhY2tlbmRzLk1vZGVsQmFja2VuZCIsIl9hdXRoX3VzZXJfaWQiOiI4MiJ9','2017-10-30 12:05:48.984943'),('pyh4hc4l6s3ex3utdkz6tuuaj65sf93u','YWI5YmQ5MjFlOGYwYjg0NDRkOTY5MTVkZGMxMGUwMjliMDViMjUzMzp7Il9hdXRoX3VzZXJfaGFzaCI6IjFiMDk1ODU3MDliOTRjYjlkN2FkNDMwZTJjYzFlNjE5ZWNiYTFiMjEiLCJfYXV0aF91c2VyX2JhY2tlbmQiOiJkamFuZ28uY29udHJpYi5hdXRoLmJhY2tlbmRzLk1vZGVsQmFja2VuZCIsIl9hdXRoX3VzZXJfaWQiOiI3MiJ9','2017-10-23 06:11:00.386455'),('pyy5yaet845prn4habkcq2tu47otq8g0','ZWExZjExNjkzYWE1M2ZjMmVjN2FmM2U1Mzk5ZTRkMTA1ODBlNDc0MDp7Il9hdXRoX3VzZXJfaGFzaCI6IjQzYjFkNmI0NGQ0MjgwZThlZmFkZjQ3YzY2Mzg1NzA5OGU0NDA1ZjQiLCJfYXV0aF91c2VyX2JhY2tlbmQiOiJkamFuZ28uY29udHJpYi5hdXRoLmJhY2tlbmRzLk1vZGVsQmFja2VuZCIsIl9hdXRoX3VzZXJfaWQiOiI1OCJ9','2017-10-18 10:25:30.253733'),('q2cootpnr74e61jvtxp24pw7mxqefy9n','YmMxMGJhZjU1MzhiOTIzOGI1OTcyZDU2YWY4MmVmYjg1Y2ViYzExODp7Il9hdXRoX3VzZXJfaGFzaCI6ImQ1YzRiYzVjZGJjODVlODFjZmEwYzg1NTY1YTUyYmNlOGI2YTg1ZmQiLCJfYXV0aF91c2VyX2JhY2tlbmQiOiJkamFuZ28uY29udHJpYi5hdXRoLmJhY2tlbmRzLk1vZGVsQmFja2VuZCIsIl9hdXRoX3VzZXJfaWQiOiIxIn0=','2017-10-11 07:17:30.080659'),('q76wtnjuulvzled0n3tt8lzjdpgt86fw','YmMxMGJhZjU1MzhiOTIzOGI1OTcyZDU2YWY4MmVmYjg1Y2ViYzExODp7Il9hdXRoX3VzZXJfaGFzaCI6ImQ1YzRiYzVjZGJjODVlODFjZmEwYzg1NTY1YTUyYmNlOGI2YTg1ZmQiLCJfYXV0aF91c2VyX2JhY2tlbmQiOiJkamFuZ28uY29udHJpYi5hdXRoLmJhY2tlbmRzLk1vZGVsQmFja2VuZCIsIl9hdXRoX3VzZXJfaWQiOiIxIn0=','2017-10-13 09:00:20.884960'),('q9ebgzfgmam23c02u6l4313xaq6h2z42','NDdjZTlhNmMyZjA0YjI4Y2Q0MGU4YjYwNTcwZDdlMWYyMGYwMDg3MTp7Il9hdXRoX3VzZXJfaGFzaCI6IjM5ZTI1MjgxZDIzOWEyNjQzNWQ0ZjE1ODZkZWVjODk0ZjI1OTNmYzQiLCJfYXV0aF91c2VyX2JhY2tlbmQiOiJkamFuZ28uY29udHJpYi5hdXRoLmJhY2tlbmRzLk1vZGVsQmFja2VuZCIsIl9hdXRoX3VzZXJfaWQiOiI0MiJ9','2017-10-23 07:04:28.338184'),('qcken6w7nzrir42jw5cn0ra5oonofi8z','YWI5YmQ5MjFlOGYwYjg0NDRkOTY5MTVkZGMxMGUwMjliMDViMjUzMzp7Il9hdXRoX3VzZXJfaGFzaCI6IjFiMDk1ODU3MDliOTRjYjlkN2FkNDMwZTJjYzFlNjE5ZWNiYTFiMjEiLCJfYXV0aF91c2VyX2JhY2tlbmQiOiJkamFuZ28uY29udHJpYi5hdXRoLmJhY2tlbmRzLk1vZGVsQmFja2VuZCIsIl9hdXRoX3VzZXJfaWQiOiI3MiJ9','2017-10-23 10:04:15.301801'),('qe3abzzcfxf3r27su0dn703rw4j28j3e','YWI5YmQ5MjFlOGYwYjg0NDRkOTY5MTVkZGMxMGUwMjliMDViMjUzMzp7Il9hdXRoX3VzZXJfaGFzaCI6IjFiMDk1ODU3MDliOTRjYjlkN2FkNDMwZTJjYzFlNjE5ZWNiYTFiMjEiLCJfYXV0aF91c2VyX2JhY2tlbmQiOiJkamFuZ28uY29udHJpYi5hdXRoLmJhY2tlbmRzLk1vZGVsQmFja2VuZCIsIl9hdXRoX3VzZXJfaWQiOiI3MiJ9','2017-10-23 07:44:53.872219'),('qhhyc7atmo8ioq21ys0yh2335gqnbimy','NDhmNzEzMGM1Y2Y0ZjU3NGVhNjlhYTYzMGY4ODNkYzczYzUwNWI4MTp7Il9hdXRoX3VzZXJfaGFzaCI6IjdlYzQ2MzMxYjJhNGY5MDBkMWY3OGUzNmU0MTBkYzA1N2EzMjliMDIiLCJfYXV0aF91c2VyX2JhY2tlbmQiOiJkamFuZ28uY29udHJpYi5hdXRoLmJhY2tlbmRzLk1vZGVsQmFja2VuZCIsIl9hdXRoX3VzZXJfaWQiOiI3NyJ9','2017-10-25 12:28:15.807624'),('qkusebroltafsc83n0s5y0s5rfel0d5z','NDhmNzEzMGM1Y2Y0ZjU3NGVhNjlhYTYzMGY4ODNkYzczYzUwNWI4MTp7Il9hdXRoX3VzZXJfaGFzaCI6IjdlYzQ2MzMxYjJhNGY5MDBkMWY3OGUzNmU0MTBkYzA1N2EzMjliMDIiLCJfYXV0aF91c2VyX2JhY2tlbmQiOiJkamFuZ28uY29udHJpYi5hdXRoLmJhY2tlbmRzLk1vZGVsQmFja2VuZCIsIl9hdXRoX3VzZXJfaWQiOiI3NyJ9','2017-10-26 06:45:56.476786'),('qmcm6adtwfx3ipf7icziq01qktlckp46','ZWExZjExNjkzYWE1M2ZjMmVjN2FmM2U1Mzk5ZTRkMTA1ODBlNDc0MDp7Il9hdXRoX3VzZXJfaGFzaCI6IjQzYjFkNmI0NGQ0MjgwZThlZmFkZjQ3YzY2Mzg1NzA5OGU0NDA1ZjQiLCJfYXV0aF91c2VyX2JhY2tlbmQiOiJkamFuZ28uY29udHJpYi5hdXRoLmJhY2tlbmRzLk1vZGVsQmFja2VuZCIsIl9hdXRoX3VzZXJfaWQiOiI1OCJ9','2017-10-19 10:38:32.249383'),('qph0sfg99odsuzxjamyojpnrohgb6g1h','NTRiY2VjYjQwOTAyZDQ5MjRhMWNkMzdhOTM4NzBkYzUzMzIyYzQzNTp7Il9hdXRoX3VzZXJfaGFzaCI6IjA5ZDA4OTg3NDZiMjIyNDJkZTlkMWFlMzYyM2M4YjhkZDY1MjgwYWEiLCJfYXV0aF91c2VyX2JhY2tlbmQiOiJkamFuZ28uY29udHJpYi5hdXRoLmJhY2tlbmRzLk1vZGVsQmFja2VuZCIsIl9hdXRoX3VzZXJfaWQiOiIzNiJ9','2017-10-17 11:25:08.374783'),('qqk9d69ob0xqi6zb7hmbdouiieo2p4js','YmMxMGJhZjU1MzhiOTIzOGI1OTcyZDU2YWY4MmVmYjg1Y2ViYzExODp7Il9hdXRoX3VzZXJfaGFzaCI6ImQ1YzRiYzVjZGJjODVlODFjZmEwYzg1NTY1YTUyYmNlOGI2YTg1ZmQiLCJfYXV0aF91c2VyX2JhY2tlbmQiOiJkamFuZ28uY29udHJpYi5hdXRoLmJhY2tlbmRzLk1vZGVsQmFja2VuZCIsIl9hdXRoX3VzZXJfaWQiOiIxIn0=','2017-10-13 03:54:52.177275'),('qulm609j8uyc4cruxqesc7fy0of0cupm','ZWExZjExNjkzYWE1M2ZjMmVjN2FmM2U1Mzk5ZTRkMTA1ODBlNDc0MDp7Il9hdXRoX3VzZXJfaGFzaCI6IjQzYjFkNmI0NGQ0MjgwZThlZmFkZjQ3YzY2Mzg1NzA5OGU0NDA1ZjQiLCJfYXV0aF91c2VyX2JhY2tlbmQiOiJkamFuZ28uY29udHJpYi5hdXRoLmJhY2tlbmRzLk1vZGVsQmFja2VuZCIsIl9hdXRoX3VzZXJfaWQiOiI1OCJ9','2017-10-18 12:12:47.955944'),('qvakma5q7zchy1thohxvzvjn7aochmye','YmMxMGJhZjU1MzhiOTIzOGI1OTcyZDU2YWY4MmVmYjg1Y2ViYzExODp7Il9hdXRoX3VzZXJfaGFzaCI6ImQ1YzRiYzVjZGJjODVlODFjZmEwYzg1NTY1YTUyYmNlOGI2YTg1ZmQiLCJfYXV0aF91c2VyX2JhY2tlbmQiOiJkamFuZ28uY29udHJpYi5hdXRoLmJhY2tlbmRzLk1vZGVsQmFja2VuZCIsIl9hdXRoX3VzZXJfaWQiOiIxIn0=','2017-10-11 13:36:45.019779'),('r4g38qyyybkfs32hgiqdnue8yhvm81wa','NDdjZTlhNmMyZjA0YjI4Y2Q0MGU4YjYwNTcwZDdlMWYyMGYwMDg3MTp7Il9hdXRoX3VzZXJfaGFzaCI6IjM5ZTI1MjgxZDIzOWEyNjQzNWQ0ZjE1ODZkZWVjODk0ZjI1OTNmYzQiLCJfYXV0aF91c2VyX2JhY2tlbmQiOiJkamFuZ28uY29udHJpYi5hdXRoLmJhY2tlbmRzLk1vZGVsQmFja2VuZCIsIl9hdXRoX3VzZXJfaWQiOiI0MiJ9','2017-10-23 07:01:28.483778'),('r5b2f5g2n17ye1u4piltroa40zc1ivkr','YmMxMGJhZjU1MzhiOTIzOGI1OTcyZDU2YWY4MmVmYjg1Y2ViYzExODp7Il9hdXRoX3VzZXJfaGFzaCI6ImQ1YzRiYzVjZGJjODVlODFjZmEwYzg1NTY1YTUyYmNlOGI2YTg1ZmQiLCJfYXV0aF91c2VyX2JhY2tlbmQiOiJkamFuZ28uY29udHJpYi5hdXRoLmJhY2tlbmRzLk1vZGVsQmFja2VuZCIsIl9hdXRoX3VzZXJfaWQiOiIxIn0=','2017-10-13 09:44:11.170415'),('r8068nu3pgqgvm6pvh2a804h11yde78k','NDdjZTlhNmMyZjA0YjI4Y2Q0MGU4YjYwNTcwZDdlMWYyMGYwMDg3MTp7Il9hdXRoX3VzZXJfaGFzaCI6IjM5ZTI1MjgxZDIzOWEyNjQzNWQ0ZjE1ODZkZWVjODk0ZjI1OTNmYzQiLCJfYXV0aF91c2VyX2JhY2tlbmQiOiJkamFuZ28uY29udHJpYi5hdXRoLmJhY2tlbmRzLk1vZGVsQmFja2VuZCIsIl9hdXRoX3VzZXJfaWQiOiI0MiJ9','2017-10-17 14:10:58.492079'),('r8469yf9reuyhzll30s1deqgmizvg0xd','NDdjZTlhNmMyZjA0YjI4Y2Q0MGU4YjYwNTcwZDdlMWYyMGYwMDg3MTp7Il9hdXRoX3VzZXJfaGFzaCI6IjM5ZTI1MjgxZDIzOWEyNjQzNWQ0ZjE1ODZkZWVjODk0ZjI1OTNmYzQiLCJfYXV0aF91c2VyX2JhY2tlbmQiOiJkamFuZ28uY29udHJpYi5hdXRoLmJhY2tlbmRzLk1vZGVsQmFja2VuZCIsIl9hdXRoX3VzZXJfaWQiOiI0MiJ9','2017-10-26 05:10:25.518345'),('rdn37yme0b0u0nvl1ex1iyqk04cnttz3','YmMxMGJhZjU1MzhiOTIzOGI1OTcyZDU2YWY4MmVmYjg1Y2ViYzExODp7Il9hdXRoX3VzZXJfaGFzaCI6ImQ1YzRiYzVjZGJjODVlODFjZmEwYzg1NTY1YTUyYmNlOGI2YTg1ZmQiLCJfYXV0aF91c2VyX2JhY2tlbmQiOiJkamFuZ28uY29udHJpYi5hdXRoLmJhY2tlbmRzLk1vZGVsQmFja2VuZCIsIl9hdXRoX3VzZXJfaWQiOiIxIn0=','2017-10-13 09:44:33.921879'),('rgcca27ai0z698m5ojegnqn03oaotq3h','YWI5YmQ5MjFlOGYwYjg0NDRkOTY5MTVkZGMxMGUwMjliMDViMjUzMzp7Il9hdXRoX3VzZXJfaGFzaCI6IjFiMDk1ODU3MDliOTRjYjlkN2FkNDMwZTJjYzFlNjE5ZWNiYTFiMjEiLCJfYXV0aF91c2VyX2JhY2tlbmQiOiJkamFuZ28uY29udHJpYi5hdXRoLmJhY2tlbmRzLk1vZGVsQmFja2VuZCIsIl9hdXRoX3VzZXJfaWQiOiI3MiJ9','2017-10-23 13:19:13.453390'),('rgmik4l7c7yr7lyjdizaqyrgfd41u95r','NDhmNzEzMGM1Y2Y0ZjU3NGVhNjlhYTYzMGY4ODNkYzczYzUwNWI4MTp7Il9hdXRoX3VzZXJfaGFzaCI6IjdlYzQ2MzMxYjJhNGY5MDBkMWY3OGUzNmU0MTBkYzA1N2EzMjliMDIiLCJfYXV0aF91c2VyX2JhY2tlbmQiOiJkamFuZ28uY29udHJpYi5hdXRoLmJhY2tlbmRzLk1vZGVsQmFja2VuZCIsIl9hdXRoX3VzZXJfaWQiOiI3NyJ9','2017-10-25 12:12:42.592127'),('rijgcrn2q2jfchv1skp0oy751mhz23wl','Njc4NjJjNmZlN2IzY2YxMDNlZDMwM2U2ZGNhYzdiYzNkYmE0YjRjMjp7Il9hdXRoX3VzZXJfaGFzaCI6ImRjMDUyMTJiYjJjYjEyNjNkYjkyZTZjNGMzM2U4MjBlZTU0ZGE2MzgiLCJfYXV0aF91c2VyX2JhY2tlbmQiOiJkamFuZ28uY29udHJpYi5hdXRoLmJhY2tlbmRzLk1vZGVsQmFja2VuZCIsIl9hdXRoX3VzZXJfaWQiOiIyIn0=','2017-10-13 07:19:33.451832'),('rl5dg6o5h6r0hxxu7yijeljqvzrmb89n','YmMxMGJhZjU1MzhiOTIzOGI1OTcyZDU2YWY4MmVmYjg1Y2ViYzExODp7Il9hdXRoX3VzZXJfaGFzaCI6ImQ1YzRiYzVjZGJjODVlODFjZmEwYzg1NTY1YTUyYmNlOGI2YTg1ZmQiLCJfYXV0aF91c2VyX2JhY2tlbmQiOiJkamFuZ28uY29udHJpYi5hdXRoLmJhY2tlbmRzLk1vZGVsQmFja2VuZCIsIl9hdXRoX3VzZXJfaWQiOiIxIn0=','2017-10-12 06:46:18.358955'),('rqxgddbo5g5zu7qesfarmyuax0iwqoox','YWI5YmQ5MjFlOGYwYjg0NDRkOTY5MTVkZGMxMGUwMjliMDViMjUzMzp7Il9hdXRoX3VzZXJfaGFzaCI6IjFiMDk1ODU3MDliOTRjYjlkN2FkNDMwZTJjYzFlNjE5ZWNiYTFiMjEiLCJfYXV0aF91c2VyX2JhY2tlbmQiOiJkamFuZ28uY29udHJpYi5hdXRoLmJhY2tlbmRzLk1vZGVsQmFja2VuZCIsIl9hdXRoX3VzZXJfaWQiOiI3MiJ9','2017-10-20 12:39:56.454676'),('rsaqsavndool5xi6l9n8rzsq0xvoeilq','YmMxMGJhZjU1MzhiOTIzOGI1OTcyZDU2YWY4MmVmYjg1Y2ViYzExODp7Il9hdXRoX3VzZXJfaGFzaCI6ImQ1YzRiYzVjZGJjODVlODFjZmEwYzg1NTY1YTUyYmNlOGI2YTg1ZmQiLCJfYXV0aF91c2VyX2JhY2tlbmQiOiJkamFuZ28uY29udHJpYi5hdXRoLmJhY2tlbmRzLk1vZGVsQmFja2VuZCIsIl9hdXRoX3VzZXJfaWQiOiIxIn0=','2017-10-13 06:33:00.424271'),('rutzflghwdod5l9ebev6n1fwpu6hr90g','NDhmNzEzMGM1Y2Y0ZjU3NGVhNjlhYTYzMGY4ODNkYzczYzUwNWI4MTp7Il9hdXRoX3VzZXJfaGFzaCI6IjdlYzQ2MzMxYjJhNGY5MDBkMWY3OGUzNmU0MTBkYzA1N2EzMjliMDIiLCJfYXV0aF91c2VyX2JhY2tlbmQiOiJkamFuZ28uY29udHJpYi5hdXRoLmJhY2tlbmRzLk1vZGVsQmFja2VuZCIsIl9hdXRoX3VzZXJfaWQiOiI3NyJ9','2017-10-27 12:11:36.926160'),('rx8yfnd7c25frwigis4p4000ycxg39sa','YWI5YmQ5MjFlOGYwYjg0NDRkOTY5MTVkZGMxMGUwMjliMDViMjUzMzp7Il9hdXRoX3VzZXJfaGFzaCI6IjFiMDk1ODU3MDliOTRjYjlkN2FkNDMwZTJjYzFlNjE5ZWNiYTFiMjEiLCJfYXV0aF91c2VyX2JhY2tlbmQiOiJkamFuZ28uY29udHJpYi5hdXRoLmJhY2tlbmRzLk1vZGVsQmFja2VuZCIsIl9hdXRoX3VzZXJfaWQiOiI3MiJ9','2017-10-23 13:05:13.616776'),('rxgyj7vsr8nk9h9evt7uocz6pdy046ta','MGE3ZTQ0MGI2NDQ1NWZmOTI2OTFhMWE2MmM4MTY1ZDIzMTRlMzFmODp7Il9hdXRoX3VzZXJfaGFzaCI6IjUxMzQxMDg3MTVjMGJlYjk5OTY3YWJkMDZjNDY3NjliYjNmNTFjMWUiLCJfYXV0aF91c2VyX2JhY2tlbmQiOiJkamFuZ28uY29udHJpYi5hdXRoLmJhY2tlbmRzLk1vZGVsQmFja2VuZCIsIl9hdXRoX3VzZXJfaWQiOiI1NyJ9','2017-10-18 13:20:25.925276'),('rzz71m2pqn1qad5ery3gl26u5dabm1f3','NDhmNzEzMGM1Y2Y0ZjU3NGVhNjlhYTYzMGY4ODNkYzczYzUwNWI4MTp7Il9hdXRoX3VzZXJfaGFzaCI6IjdlYzQ2MzMxYjJhNGY5MDBkMWY3OGUzNmU0MTBkYzA1N2EzMjliMDIiLCJfYXV0aF91c2VyX2JhY2tlbmQiOiJkamFuZ28uY29udHJpYi5hdXRoLmJhY2tlbmRzLk1vZGVsQmFja2VuZCIsIl9hdXRoX3VzZXJfaWQiOiI3NyJ9','2017-10-27 05:38:19.315540'),('s2rjwuy521okpb24dy9vh9yu011ib2r5','YmMxMGJhZjU1MzhiOTIzOGI1OTcyZDU2YWY4MmVmYjg1Y2ViYzExODp7Il9hdXRoX3VzZXJfaGFzaCI6ImQ1YzRiYzVjZGJjODVlODFjZmEwYzg1NTY1YTUyYmNlOGI2YTg1ZmQiLCJfYXV0aF91c2VyX2JhY2tlbmQiOiJkamFuZ28uY29udHJpYi5hdXRoLmJhY2tlbmRzLk1vZGVsQmFja2VuZCIsIl9hdXRoX3VzZXJfaWQiOiIxIn0=','2017-10-12 13:35:43.802198'),('s3fzgdkaqvdlc8598270rtakrshy74zp','YWI5YmQ5MjFlOGYwYjg0NDRkOTY5MTVkZGMxMGUwMjliMDViMjUzMzp7Il9hdXRoX3VzZXJfaGFzaCI6IjFiMDk1ODU3MDliOTRjYjlkN2FkNDMwZTJjYzFlNjE5ZWNiYTFiMjEiLCJfYXV0aF91c2VyX2JhY2tlbmQiOiJkamFuZ28uY29udHJpYi5hdXRoLmJhY2tlbmRzLk1vZGVsQmFja2VuZCIsIl9hdXRoX3VzZXJfaWQiOiI3MiJ9','2017-10-23 07:34:41.443354'),('s50dqsgdi534jun2gfz7nwch78qhak8x','YWI5YmQ5MjFlOGYwYjg0NDRkOTY5MTVkZGMxMGUwMjliMDViMjUzMzp7Il9hdXRoX3VzZXJfaGFzaCI6IjFiMDk1ODU3MDliOTRjYjlkN2FkNDMwZTJjYzFlNjE5ZWNiYTFiMjEiLCJfYXV0aF91c2VyX2JhY2tlbmQiOiJkamFuZ28uY29udHJpYi5hdXRoLmJhY2tlbmRzLk1vZGVsQmFja2VuZCIsIl9hdXRoX3VzZXJfaWQiOiI3MiJ9','2017-10-23 13:16:19.203608'),('s72zwm39rwin8y69gpb0wey1o2090hb9','ZDZhMGU3NGIxZGE1NWEzNjIxYTQ1MzA5OWVkMmI0Y2RmYThhOGQ2Zjp7Il9hdXRoX3VzZXJfaGFzaCI6ImViNjM3YjEwOGQ0ZTBhNTEwMGVkZGYzNTlkODdhNzk3M2RiZTUxN2EiLCJfYXV0aF91c2VyX2JhY2tlbmQiOiJkamFuZ28uY29udHJpYi5hdXRoLmJhY2tlbmRzLk1vZGVsQmFja2VuZCIsIl9hdXRoX3VzZXJfaWQiOiI1NiJ9','2017-10-17 14:13:29.736641'),('sc02jco8nlh4hl93emkfgqxac8j27nxw','YWI5YmQ5MjFlOGYwYjg0NDRkOTY5MTVkZGMxMGUwMjliMDViMjUzMzp7Il9hdXRoX3VzZXJfaGFzaCI6IjFiMDk1ODU3MDliOTRjYjlkN2FkNDMwZTJjYzFlNjE5ZWNiYTFiMjEiLCJfYXV0aF91c2VyX2JhY2tlbmQiOiJkamFuZ28uY29udHJpYi5hdXRoLmJhY2tlbmRzLk1vZGVsQmFja2VuZCIsIl9hdXRoX3VzZXJfaWQiOiI3MiJ9','2017-10-23 14:34:40.355206'),('sftgfdm5a9l93krr281jf9ayzda1acba','ZDZhMGU3NGIxZGE1NWEzNjIxYTQ1MzA5OWVkMmI0Y2RmYThhOGQ2Zjp7Il9hdXRoX3VzZXJfaGFzaCI6ImViNjM3YjEwOGQ0ZTBhNTEwMGVkZGYzNTlkODdhNzk3M2RiZTUxN2EiLCJfYXV0aF91c2VyX2JhY2tlbmQiOiJkamFuZ28uY29udHJpYi5hdXRoLmJhY2tlbmRzLk1vZGVsQmFja2VuZCIsIl9hdXRoX3VzZXJfaWQiOiI1NiJ9','2017-10-17 14:18:13.979880'),('sigj3a43xl6p2023x07h4sb5anx9ta0p','NDdjZTlhNmMyZjA0YjI4Y2Q0MGU4YjYwNTcwZDdlMWYyMGYwMDg3MTp7Il9hdXRoX3VzZXJfaGFzaCI6IjM5ZTI1MjgxZDIzOWEyNjQzNWQ0ZjE1ODZkZWVjODk0ZjI1OTNmYzQiLCJfYXV0aF91c2VyX2JhY2tlbmQiOiJkamFuZ28uY29udHJpYi5hdXRoLmJhY2tlbmRzLk1vZGVsQmFja2VuZCIsIl9hdXRoX3VzZXJfaWQiOiI0MiJ9','2017-10-27 12:28:26.503813'),('sl5sl6tog2spgyysg4ec9pw31a8qss5h','NDdjZTlhNmMyZjA0YjI4Y2Q0MGU4YjYwNTcwZDdlMWYyMGYwMDg3MTp7Il9hdXRoX3VzZXJfaGFzaCI6IjM5ZTI1MjgxZDIzOWEyNjQzNWQ0ZjE1ODZkZWVjODk0ZjI1OTNmYzQiLCJfYXV0aF91c2VyX2JhY2tlbmQiOiJkamFuZ28uY29udHJpYi5hdXRoLmJhY2tlbmRzLk1vZGVsQmFja2VuZCIsIl9hdXRoX3VzZXJfaWQiOiI0MiJ9','2017-10-17 14:06:33.546428'),('sli35eg0hy9km382uvw8bvq1tns4k2nc','YmMxMGJhZjU1MzhiOTIzOGI1OTcyZDU2YWY4MmVmYjg1Y2ViYzExODp7Il9hdXRoX3VzZXJfaGFzaCI6ImQ1YzRiYzVjZGJjODVlODFjZmEwYzg1NTY1YTUyYmNlOGI2YTg1ZmQiLCJfYXV0aF91c2VyX2JhY2tlbmQiOiJkamFuZ28uY29udHJpYi5hdXRoLmJhY2tlbmRzLk1vZGVsQmFja2VuZCIsIl9hdXRoX3VzZXJfaWQiOiIxIn0=','2017-10-13 07:19:55.218343'),('slptwei2jaehnmhj5mv0ptuw6rxa2n32','YWI5YmQ5MjFlOGYwYjg0NDRkOTY5MTVkZGMxMGUwMjliMDViMjUzMzp7Il9hdXRoX3VzZXJfaGFzaCI6IjFiMDk1ODU3MDliOTRjYjlkN2FkNDMwZTJjYzFlNjE5ZWNiYTFiMjEiLCJfYXV0aF91c2VyX2JhY2tlbmQiOiJkamFuZ28uY29udHJpYi5hdXRoLmJhY2tlbmRzLk1vZGVsQmFja2VuZCIsIl9hdXRoX3VzZXJfaWQiOiI3MiJ9','2017-10-24 07:30:18.257169'),('sv5kvkpgf0h1wgex281f1a1bmb5ztlsz','NDdjZTlhNmMyZjA0YjI4Y2Q0MGU4YjYwNTcwZDdlMWYyMGYwMDg3MTp7Il9hdXRoX3VzZXJfaGFzaCI6IjM5ZTI1MjgxZDIzOWEyNjQzNWQ0ZjE1ODZkZWVjODk0ZjI1OTNmYzQiLCJfYXV0aF91c2VyX2JhY2tlbmQiOiJkamFuZ28uY29udHJpYi5hdXRoLmJhY2tlbmRzLk1vZGVsQmFja2VuZCIsIl9hdXRoX3VzZXJfaWQiOiI0MiJ9','2017-10-19 06:35:57.674417'),('sw7698l6h91c8fd7tbedhk08iutdbj0e','YmMxMGJhZjU1MzhiOTIzOGI1OTcyZDU2YWY4MmVmYjg1Y2ViYzExODp7Il9hdXRoX3VzZXJfaGFzaCI6ImQ1YzRiYzVjZGJjODVlODFjZmEwYzg1NTY1YTUyYmNlOGI2YTg1ZmQiLCJfYXV0aF91c2VyX2JhY2tlbmQiOiJkamFuZ28uY29udHJpYi5hdXRoLmJhY2tlbmRzLk1vZGVsQmFja2VuZCIsIl9hdXRoX3VzZXJfaWQiOiIxIn0=','2017-10-12 09:36:42.459640'),('sy81bfcwwn6a8jbpivrnthe74slbmon9','YWI5YmQ5MjFlOGYwYjg0NDRkOTY5MTVkZGMxMGUwMjliMDViMjUzMzp7Il9hdXRoX3VzZXJfaGFzaCI6IjFiMDk1ODU3MDliOTRjYjlkN2FkNDMwZTJjYzFlNjE5ZWNiYTFiMjEiLCJfYXV0aF91c2VyX2JhY2tlbmQiOiJkamFuZ28uY29udHJpYi5hdXRoLmJhY2tlbmRzLk1vZGVsQmFja2VuZCIsIl9hdXRoX3VzZXJfaWQiOiI3MiJ9','2017-10-23 07:49:24.948655'),('syjmzm1vdnghqkf06cblw3fx7dfhbq3l','NDdjZTlhNmMyZjA0YjI4Y2Q0MGU4YjYwNTcwZDdlMWYyMGYwMDg3MTp7Il9hdXRoX3VzZXJfaGFzaCI6IjM5ZTI1MjgxZDIzOWEyNjQzNWQ0ZjE1ODZkZWVjODk0ZjI1OTNmYzQiLCJfYXV0aF91c2VyX2JhY2tlbmQiOiJkamFuZ28uY29udHJpYi5hdXRoLmJhY2tlbmRzLk1vZGVsQmFja2VuZCIsIl9hdXRoX3VzZXJfaWQiOiI0MiJ9','2017-10-23 06:51:57.724174'),('sz04mgvue3vdz2mhlfi3sz9h4eqmyc5e','MGE3ZTQ0MGI2NDQ1NWZmOTI2OTFhMWE2MmM4MTY1ZDIzMTRlMzFmODp7Il9hdXRoX3VzZXJfaGFzaCI6IjUxMzQxMDg3MTVjMGJlYjk5OTY3YWJkMDZjNDY3NjliYjNmNTFjMWUiLCJfYXV0aF91c2VyX2JhY2tlbmQiOiJkamFuZ28uY29udHJpYi5hdXRoLmJhY2tlbmRzLk1vZGVsQmFja2VuZCIsIl9hdXRoX3VzZXJfaWQiOiI1NyJ9','2017-10-18 14:24:45.380616'),('t28v78i5yoyukz1h3dxbblfh282xngaq','YmMxMGJhZjU1MzhiOTIzOGI1OTcyZDU2YWY4MmVmYjg1Y2ViYzExODp7Il9hdXRoX3VzZXJfaGFzaCI6ImQ1YzRiYzVjZGJjODVlODFjZmEwYzg1NTY1YTUyYmNlOGI2YTg1ZmQiLCJfYXV0aF91c2VyX2JhY2tlbmQiOiJkamFuZ28uY29udHJpYi5hdXRoLmJhY2tlbmRzLk1vZGVsQmFja2VuZCIsIl9hdXRoX3VzZXJfaWQiOiIxIn0=','2017-10-13 07:32:30.037586'),('t2u1v31j3x68lea4jgjitt2nho7rutol','NDdjZTlhNmMyZjA0YjI4Y2Q0MGU4YjYwNTcwZDdlMWYyMGYwMDg3MTp7Il9hdXRoX3VzZXJfaGFzaCI6IjM5ZTI1MjgxZDIzOWEyNjQzNWQ0ZjE1ODZkZWVjODk0ZjI1OTNmYzQiLCJfYXV0aF91c2VyX2JhY2tlbmQiOiJkamFuZ28uY29udHJpYi5hdXRoLmJhY2tlbmRzLk1vZGVsQmFja2VuZCIsIl9hdXRoX3VzZXJfaWQiOiI0MiJ9','2017-10-27 12:22:48.986805'),('t42gzpdjoxsyn7wj2tbsdv1dcwdjz57b','NDhmNzEzMGM1Y2Y0ZjU3NGVhNjlhYTYzMGY4ODNkYzczYzUwNWI4MTp7Il9hdXRoX3VzZXJfaGFzaCI6IjdlYzQ2MzMxYjJhNGY5MDBkMWY3OGUzNmU0MTBkYzA1N2EzMjliMDIiLCJfYXV0aF91c2VyX2JhY2tlbmQiOiJkamFuZ28uY29udHJpYi5hdXRoLmJhY2tlbmRzLk1vZGVsQmFja2VuZCIsIl9hdXRoX3VzZXJfaWQiOiI3NyJ9','2017-10-26 04:55:33.758584'),('t7bo5io2888pqdeyaptqtkur291iuj12','NDdjZTlhNmMyZjA0YjI4Y2Q0MGU4YjYwNTcwZDdlMWYyMGYwMDg3MTp7Il9hdXRoX3VzZXJfaGFzaCI6IjM5ZTI1MjgxZDIzOWEyNjQzNWQ0ZjE1ODZkZWVjODk0ZjI1OTNmYzQiLCJfYXV0aF91c2VyX2JhY2tlbmQiOiJkamFuZ28uY29udHJpYi5hdXRoLmJhY2tlbmRzLk1vZGVsQmFja2VuZCIsIl9hdXRoX3VzZXJfaWQiOiI0MiJ9','2017-10-26 04:57:11.525156'),('t8po36mq5q1wmnbt6fma0p5z0xdws8t2','MGE3ZTQ0MGI2NDQ1NWZmOTI2OTFhMWE2MmM4MTY1ZDIzMTRlMzFmODp7Il9hdXRoX3VzZXJfaGFzaCI6IjUxMzQxMDg3MTVjMGJlYjk5OTY3YWJkMDZjNDY3NjliYjNmNTFjMWUiLCJfYXV0aF91c2VyX2JhY2tlbmQiOiJkamFuZ28uY29udHJpYi5hdXRoLmJhY2tlbmRzLk1vZGVsQmFja2VuZCIsIl9hdXRoX3VzZXJfaWQiOiI1NyJ9','2017-10-19 06:02:32.911524'),('taks7naznw2tzp8ykq1am6xe9cxtloog','YmMxMGJhZjU1MzhiOTIzOGI1OTcyZDU2YWY4MmVmYjg1Y2ViYzExODp7Il9hdXRoX3VzZXJfaGFzaCI6ImQ1YzRiYzVjZGJjODVlODFjZmEwYzg1NTY1YTUyYmNlOGI2YTg1ZmQiLCJfYXV0aF91c2VyX2JhY2tlbmQiOiJkamFuZ28uY29udHJpYi5hdXRoLmJhY2tlbmRzLk1vZGVsQmFja2VuZCIsIl9hdXRoX3VzZXJfaWQiOiIxIn0=','2017-10-11 11:31:51.629276'),('tb7rrzzb3xrwidtw9qz0ssb5tpjqfrtn','NDdjZTlhNmMyZjA0YjI4Y2Q0MGU4YjYwNTcwZDdlMWYyMGYwMDg3MTp7Il9hdXRoX3VzZXJfaGFzaCI6IjM5ZTI1MjgxZDIzOWEyNjQzNWQ0ZjE1ODZkZWVjODk0ZjI1OTNmYzQiLCJfYXV0aF91c2VyX2JhY2tlbmQiOiJkamFuZ28uY29udHJpYi5hdXRoLmJhY2tlbmRzLk1vZGVsQmFja2VuZCIsIl9hdXRoX3VzZXJfaWQiOiI0MiJ9','2017-10-20 07:39:04.977866'),('tc8gypw1ipshge9mipqblkjapv702e28','YmMxMGJhZjU1MzhiOTIzOGI1OTcyZDU2YWY4MmVmYjg1Y2ViYzExODp7Il9hdXRoX3VzZXJfaGFzaCI6ImQ1YzRiYzVjZGJjODVlODFjZmEwYzg1NTY1YTUyYmNlOGI2YTg1ZmQiLCJfYXV0aF91c2VyX2JhY2tlbmQiOiJkamFuZ28uY29udHJpYi5hdXRoLmJhY2tlbmRzLk1vZGVsQmFja2VuZCIsIl9hdXRoX3VzZXJfaWQiOiIxIn0=','2017-10-13 06:47:19.964335'),('tefbceqpz8i0endaea0u1mcsgzn3tp83','Njc4NjJjNmZlN2IzY2YxMDNlZDMwM2U2ZGNhYzdiYzNkYmE0YjRjMjp7Il9hdXRoX3VzZXJfaGFzaCI6ImRjMDUyMTJiYjJjYjEyNjNkYjkyZTZjNGMzM2U4MjBlZTU0ZGE2MzgiLCJfYXV0aF91c2VyX2JhY2tlbmQiOiJkamFuZ28uY29udHJpYi5hdXRoLmJhY2tlbmRzLk1vZGVsQmFja2VuZCIsIl9hdXRoX3VzZXJfaWQiOiIyIn0=','2017-10-12 11:19:33.156753'),('teinw5tin4xpnlysoj8gujzxnxeub5v1','MGE3ZTQ0MGI2NDQ1NWZmOTI2OTFhMWE2MmM4MTY1ZDIzMTRlMzFmODp7Il9hdXRoX3VzZXJfaGFzaCI6IjUxMzQxMDg3MTVjMGJlYjk5OTY3YWJkMDZjNDY3NjliYjNmNTFjMWUiLCJfYXV0aF91c2VyX2JhY2tlbmQiOiJkamFuZ28uY29udHJpYi5hdXRoLmJhY2tlbmRzLk1vZGVsQmFja2VuZCIsIl9hdXRoX3VzZXJfaWQiOiI1NyJ9','2017-10-18 11:06:05.492142'),('teiumt2m84d13h7bx6xg1ftvsel2s4im','MGE3ZTQ0MGI2NDQ1NWZmOTI2OTFhMWE2MmM4MTY1ZDIzMTRlMzFmODp7Il9hdXRoX3VzZXJfaGFzaCI6IjUxMzQxMDg3MTVjMGJlYjk5OTY3YWJkMDZjNDY3NjliYjNmNTFjMWUiLCJfYXV0aF91c2VyX2JhY2tlbmQiOiJkamFuZ28uY29udHJpYi5hdXRoLmJhY2tlbmRzLk1vZGVsQmFja2VuZCIsIl9hdXRoX3VzZXJfaWQiOiI1NyJ9','2017-10-18 06:29:01.404978'),('tfooltg79p0clwykymfav8z63v7g4ufs','MGE3ZTQ0MGI2NDQ1NWZmOTI2OTFhMWE2MmM4MTY1ZDIzMTRlMzFmODp7Il9hdXRoX3VzZXJfaGFzaCI6IjUxMzQxMDg3MTVjMGJlYjk5OTY3YWJkMDZjNDY3NjliYjNmNTFjMWUiLCJfYXV0aF91c2VyX2JhY2tlbmQiOiJkamFuZ28uY29udHJpYi5hdXRoLmJhY2tlbmRzLk1vZGVsQmFja2VuZCIsIl9hdXRoX3VzZXJfaWQiOiI1NyJ9','2017-10-18 11:09:49.422478'),('tjmio32cescqpkqsxjglqrcuo7a3u6hb','NDdjZTlhNmMyZjA0YjI4Y2Q0MGU4YjYwNTcwZDdlMWYyMGYwMDg3MTp7Il9hdXRoX3VzZXJfaGFzaCI6IjM5ZTI1MjgxZDIzOWEyNjQzNWQ0ZjE1ODZkZWVjODk0ZjI1OTNmYzQiLCJfYXV0aF91c2VyX2JhY2tlbmQiOiJkamFuZ28uY29udHJpYi5hdXRoLmJhY2tlbmRzLk1vZGVsQmFja2VuZCIsIl9hdXRoX3VzZXJfaWQiOiI0MiJ9','2017-10-20 06:18:52.585705'),('tlcg5nzk96b66j6723dzjcyf43nk92k0','YWI5YmQ5MjFlOGYwYjg0NDRkOTY5MTVkZGMxMGUwMjliMDViMjUzMzp7Il9hdXRoX3VzZXJfaGFzaCI6IjFiMDk1ODU3MDliOTRjYjlkN2FkNDMwZTJjYzFlNjE5ZWNiYTFiMjEiLCJfYXV0aF91c2VyX2JhY2tlbmQiOiJkamFuZ28uY29udHJpYi5hdXRoLmJhY2tlbmRzLk1vZGVsQmFja2VuZCIsIl9hdXRoX3VzZXJfaWQiOiI3MiJ9','2017-10-23 10:40:35.362999'),('tn15lgwrewrr2y39nzrto4nn6a47xu0n','YmMxMGJhZjU1MzhiOTIzOGI1OTcyZDU2YWY4MmVmYjg1Y2ViYzExODp7Il9hdXRoX3VzZXJfaGFzaCI6ImQ1YzRiYzVjZGJjODVlODFjZmEwYzg1NTY1YTUyYmNlOGI2YTg1ZmQiLCJfYXV0aF91c2VyX2JhY2tlbmQiOiJkamFuZ28uY29udHJpYi5hdXRoLmJhY2tlbmRzLk1vZGVsQmFja2VuZCIsIl9hdXRoX3VzZXJfaWQiOiIxIn0=','2017-10-13 07:27:53.024817'),('tn5if0m671qr93o9q4fb5cya3cvnekj4','YWI5YmQ5MjFlOGYwYjg0NDRkOTY5MTVkZGMxMGUwMjliMDViMjUzMzp7Il9hdXRoX3VzZXJfaGFzaCI6IjFiMDk1ODU3MDliOTRjYjlkN2FkNDMwZTJjYzFlNjE5ZWNiYTFiMjEiLCJfYXV0aF91c2VyX2JhY2tlbmQiOiJkamFuZ28uY29udHJpYi5hdXRoLmJhY2tlbmRzLk1vZGVsQmFja2VuZCIsIl9hdXRoX3VzZXJfaWQiOiI3MiJ9','2017-10-23 14:27:23.720980'),('tqpny6o8f9n45egeawg2nhb8frt7t94u','YWI5YmQ5MjFlOGYwYjg0NDRkOTY5MTVkZGMxMGUwMjliMDViMjUzMzp7Il9hdXRoX3VzZXJfaGFzaCI6IjFiMDk1ODU3MDliOTRjYjlkN2FkNDMwZTJjYzFlNjE5ZWNiYTFiMjEiLCJfYXV0aF91c2VyX2JhY2tlbmQiOiJkamFuZ28uY29udHJpYi5hdXRoLmJhY2tlbmRzLk1vZGVsQmFja2VuZCIsIl9hdXRoX3VzZXJfaWQiOiI3MiJ9','2017-10-25 07:29:57.988391'),('tr5143pv7lowy8q1n38l40hvgeggvotd','YmMxMGJhZjU1MzhiOTIzOGI1OTcyZDU2YWY4MmVmYjg1Y2ViYzExODp7Il9hdXRoX3VzZXJfaGFzaCI6ImQ1YzRiYzVjZGJjODVlODFjZmEwYzg1NTY1YTUyYmNlOGI2YTg1ZmQiLCJfYXV0aF91c2VyX2JhY2tlbmQiOiJkamFuZ28uY29udHJpYi5hdXRoLmJhY2tlbmRzLk1vZGVsQmFja2VuZCIsIl9hdXRoX3VzZXJfaWQiOiIxIn0=','2017-10-12 06:01:51.397265'),('tr651ylbksjpiga50o3ko3zo7llu7xus','NDdjZTlhNmMyZjA0YjI4Y2Q0MGU4YjYwNTcwZDdlMWYyMGYwMDg3MTp7Il9hdXRoX3VzZXJfaGFzaCI6IjM5ZTI1MjgxZDIzOWEyNjQzNWQ0ZjE1ODZkZWVjODk0ZjI1OTNmYzQiLCJfYXV0aF91c2VyX2JhY2tlbmQiOiJkamFuZ28uY29udHJpYi5hdXRoLmJhY2tlbmRzLk1vZGVsQmFja2VuZCIsIl9hdXRoX3VzZXJfaWQiOiI0MiJ9','2017-10-27 05:47:23.628803'),('tvervw4v13odu0cb6hccuwpucrhml4jr','YmMxMGJhZjU1MzhiOTIzOGI1OTcyZDU2YWY4MmVmYjg1Y2ViYzExODp7Il9hdXRoX3VzZXJfaGFzaCI6ImQ1YzRiYzVjZGJjODVlODFjZmEwYzg1NTY1YTUyYmNlOGI2YTg1ZmQiLCJfYXV0aF91c2VyX2JhY2tlbmQiOiJkamFuZ28uY29udHJpYi5hdXRoLmJhY2tlbmRzLk1vZGVsQmFja2VuZCIsIl9hdXRoX3VzZXJfaWQiOiIxIn0=','2017-10-12 06:42:28.176756'),('tvpktkuf7gkyyp24scitk3pfw6nt4gw3','YWI5YmQ5MjFlOGYwYjg0NDRkOTY5MTVkZGMxMGUwMjliMDViMjUzMzp7Il9hdXRoX3VzZXJfaGFzaCI6IjFiMDk1ODU3MDliOTRjYjlkN2FkNDMwZTJjYzFlNjE5ZWNiYTFiMjEiLCJfYXV0aF91c2VyX2JhY2tlbmQiOiJkamFuZ28uY29udHJpYi5hdXRoLmJhY2tlbmRzLk1vZGVsQmFja2VuZCIsIl9hdXRoX3VzZXJfaWQiOiI3MiJ9','2017-10-20 12:50:06.689809'),('ty2mkebz37uivoxnf9cu1zm0ibepgpde','NDdjZTlhNmMyZjA0YjI4Y2Q0MGU4YjYwNTcwZDdlMWYyMGYwMDg3MTp7Il9hdXRoX3VzZXJfaGFzaCI6IjM5ZTI1MjgxZDIzOWEyNjQzNWQ0ZjE1ODZkZWVjODk0ZjI1OTNmYzQiLCJfYXV0aF91c2VyX2JhY2tlbmQiOiJkamFuZ28uY29udHJpYi5hdXRoLmJhY2tlbmRzLk1vZGVsQmFja2VuZCIsIl9hdXRoX3VzZXJfaWQiOiI0MiJ9','2017-10-18 11:02:26.947590'),('u0o3uqnixx8eaxtn7j4bybuphwdczm56','YWI5YmQ5MjFlOGYwYjg0NDRkOTY5MTVkZGMxMGUwMjliMDViMjUzMzp7Il9hdXRoX3VzZXJfaGFzaCI6IjFiMDk1ODU3MDliOTRjYjlkN2FkNDMwZTJjYzFlNjE5ZWNiYTFiMjEiLCJfYXV0aF91c2VyX2JhY2tlbmQiOiJkamFuZ28uY29udHJpYi5hdXRoLmJhY2tlbmRzLk1vZGVsQmFja2VuZCIsIl9hdXRoX3VzZXJfaWQiOiI3MiJ9','2017-10-23 13:24:15.271039'),('u1fpkhsai2z467nr0x7tlc4m8vribhja','ZWExZjExNjkzYWE1M2ZjMmVjN2FmM2U1Mzk5ZTRkMTA1ODBlNDc0MDp7Il9hdXRoX3VzZXJfaGFzaCI6IjQzYjFkNmI0NGQ0MjgwZThlZmFkZjQ3YzY2Mzg1NzA5OGU0NDA1ZjQiLCJfYXV0aF91c2VyX2JhY2tlbmQiOiJkamFuZ28uY29udHJpYi5hdXRoLmJhY2tlbmRzLk1vZGVsQmFja2VuZCIsIl9hdXRoX3VzZXJfaWQiOiI1OCJ9','2017-10-18 12:14:25.838759'),('u30o8zfovhcta0i6s072n4g0qmclw2xm','YWI5YmQ5MjFlOGYwYjg0NDRkOTY5MTVkZGMxMGUwMjliMDViMjUzMzp7Il9hdXRoX3VzZXJfaGFzaCI6IjFiMDk1ODU3MDliOTRjYjlkN2FkNDMwZTJjYzFlNjE5ZWNiYTFiMjEiLCJfYXV0aF91c2VyX2JhY2tlbmQiOiJkamFuZ28uY29udHJpYi5hdXRoLmJhY2tlbmRzLk1vZGVsQmFja2VuZCIsIl9hdXRoX3VzZXJfaWQiOiI3MiJ9','2017-10-23 13:10:02.421602'),('u4jisn80z6pufo9h1olv228q9anligmp','YWI5YmQ5MjFlOGYwYjg0NDRkOTY5MTVkZGMxMGUwMjliMDViMjUzMzp7Il9hdXRoX3VzZXJfaGFzaCI6IjFiMDk1ODU3MDliOTRjYjlkN2FkNDMwZTJjYzFlNjE5ZWNiYTFiMjEiLCJfYXV0aF91c2VyX2JhY2tlbmQiOiJkamFuZ28uY29udHJpYi5hdXRoLmJhY2tlbmRzLk1vZGVsQmFja2VuZCIsIl9hdXRoX3VzZXJfaWQiOiI3MiJ9','2017-10-20 07:39:13.363456'),('u5wlwxt4vmixfyrmtyfue9b7zgalf7uy','NDdjZTlhNmMyZjA0YjI4Y2Q0MGU4YjYwNTcwZDdlMWYyMGYwMDg3MTp7Il9hdXRoX3VzZXJfaGFzaCI6IjM5ZTI1MjgxZDIzOWEyNjQzNWQ0ZjE1ODZkZWVjODk0ZjI1OTNmYzQiLCJfYXV0aF91c2VyX2JhY2tlbmQiOiJkamFuZ28uY29udHJpYi5hdXRoLmJhY2tlbmRzLk1vZGVsQmFja2VuZCIsIl9hdXRoX3VzZXJfaWQiOiI0MiJ9','2017-10-19 06:58:37.506202'),('u7alybz28jhtsirgdu1lkb7n66ymbljv','YWI5YmQ5MjFlOGYwYjg0NDRkOTY5MTVkZGMxMGUwMjliMDViMjUzMzp7Il9hdXRoX3VzZXJfaGFzaCI6IjFiMDk1ODU3MDliOTRjYjlkN2FkNDMwZTJjYzFlNjE5ZWNiYTFiMjEiLCJfYXV0aF91c2VyX2JhY2tlbmQiOiJkamFuZ28uY29udHJpYi5hdXRoLmJhY2tlbmRzLk1vZGVsQmFja2VuZCIsIl9hdXRoX3VzZXJfaWQiOiI3MiJ9','2017-10-23 13:15:24.583865'),('u8kc55jcw8juyfjik420x489zg4fezq9','YmMxMGJhZjU1MzhiOTIzOGI1OTcyZDU2YWY4MmVmYjg1Y2ViYzExODp7Il9hdXRoX3VzZXJfaGFzaCI6ImQ1YzRiYzVjZGJjODVlODFjZmEwYzg1NTY1YTUyYmNlOGI2YTg1ZmQiLCJfYXV0aF91c2VyX2JhY2tlbmQiOiJkamFuZ28uY29udHJpYi5hdXRoLmJhY2tlbmRzLk1vZGVsQmFja2VuZCIsIl9hdXRoX3VzZXJfaWQiOiIxIn0=','2017-10-12 06:33:02.547711'),('u8rffw31kq9b5iz9x04085262ufe9gwa','YTk4ZGNmYzliZTg1YzlhNzk5Mzg5MDE0N2NjMGU1YmVkZmRiYjg3NTp7Il9hdXRoX3VzZXJfaGFzaCI6IjFkOGJhMTEzZjgyYzlkYjRkMzQ5YzIxYTRjYmUxMmRlNTBhNDM3ZTEiLCJfYXV0aF91c2VyX2JhY2tlbmQiOiJkamFuZ28uY29udHJpYi5hdXRoLmJhY2tlbmRzLk1vZGVsQmFja2VuZCIsIl9hdXRoX3VzZXJfaWQiOiI1OSJ9','2017-10-18 10:30:35.578688'),('ubxiuu5nj3xx21otq7u7590d5rnqlj61','MGE3ZTQ0MGI2NDQ1NWZmOTI2OTFhMWE2MmM4MTY1ZDIzMTRlMzFmODp7Il9hdXRoX3VzZXJfaGFzaCI6IjUxMzQxMDg3MTVjMGJlYjk5OTY3YWJkMDZjNDY3NjliYjNmNTFjMWUiLCJfYXV0aF91c2VyX2JhY2tlbmQiOiJkamFuZ28uY29udHJpYi5hdXRoLmJhY2tlbmRzLk1vZGVsQmFja2VuZCIsIl9hdXRoX3VzZXJfaWQiOiI1NyJ9','2017-10-18 06:41:36.553317'),('uciwfzeb9nug976ozkp1zwogui605d4s','YWI5YmQ5MjFlOGYwYjg0NDRkOTY5MTVkZGMxMGUwMjliMDViMjUzMzp7Il9hdXRoX3VzZXJfaGFzaCI6IjFiMDk1ODU3MDliOTRjYjlkN2FkNDMwZTJjYzFlNjE5ZWNiYTFiMjEiLCJfYXV0aF91c2VyX2JhY2tlbmQiOiJkamFuZ28uY29udHJpYi5hdXRoLmJhY2tlbmRzLk1vZGVsQmFja2VuZCIsIl9hdXRoX3VzZXJfaWQiOiI3MiJ9','2017-10-23 06:19:32.870338'),('ue89llyr60juufkrva0x7mtke8ywx1im','YWI5YmQ5MjFlOGYwYjg0NDRkOTY5MTVkZGMxMGUwMjliMDViMjUzMzp7Il9hdXRoX3VzZXJfaGFzaCI6IjFiMDk1ODU3MDliOTRjYjlkN2FkNDMwZTJjYzFlNjE5ZWNiYTFiMjEiLCJfYXV0aF91c2VyX2JhY2tlbmQiOiJkamFuZ28uY29udHJpYi5hdXRoLmJhY2tlbmRzLk1vZGVsQmFja2VuZCIsIl9hdXRoX3VzZXJfaWQiOiI3MiJ9','2017-10-25 09:49:15.327962'),('ukhy0bdstji9243b4qtk6c2ymp9xc3lr','YWI5YmQ5MjFlOGYwYjg0NDRkOTY5MTVkZGMxMGUwMjliMDViMjUzMzp7Il9hdXRoX3VzZXJfaGFzaCI6IjFiMDk1ODU3MDliOTRjYjlkN2FkNDMwZTJjYzFlNjE5ZWNiYTFiMjEiLCJfYXV0aF91c2VyX2JhY2tlbmQiOiJkamFuZ28uY29udHJpYi5hdXRoLmJhY2tlbmRzLk1vZGVsQmFja2VuZCIsIl9hdXRoX3VzZXJfaWQiOiI3MiJ9','2017-10-20 14:02:35.390583'),('umtch19vo20x1ewypsjq57laome1d9vi','YWI5YmQ5MjFlOGYwYjg0NDRkOTY5MTVkZGMxMGUwMjliMDViMjUzMzp7Il9hdXRoX3VzZXJfaGFzaCI6IjFiMDk1ODU3MDliOTRjYjlkN2FkNDMwZTJjYzFlNjE5ZWNiYTFiMjEiLCJfYXV0aF91c2VyX2JhY2tlbmQiOiJkamFuZ28uY29udHJpYi5hdXRoLmJhY2tlbmRzLk1vZGVsQmFja2VuZCIsIl9hdXRoX3VzZXJfaWQiOiI3MiJ9','2017-10-24 12:34:43.920039'),('uns7q8oowtclwybvadiubkza1vcmvsq3','YmMxMGJhZjU1MzhiOTIzOGI1OTcyZDU2YWY4MmVmYjg1Y2ViYzExODp7Il9hdXRoX3VzZXJfaGFzaCI6ImQ1YzRiYzVjZGJjODVlODFjZmEwYzg1NTY1YTUyYmNlOGI2YTg1ZmQiLCJfYXV0aF91c2VyX2JhY2tlbmQiOiJkamFuZ28uY29udHJpYi5hdXRoLmJhY2tlbmRzLk1vZGVsQmFja2VuZCIsIl9hdXRoX3VzZXJfaWQiOiIxIn0=','2017-10-12 08:24:34.685198'),('urmmi3cdxno2txjdmxhk7p0egs3e9q4b','NDdjZTlhNmMyZjA0YjI4Y2Q0MGU4YjYwNTcwZDdlMWYyMGYwMDg3MTp7Il9hdXRoX3VzZXJfaGFzaCI6IjM5ZTI1MjgxZDIzOWEyNjQzNWQ0ZjE1ODZkZWVjODk0ZjI1OTNmYzQiLCJfYXV0aF91c2VyX2JhY2tlbmQiOiJkamFuZ28uY29udHJpYi5hdXRoLmJhY2tlbmRzLk1vZGVsQmFja2VuZCIsIl9hdXRoX3VzZXJfaWQiOiI0MiJ9','2017-10-30 11:35:36.353852'),('uu1owd2f6n77vfgdk2yg6imnaeqwirnk','ZWExZjExNjkzYWE1M2ZjMmVjN2FmM2U1Mzk5ZTRkMTA1ODBlNDc0MDp7Il9hdXRoX3VzZXJfaGFzaCI6IjQzYjFkNmI0NGQ0MjgwZThlZmFkZjQ3YzY2Mzg1NzA5OGU0NDA1ZjQiLCJfYXV0aF91c2VyX2JhY2tlbmQiOiJkamFuZ28uY29udHJpYi5hdXRoLmJhY2tlbmRzLk1vZGVsQmFja2VuZCIsIl9hdXRoX3VzZXJfaWQiOiI1OCJ9','2017-10-19 10:17:02.452108'),('uwpw8g8882ux5vy280n6thk217t30gnf','NDdjZTlhNmMyZjA0YjI4Y2Q0MGU4YjYwNTcwZDdlMWYyMGYwMDg3MTp7Il9hdXRoX3VzZXJfaGFzaCI6IjM5ZTI1MjgxZDIzOWEyNjQzNWQ0ZjE1ODZkZWVjODk0ZjI1OTNmYzQiLCJfYXV0aF91c2VyX2JhY2tlbmQiOiJkamFuZ28uY29udHJpYi5hdXRoLmJhY2tlbmRzLk1vZGVsQmFja2VuZCIsIl9hdXRoX3VzZXJfaWQiOiI0MiJ9','2017-10-27 12:48:46.170015'),('uzarl32yiv7xmg1s4i3fmve1js0uz54x','YmMxMGJhZjU1MzhiOTIzOGI1OTcyZDU2YWY4MmVmYjg1Y2ViYzExODp7Il9hdXRoX3VzZXJfaGFzaCI6ImQ1YzRiYzVjZGJjODVlODFjZmEwYzg1NTY1YTUyYmNlOGI2YTg1ZmQiLCJfYXV0aF91c2VyX2JhY2tlbmQiOiJkamFuZ28uY29udHJpYi5hdXRoLmJhY2tlbmRzLk1vZGVsQmFja2VuZCIsIl9hdXRoX3VzZXJfaWQiOiIxIn0=','2017-10-17 05:16:43.198979'),('v1r53vbmxrvuws4ff3xq9yuc9xt2yvv0','NDdjZTlhNmMyZjA0YjI4Y2Q0MGU4YjYwNTcwZDdlMWYyMGYwMDg3MTp7Il9hdXRoX3VzZXJfaGFzaCI6IjM5ZTI1MjgxZDIzOWEyNjQzNWQ0ZjE1ODZkZWVjODk0ZjI1OTNmYzQiLCJfYXV0aF91c2VyX2JhY2tlbmQiOiJkamFuZ28uY29udHJpYi5hdXRoLmJhY2tlbmRzLk1vZGVsQmFja2VuZCIsIl9hdXRoX3VzZXJfaWQiOiI0MiJ9','2017-10-27 05:39:54.176454'),('v2i5zvmjkuzrwgecetxicv7alg8j23yq','YmMxMGJhZjU1MzhiOTIzOGI1OTcyZDU2YWY4MmVmYjg1Y2ViYzExODp7Il9hdXRoX3VzZXJfaGFzaCI6ImQ1YzRiYzVjZGJjODVlODFjZmEwYzg1NTY1YTUyYmNlOGI2YTg1ZmQiLCJfYXV0aF91c2VyX2JhY2tlbmQiOiJkamFuZ28uY29udHJpYi5hdXRoLmJhY2tlbmRzLk1vZGVsQmFja2VuZCIsIl9hdXRoX3VzZXJfaWQiOiIxIn0=','2017-10-11 06:44:17.113265'),('v2ox2otwk47mt657o8yqcni8xhgsuvld','NDdjZTlhNmMyZjA0YjI4Y2Q0MGU4YjYwNTcwZDdlMWYyMGYwMDg3MTp7Il9hdXRoX3VzZXJfaGFzaCI6IjM5ZTI1MjgxZDIzOWEyNjQzNWQ0ZjE1ODZkZWVjODk0ZjI1OTNmYzQiLCJfYXV0aF91c2VyX2JhY2tlbmQiOiJkamFuZ28uY29udHJpYi5hdXRoLmJhY2tlbmRzLk1vZGVsQmFja2VuZCIsIl9hdXRoX3VzZXJfaWQiOiI0MiJ9','2017-10-25 13:54:17.635653'),('v3a40bw1nzfueca8qd1gs9u5fo7mn6nn','YmMxMGJhZjU1MzhiOTIzOGI1OTcyZDU2YWY4MmVmYjg1Y2ViYzExODp7Il9hdXRoX3VzZXJfaGFzaCI6ImQ1YzRiYzVjZGJjODVlODFjZmEwYzg1NTY1YTUyYmNlOGI2YTg1ZmQiLCJfYXV0aF91c2VyX2JhY2tlbmQiOiJkamFuZ28uY29udHJpYi5hdXRoLmJhY2tlbmRzLk1vZGVsQmFja2VuZCIsIl9hdXRoX3VzZXJfaWQiOiIxIn0=','2017-10-17 06:22:24.928376'),('v42l97qkxrqsbi7exjon5dtxq4p7r0ko','MGE3ZTQ0MGI2NDQ1NWZmOTI2OTFhMWE2MmM4MTY1ZDIzMTRlMzFmODp7Il9hdXRoX3VzZXJfaGFzaCI6IjUxMzQxMDg3MTVjMGJlYjk5OTY3YWJkMDZjNDY3NjliYjNmNTFjMWUiLCJfYXV0aF91c2VyX2JhY2tlbmQiOiJkamFuZ28uY29udHJpYi5hdXRoLmJhY2tlbmRzLk1vZGVsQmFja2VuZCIsIl9hdXRoX3VzZXJfaWQiOiI1NyJ9','2017-10-18 10:32:43.035374'),('v44lnmeba340pqwv3qltzog392dgrl2l','NDhmNzEzMGM1Y2Y0ZjU3NGVhNjlhYTYzMGY4ODNkYzczYzUwNWI4MTp7Il9hdXRoX3VzZXJfaGFzaCI6IjdlYzQ2MzMxYjJhNGY5MDBkMWY3OGUzNmU0MTBkYzA1N2EzMjliMDIiLCJfYXV0aF91c2VyX2JhY2tlbmQiOiJkamFuZ28uY29udHJpYi5hdXRoLmJhY2tlbmRzLk1vZGVsQmFja2VuZCIsIl9hdXRoX3VzZXJfaWQiOiI3NyJ9','2017-10-26 07:07:25.499299'),('vcky3cagnod3nm1an6xqczwran1m84mt','YWI5YmQ5MjFlOGYwYjg0NDRkOTY5MTVkZGMxMGUwMjliMDViMjUzMzp7Il9hdXRoX3VzZXJfaGFzaCI6IjFiMDk1ODU3MDliOTRjYjlkN2FkNDMwZTJjYzFlNjE5ZWNiYTFiMjEiLCJfYXV0aF91c2VyX2JhY2tlbmQiOiJkamFuZ28uY29udHJpYi5hdXRoLmJhY2tlbmRzLk1vZGVsQmFja2VuZCIsIl9hdXRoX3VzZXJfaWQiOiI3MiJ9','2017-10-24 06:14:51.491265'),('veejbtupg2egsyndu60ocdqmegmmpv86','ZWExZjExNjkzYWE1M2ZjMmVjN2FmM2U1Mzk5ZTRkMTA1ODBlNDc0MDp7Il9hdXRoX3VzZXJfaGFzaCI6IjQzYjFkNmI0NGQ0MjgwZThlZmFkZjQ3YzY2Mzg1NzA5OGU0NDA1ZjQiLCJfYXV0aF91c2VyX2JhY2tlbmQiOiJkamFuZ28uY29udHJpYi5hdXRoLmJhY2tlbmRzLk1vZGVsQmFja2VuZCIsIl9hdXRoX3VzZXJfaWQiOiI1OCJ9','2017-10-19 11:10:03.615182'),('vfd78fs6p82202zjudtqv035y5qsclzz','YmMxMGJhZjU1MzhiOTIzOGI1OTcyZDU2YWY4MmVmYjg1Y2ViYzExODp7Il9hdXRoX3VzZXJfaGFzaCI6ImQ1YzRiYzVjZGJjODVlODFjZmEwYzg1NTY1YTUyYmNlOGI2YTg1ZmQiLCJfYXV0aF91c2VyX2JhY2tlbmQiOiJkamFuZ28uY29udHJpYi5hdXRoLmJhY2tlbmRzLk1vZGVsQmFja2VuZCIsIl9hdXRoX3VzZXJfaWQiOiIxIn0=','2017-10-13 06:32:09.364512'),('vfpq376ltui3g6s6k22j84xvl9v54p7p','YmMxMGJhZjU1MzhiOTIzOGI1OTcyZDU2YWY4MmVmYjg1Y2ViYzExODp7Il9hdXRoX3VzZXJfaGFzaCI6ImQ1YzRiYzVjZGJjODVlODFjZmEwYzg1NTY1YTUyYmNlOGI2YTg1ZmQiLCJfYXV0aF91c2VyX2JhY2tlbmQiOiJkamFuZ28uY29udHJpYi5hdXRoLmJhY2tlbmRzLk1vZGVsQmFja2VuZCIsIl9hdXRoX3VzZXJfaWQiOiIxIn0=','2017-10-12 06:52:07.545310'),('vjvmdppaczk4a3b538clagw77ryu3mc4','YmMxMGJhZjU1MzhiOTIzOGI1OTcyZDU2YWY4MmVmYjg1Y2ViYzExODp7Il9hdXRoX3VzZXJfaGFzaCI6ImQ1YzRiYzVjZGJjODVlODFjZmEwYzg1NTY1YTUyYmNlOGI2YTg1ZmQiLCJfYXV0aF91c2VyX2JhY2tlbmQiOiJkamFuZ28uY29udHJpYi5hdXRoLmJhY2tlbmRzLk1vZGVsQmFja2VuZCIsIl9hdXRoX3VzZXJfaWQiOiIxIn0=','2017-10-12 06:42:42.857297'),('vk6ek5s2yqyktdk1kcy7b4ajrmvqnc1c','YmMxMGJhZjU1MzhiOTIzOGI1OTcyZDU2YWY4MmVmYjg1Y2ViYzExODp7Il9hdXRoX3VzZXJfaGFzaCI6ImQ1YzRiYzVjZGJjODVlODFjZmEwYzg1NTY1YTUyYmNlOGI2YTg1ZmQiLCJfYXV0aF91c2VyX2JhY2tlbmQiOiJkamFuZ28uY29udHJpYi5hdXRoLmJhY2tlbmRzLk1vZGVsQmFja2VuZCIsIl9hdXRoX3VzZXJfaWQiOiIxIn0=','2017-10-13 07:03:28.575498'),('vlmxkaskcgpinyobek7majt06ggiqv4i','YWI5YmQ5MjFlOGYwYjg0NDRkOTY5MTVkZGMxMGUwMjliMDViMjUzMzp7Il9hdXRoX3VzZXJfaGFzaCI6IjFiMDk1ODU3MDliOTRjYjlkN2FkNDMwZTJjYzFlNjE5ZWNiYTFiMjEiLCJfYXV0aF91c2VyX2JhY2tlbmQiOiJkamFuZ28uY29udHJpYi5hdXRoLmJhY2tlbmRzLk1vZGVsQmFja2VuZCIsIl9hdXRoX3VzZXJfaWQiOiI3MiJ9','2017-10-24 10:23:13.585082'),('vntsgu5s5ojf782bsnrzf1ladr6ffvos','YWI5YmQ5MjFlOGYwYjg0NDRkOTY5MTVkZGMxMGUwMjliMDViMjUzMzp7Il9hdXRoX3VzZXJfaGFzaCI6IjFiMDk1ODU3MDliOTRjYjlkN2FkNDMwZTJjYzFlNjE5ZWNiYTFiMjEiLCJfYXV0aF91c2VyX2JhY2tlbmQiOiJkamFuZ28uY29udHJpYi5hdXRoLmJhY2tlbmRzLk1vZGVsQmFja2VuZCIsIl9hdXRoX3VzZXJfaWQiOiI3MiJ9','2017-10-23 06:25:48.048942'),('vvrkaxps2a129ufg3vv0nwd24mtkby30','NDdjZTlhNmMyZjA0YjI4Y2Q0MGU4YjYwNTcwZDdlMWYyMGYwMDg3MTp7Il9hdXRoX3VzZXJfaGFzaCI6IjM5ZTI1MjgxZDIzOWEyNjQzNWQ0ZjE1ODZkZWVjODk0ZjI1OTNmYzQiLCJfYXV0aF91c2VyX2JhY2tlbmQiOiJkamFuZ28uY29udHJpYi5hdXRoLmJhY2tlbmRzLk1vZGVsQmFja2VuZCIsIl9hdXRoX3VzZXJfaWQiOiI0MiJ9','2017-10-20 06:22:22.863959'),('w0l55azviy3lu4cwgxceyuscak3z17m4','YWI5YmQ5MjFlOGYwYjg0NDRkOTY5MTVkZGMxMGUwMjliMDViMjUzMzp7Il9hdXRoX3VzZXJfaGFzaCI6IjFiMDk1ODU3MDliOTRjYjlkN2FkNDMwZTJjYzFlNjE5ZWNiYTFiMjEiLCJfYXV0aF91c2VyX2JhY2tlbmQiOiJkamFuZ28uY29udHJpYi5hdXRoLmJhY2tlbmRzLk1vZGVsQmFja2VuZCIsIl9hdXRoX3VzZXJfaWQiOiI3MiJ9','2017-10-23 09:59:10.810058'),('w328pez682ca2uxhuqdcmwdrxtwzh6uh','YWI5YmQ5MjFlOGYwYjg0NDRkOTY5MTVkZGMxMGUwMjliMDViMjUzMzp7Il9hdXRoX3VzZXJfaGFzaCI6IjFiMDk1ODU3MDliOTRjYjlkN2FkNDMwZTJjYzFlNjE5ZWNiYTFiMjEiLCJfYXV0aF91c2VyX2JhY2tlbmQiOiJkamFuZ28uY29udHJpYi5hdXRoLmJhY2tlbmRzLk1vZGVsQmFja2VuZCIsIl9hdXRoX3VzZXJfaWQiOiI3MiJ9','2017-10-23 10:06:46.716612'),('w4w8kcnp480z0atb49rdjetrmu174sy0','NDdjZTlhNmMyZjA0YjI4Y2Q0MGU4YjYwNTcwZDdlMWYyMGYwMDg3MTp7Il9hdXRoX3VzZXJfaGFzaCI6IjM5ZTI1MjgxZDIzOWEyNjQzNWQ0ZjE1ODZkZWVjODk0ZjI1OTNmYzQiLCJfYXV0aF91c2VyX2JhY2tlbmQiOiJkamFuZ28uY29udHJpYi5hdXRoLmJhY2tlbmRzLk1vZGVsQmFja2VuZCIsIl9hdXRoX3VzZXJfaWQiOiI0MiJ9','2017-10-25 10:53:41.571890'),('w5m1tc4uv1baa873juu2k7w4r5g1j4rv','NDhmNzEzMGM1Y2Y0ZjU3NGVhNjlhYTYzMGY4ODNkYzczYzUwNWI4MTp7Il9hdXRoX3VzZXJfaGFzaCI6IjdlYzQ2MzMxYjJhNGY5MDBkMWY3OGUzNmU0MTBkYzA1N2EzMjliMDIiLCJfYXV0aF91c2VyX2JhY2tlbmQiOiJkamFuZ28uY29udHJpYi5hdXRoLmJhY2tlbmRzLk1vZGVsQmFja2VuZCIsIl9hdXRoX3VzZXJfaWQiOiI3NyJ9','2017-10-26 12:07:08.709320'),('w5m55bzovdvol9503uffffkbm7z230xh','NDhmNzEzMGM1Y2Y0ZjU3NGVhNjlhYTYzMGY4ODNkYzczYzUwNWI4MTp7Il9hdXRoX3VzZXJfaGFzaCI6IjdlYzQ2MzMxYjJhNGY5MDBkMWY3OGUzNmU0MTBkYzA1N2EzMjliMDIiLCJfYXV0aF91c2VyX2JhY2tlbmQiOiJkamFuZ28uY29udHJpYi5hdXRoLmJhY2tlbmRzLk1vZGVsQmFja2VuZCIsIl9hdXRoX3VzZXJfaWQiOiI3NyJ9','2017-10-27 13:06:00.280540'),('waigjsktk64gv3zibhjrpxrjztwcfqts','YmMxMGJhZjU1MzhiOTIzOGI1OTcyZDU2YWY4MmVmYjg1Y2ViYzExODp7Il9hdXRoX3VzZXJfaGFzaCI6ImQ1YzRiYzVjZGJjODVlODFjZmEwYzg1NTY1YTUyYmNlOGI2YTg1ZmQiLCJfYXV0aF91c2VyX2JhY2tlbmQiOiJkamFuZ28uY29udHJpYi5hdXRoLmJhY2tlbmRzLk1vZGVsQmFja2VuZCIsIl9hdXRoX3VzZXJfaWQiOiIxIn0=','2017-10-11 07:30:21.637793'),('wb5gbfips0qum4cig2rqh24kh2o85iqg','NDhmNzEzMGM1Y2Y0ZjU3NGVhNjlhYTYzMGY4ODNkYzczYzUwNWI4MTp7Il9hdXRoX3VzZXJfaGFzaCI6IjdlYzQ2MzMxYjJhNGY5MDBkMWY3OGUzNmU0MTBkYzA1N2EzMjliMDIiLCJfYXV0aF91c2VyX2JhY2tlbmQiOiJkamFuZ28uY29udHJpYi5hdXRoLmJhY2tlbmRzLk1vZGVsQmFja2VuZCIsIl9hdXRoX3VzZXJfaWQiOiI3NyJ9','2017-10-25 11:59:09.193490'),('wcopgdbq217klx0ekec13k4simbzgu5z','YWI5YmQ5MjFlOGYwYjg0NDRkOTY5MTVkZGMxMGUwMjliMDViMjUzMzp7Il9hdXRoX3VzZXJfaGFzaCI6IjFiMDk1ODU3MDliOTRjYjlkN2FkNDMwZTJjYzFlNjE5ZWNiYTFiMjEiLCJfYXV0aF91c2VyX2JhY2tlbmQiOiJkamFuZ28uY29udHJpYi5hdXRoLmJhY2tlbmRzLk1vZGVsQmFja2VuZCIsIl9hdXRoX3VzZXJfaWQiOiI3MiJ9','2017-10-20 12:48:56.406381'),('weqt2ouztyqvvrd2u1gp56bpnostd3h0','YWI5YmQ5MjFlOGYwYjg0NDRkOTY5MTVkZGMxMGUwMjliMDViMjUzMzp7Il9hdXRoX3VzZXJfaGFzaCI6IjFiMDk1ODU3MDliOTRjYjlkN2FkNDMwZTJjYzFlNjE5ZWNiYTFiMjEiLCJfYXV0aF91c2VyX2JhY2tlbmQiOiJkamFuZ28uY29udHJpYi5hdXRoLmJhY2tlbmRzLk1vZGVsQmFja2VuZCIsIl9hdXRoX3VzZXJfaWQiOiI3MiJ9','2017-10-25 10:47:41.739918'),('wes5iba54o6eqnbprf5y8ymmtsmb8olo','YWI5YmQ5MjFlOGYwYjg0NDRkOTY5MTVkZGMxMGUwMjliMDViMjUzMzp7Il9hdXRoX3VzZXJfaGFzaCI6IjFiMDk1ODU3MDliOTRjYjlkN2FkNDMwZTJjYzFlNjE5ZWNiYTFiMjEiLCJfYXV0aF91c2VyX2JhY2tlbmQiOiJkamFuZ28uY29udHJpYi5hdXRoLmJhY2tlbmRzLk1vZGVsQmFja2VuZCIsIl9hdXRoX3VzZXJfaWQiOiI3MiJ9','2017-10-23 13:18:00.855097'),('wiqj7twyrsj2r1uo7ofurs9pg0nbma6z','YWI5YmQ5MjFlOGYwYjg0NDRkOTY5MTVkZGMxMGUwMjliMDViMjUzMzp7Il9hdXRoX3VzZXJfaGFzaCI6IjFiMDk1ODU3MDliOTRjYjlkN2FkNDMwZTJjYzFlNjE5ZWNiYTFiMjEiLCJfYXV0aF91c2VyX2JhY2tlbmQiOiJkamFuZ28uY29udHJpYi5hdXRoLmJhY2tlbmRzLk1vZGVsQmFja2VuZCIsIl9hdXRoX3VzZXJfaWQiOiI3MiJ9','2017-10-24 09:32:11.564454'),('wkbyec1a1p7wesk35d3oz9byudbayymo','NDhmNzEzMGM1Y2Y0ZjU3NGVhNjlhYTYzMGY4ODNkYzczYzUwNWI4MTp7Il9hdXRoX3VzZXJfaGFzaCI6IjdlYzQ2MzMxYjJhNGY5MDBkMWY3OGUzNmU0MTBkYzA1N2EzMjliMDIiLCJfYXV0aF91c2VyX2JhY2tlbmQiOiJkamFuZ28uY29udHJpYi5hdXRoLmJhY2tlbmRzLk1vZGVsQmFja2VuZCIsIl9hdXRoX3VzZXJfaWQiOiI3NyJ9','2017-10-31 10:43:15.033793'),('wn4tc4qc3hy132swuz2bly81kxjn3q2w','YWI5YmQ5MjFlOGYwYjg0NDRkOTY5MTVkZGMxMGUwMjliMDViMjUzMzp7Il9hdXRoX3VzZXJfaGFzaCI6IjFiMDk1ODU3MDliOTRjYjlkN2FkNDMwZTJjYzFlNjE5ZWNiYTFiMjEiLCJfYXV0aF91c2VyX2JhY2tlbmQiOiJkamFuZ28uY29udHJpYi5hdXRoLmJhY2tlbmRzLk1vZGVsQmFja2VuZCIsIl9hdXRoX3VzZXJfaWQiOiI3MiJ9','2017-10-24 12:08:17.402114'),('wntk3wfqu2qq1c8i5uhl4orwa0cae7my','NDdjZTlhNmMyZjA0YjI4Y2Q0MGU4YjYwNTcwZDdlMWYyMGYwMDg3MTp7Il9hdXRoX3VzZXJfaGFzaCI6IjM5ZTI1MjgxZDIzOWEyNjQzNWQ0ZjE1ODZkZWVjODk0ZjI1OTNmYzQiLCJfYXV0aF91c2VyX2JhY2tlbmQiOiJkamFuZ28uY29udHJpYi5hdXRoLmJhY2tlbmRzLk1vZGVsQmFja2VuZCIsIl9hdXRoX3VzZXJfaWQiOiI0MiJ9','2017-10-17 14:08:44.701373'),('woh9k3f23bjrc9k6885dixu70bs4h57c','YmMxMGJhZjU1MzhiOTIzOGI1OTcyZDU2YWY4MmVmYjg1Y2ViYzExODp7Il9hdXRoX3VzZXJfaGFzaCI6ImQ1YzRiYzVjZGJjODVlODFjZmEwYzg1NTY1YTUyYmNlOGI2YTg1ZmQiLCJfYXV0aF91c2VyX2JhY2tlbmQiOiJkamFuZ28uY29udHJpYi5hdXRoLmJhY2tlbmRzLk1vZGVsQmFja2VuZCIsIl9hdXRoX3VzZXJfaWQiOiIxIn0=','2017-10-12 10:17:29.445392'),('wolwzfsr3jjehpprj10gfguhprfnpifu','YWI5YmQ5MjFlOGYwYjg0NDRkOTY5MTVkZGMxMGUwMjliMDViMjUzMzp7Il9hdXRoX3VzZXJfaGFzaCI6IjFiMDk1ODU3MDliOTRjYjlkN2FkNDMwZTJjYzFlNjE5ZWNiYTFiMjEiLCJfYXV0aF91c2VyX2JhY2tlbmQiOiJkamFuZ28uY29udHJpYi5hdXRoLmJhY2tlbmRzLk1vZGVsQmFja2VuZCIsIl9hdXRoX3VzZXJfaWQiOiI3MiJ9','2017-10-24 13:03:51.554765'),('wv5kg0yhn3uaatvs3w3etgxkulur64ma','YmMxMGJhZjU1MzhiOTIzOGI1OTcyZDU2YWY4MmVmYjg1Y2ViYzExODp7Il9hdXRoX3VzZXJfaGFzaCI6ImQ1YzRiYzVjZGJjODVlODFjZmEwYzg1NTY1YTUyYmNlOGI2YTg1ZmQiLCJfYXV0aF91c2VyX2JhY2tlbmQiOiJkamFuZ28uY29udHJpYi5hdXRoLmJhY2tlbmRzLk1vZGVsQmFja2VuZCIsIl9hdXRoX3VzZXJfaWQiOiIxIn0=','2017-10-13 06:48:03.201514'),('wxjtabe4mp7wbdxga11x7w7gca2xjvis','ZWExZjExNjkzYWE1M2ZjMmVjN2FmM2U1Mzk5ZTRkMTA1ODBlNDc0MDp7Il9hdXRoX3VzZXJfaGFzaCI6IjQzYjFkNmI0NGQ0MjgwZThlZmFkZjQ3YzY2Mzg1NzA5OGU0NDA1ZjQiLCJfYXV0aF91c2VyX2JhY2tlbmQiOiJkamFuZ28uY29udHJpYi5hdXRoLmJhY2tlbmRzLk1vZGVsQmFja2VuZCIsIl9hdXRoX3VzZXJfaWQiOiI1OCJ9','2017-10-19 11:40:57.379385'),('wy5j9bkv86uheyxirkyo8agncnxkdtz6','YWI5YmQ5MjFlOGYwYjg0NDRkOTY5MTVkZGMxMGUwMjliMDViMjUzMzp7Il9hdXRoX3VzZXJfaGFzaCI6IjFiMDk1ODU3MDliOTRjYjlkN2FkNDMwZTJjYzFlNjE5ZWNiYTFiMjEiLCJfYXV0aF91c2VyX2JhY2tlbmQiOiJkamFuZ28uY29udHJpYi5hdXRoLmJhY2tlbmRzLk1vZGVsQmFja2VuZCIsIl9hdXRoX3VzZXJfaWQiOiI3MiJ9','2017-10-23 13:36:59.021343'),('wzl3lglblah39p6xsr391wg0wol59z4u','YmMxMGJhZjU1MzhiOTIzOGI1OTcyZDU2YWY4MmVmYjg1Y2ViYzExODp7Il9hdXRoX3VzZXJfaGFzaCI6ImQ1YzRiYzVjZGJjODVlODFjZmEwYzg1NTY1YTUyYmNlOGI2YTg1ZmQiLCJfYXV0aF91c2VyX2JhY2tlbmQiOiJkamFuZ28uY29udHJpYi5hdXRoLmJhY2tlbmRzLk1vZGVsQmFja2VuZCIsIl9hdXRoX3VzZXJfaWQiOiIxIn0=','2017-10-13 09:43:42.449394'),('x316u6wsvls1h9otixf1qjqq6mhdh6ns','YmMxMGJhZjU1MzhiOTIzOGI1OTcyZDU2YWY4MmVmYjg1Y2ViYzExODp7Il9hdXRoX3VzZXJfaGFzaCI6ImQ1YzRiYzVjZGJjODVlODFjZmEwYzg1NTY1YTUyYmNlOGI2YTg1ZmQiLCJfYXV0aF91c2VyX2JhY2tlbmQiOiJkamFuZ28uY29udHJpYi5hdXRoLmJhY2tlbmRzLk1vZGVsQmFja2VuZCIsIl9hdXRoX3VzZXJfaWQiOiIxIn0=','2017-10-17 06:48:18.723062'),('x6gjrrut96upl8y7a67xtdfrige6jm83','NDdjZTlhNmMyZjA0YjI4Y2Q0MGU4YjYwNTcwZDdlMWYyMGYwMDg3MTp7Il9hdXRoX3VzZXJfaGFzaCI6IjM5ZTI1MjgxZDIzOWEyNjQzNWQ0ZjE1ODZkZWVjODk0ZjI1OTNmYzQiLCJfYXV0aF91c2VyX2JhY2tlbmQiOiJkamFuZ28uY29udHJpYi5hdXRoLmJhY2tlbmRzLk1vZGVsQmFja2VuZCIsIl9hdXRoX3VzZXJfaWQiOiI0MiJ9','2017-10-24 09:48:57.485968'),('x6upyilzszww0uobuts5k0ey8gzyxhrd','ZDZhMGU3NGIxZGE1NWEzNjIxYTQ1MzA5OWVkMmI0Y2RmYThhOGQ2Zjp7Il9hdXRoX3VzZXJfaGFzaCI6ImViNjM3YjEwOGQ0ZTBhNTEwMGVkZGYzNTlkODdhNzk3M2RiZTUxN2EiLCJfYXV0aF91c2VyX2JhY2tlbmQiOiJkamFuZ28uY29udHJpYi5hdXRoLmJhY2tlbmRzLk1vZGVsQmFja2VuZCIsIl9hdXRoX3VzZXJfaWQiOiI1NiJ9','2017-10-17 14:09:05.860834'),('xbardvketvuzqokkvdxjlodsfy0u0818','YWI5YmQ5MjFlOGYwYjg0NDRkOTY5MTVkZGMxMGUwMjliMDViMjUzMzp7Il9hdXRoX3VzZXJfaGFzaCI6IjFiMDk1ODU3MDliOTRjYjlkN2FkNDMwZTJjYzFlNjE5ZWNiYTFiMjEiLCJfYXV0aF91c2VyX2JhY2tlbmQiOiJkamFuZ28uY29udHJpYi5hdXRoLmJhY2tlbmRzLk1vZGVsQmFja2VuZCIsIl9hdXRoX3VzZXJfaWQiOiI3MiJ9','2017-10-23 06:21:20.905119'),('xcchickziydr818j8oyytv2sff3lwdnr','YmMxMGJhZjU1MzhiOTIzOGI1OTcyZDU2YWY4MmVmYjg1Y2ViYzExODp7Il9hdXRoX3VzZXJfaGFzaCI6ImQ1YzRiYzVjZGJjODVlODFjZmEwYzg1NTY1YTUyYmNlOGI2YTg1ZmQiLCJfYXV0aF91c2VyX2JhY2tlbmQiOiJkamFuZ28uY29udHJpYi5hdXRoLmJhY2tlbmRzLk1vZGVsQmFja2VuZCIsIl9hdXRoX3VzZXJfaWQiOiIxIn0=','2017-10-12 08:22:21.547065'),('xdtqjv19aoqxnqw8v3y64k3cgft4yiko','NDhmNzEzMGM1Y2Y0ZjU3NGVhNjlhYTYzMGY4ODNkYzczYzUwNWI4MTp7Il9hdXRoX3VzZXJfaGFzaCI6IjdlYzQ2MzMxYjJhNGY5MDBkMWY3OGUzNmU0MTBkYzA1N2EzMjliMDIiLCJfYXV0aF91c2VyX2JhY2tlbmQiOiJkamFuZ28uY29udHJpYi5hdXRoLmJhY2tlbmRzLk1vZGVsQmFja2VuZCIsIl9hdXRoX3VzZXJfaWQiOiI3NyJ9','2017-10-30 07:04:33.094103'),('xg3jzrfagazs81r3m5jhd14cbldq1twv','YWI5YmQ5MjFlOGYwYjg0NDRkOTY5MTVkZGMxMGUwMjliMDViMjUzMzp7Il9hdXRoX3VzZXJfaGFzaCI6IjFiMDk1ODU3MDliOTRjYjlkN2FkNDMwZTJjYzFlNjE5ZWNiYTFiMjEiLCJfYXV0aF91c2VyX2JhY2tlbmQiOiJkamFuZ28uY29udHJpYi5hdXRoLmJhY2tlbmRzLk1vZGVsQmFja2VuZCIsIl9hdXRoX3VzZXJfaWQiOiI3MiJ9','2017-10-23 10:12:49.525922'),('xi7nmk3i1lhfz7j2mqsvns6s5l174hsr','NDdjZTlhNmMyZjA0YjI4Y2Q0MGU4YjYwNTcwZDdlMWYyMGYwMDg3MTp7Il9hdXRoX3VzZXJfaGFzaCI6IjM5ZTI1MjgxZDIzOWEyNjQzNWQ0ZjE1ODZkZWVjODk0ZjI1OTNmYzQiLCJfYXV0aF91c2VyX2JhY2tlbmQiOiJkamFuZ28uY29udHJpYi5hdXRoLmJhY2tlbmRzLk1vZGVsQmFja2VuZCIsIl9hdXRoX3VzZXJfaWQiOiI0MiJ9','2017-10-17 14:15:54.663411'),('xjl8fi2xgrrjgda3kwiuh59cue6efqjk','NDdjZTlhNmMyZjA0YjI4Y2Q0MGU4YjYwNTcwZDdlMWYyMGYwMDg3MTp7Il9hdXRoX3VzZXJfaGFzaCI6IjM5ZTI1MjgxZDIzOWEyNjQzNWQ0ZjE1ODZkZWVjODk0ZjI1OTNmYzQiLCJfYXV0aF91c2VyX2JhY2tlbmQiOiJkamFuZ28uY29udHJpYi5hdXRoLmJhY2tlbmRzLk1vZGVsQmFja2VuZCIsIl9hdXRoX3VzZXJfaWQiOiI0MiJ9','2017-10-19 07:27:01.595191'),('xk2z31v32av8bpexpbxb4ez35pijlfoq','YWI5YmQ5MjFlOGYwYjg0NDRkOTY5MTVkZGMxMGUwMjliMDViMjUzMzp7Il9hdXRoX3VzZXJfaGFzaCI6IjFiMDk1ODU3MDliOTRjYjlkN2FkNDMwZTJjYzFlNjE5ZWNiYTFiMjEiLCJfYXV0aF91c2VyX2JhY2tlbmQiOiJkamFuZ28uY29udHJpYi5hdXRoLmJhY2tlbmRzLk1vZGVsQmFja2VuZCIsIl9hdXRoX3VzZXJfaWQiOiI3MiJ9','2017-10-23 05:39:44.447106'),('xt71fb8bjsao3soqyyspq603zu57mtjk','NDdjZTlhNmMyZjA0YjI4Y2Q0MGU4YjYwNTcwZDdlMWYyMGYwMDg3MTp7Il9hdXRoX3VzZXJfaGFzaCI6IjM5ZTI1MjgxZDIzOWEyNjQzNWQ0ZjE1ODZkZWVjODk0ZjI1OTNmYzQiLCJfYXV0aF91c2VyX2JhY2tlbmQiOiJkamFuZ28uY29udHJpYi5hdXRoLmJhY2tlbmRzLk1vZGVsQmFja2VuZCIsIl9hdXRoX3VzZXJfaWQiOiI0MiJ9','2017-10-20 14:09:51.348740'),('xw0qve8delmb4fzgaisl08pnpcrqt7w3','YmMxMGJhZjU1MzhiOTIzOGI1OTcyZDU2YWY4MmVmYjg1Y2ViYzExODp7Il9hdXRoX3VzZXJfaGFzaCI6ImQ1YzRiYzVjZGJjODVlODFjZmEwYzg1NTY1YTUyYmNlOGI2YTg1ZmQiLCJfYXV0aF91c2VyX2JhY2tlbmQiOiJkamFuZ28uY29udHJpYi5hdXRoLmJhY2tlbmRzLk1vZGVsQmFja2VuZCIsIl9hdXRoX3VzZXJfaWQiOiIxIn0=','2017-10-12 07:09:30.067307'),('xyf8jfp3e9q3f951pa2t0uooagxjbwm8','NDdjZTlhNmMyZjA0YjI4Y2Q0MGU4YjYwNTcwZDdlMWYyMGYwMDg3MTp7Il9hdXRoX3VzZXJfaGFzaCI6IjM5ZTI1MjgxZDIzOWEyNjQzNWQ0ZjE1ODZkZWVjODk0ZjI1OTNmYzQiLCJfYXV0aF91c2VyX2JhY2tlbmQiOiJkamFuZ28uY29udHJpYi5hdXRoLmJhY2tlbmRzLk1vZGVsQmFja2VuZCIsIl9hdXRoX3VzZXJfaWQiOiI0MiJ9','2017-10-20 06:27:51.196643'),('xyj418ww0tbkduf0x1j8jrgbti6s4hur','NDdjZTlhNmMyZjA0YjI4Y2Q0MGU4YjYwNTcwZDdlMWYyMGYwMDg3MTp7Il9hdXRoX3VzZXJfaGFzaCI6IjM5ZTI1MjgxZDIzOWEyNjQzNWQ0ZjE1ODZkZWVjODk0ZjI1OTNmYzQiLCJfYXV0aF91c2VyX2JhY2tlbmQiOiJkamFuZ28uY29udHJpYi5hdXRoLmJhY2tlbmRzLk1vZGVsQmFja2VuZCIsIl9hdXRoX3VzZXJfaWQiOiI0MiJ9','2017-10-27 12:27:20.234447'),('xzcs0ydgz3ylb6r09uxp216hcw2p4rbb','YWI5YmQ5MjFlOGYwYjg0NDRkOTY5MTVkZGMxMGUwMjliMDViMjUzMzp7Il9hdXRoX3VzZXJfaGFzaCI6IjFiMDk1ODU3MDliOTRjYjlkN2FkNDMwZTJjYzFlNjE5ZWNiYTFiMjEiLCJfYXV0aF91c2VyX2JhY2tlbmQiOiJkamFuZ28uY29udHJpYi5hdXRoLmJhY2tlbmRzLk1vZGVsQmFja2VuZCIsIl9hdXRoX3VzZXJfaWQiOiI3MiJ9','2017-10-23 14:25:41.482460'),('y05q4kxg5h21dz3kgsm5j699d4i5xr3k','YmMxMGJhZjU1MzhiOTIzOGI1OTcyZDU2YWY4MmVmYjg1Y2ViYzExODp7Il9hdXRoX3VzZXJfaGFzaCI6ImQ1YzRiYzVjZGJjODVlODFjZmEwYzg1NTY1YTUyYmNlOGI2YTg1ZmQiLCJfYXV0aF91c2VyX2JhY2tlbmQiOiJkamFuZ28uY29udHJpYi5hdXRoLmJhY2tlbmRzLk1vZGVsQmFja2VuZCIsIl9hdXRoX3VzZXJfaWQiOiIxIn0=','2017-10-12 06:01:43.394375'),('y3227qa0bpb6b0ryt6yxnt8ifibo0ilc','YmMxMGJhZjU1MzhiOTIzOGI1OTcyZDU2YWY4MmVmYjg1Y2ViYzExODp7Il9hdXRoX3VzZXJfaGFzaCI6ImQ1YzRiYzVjZGJjODVlODFjZmEwYzg1NTY1YTUyYmNlOGI2YTg1ZmQiLCJfYXV0aF91c2VyX2JhY2tlbmQiOiJkamFuZ28uY29udHJpYi5hdXRoLmJhY2tlbmRzLk1vZGVsQmFja2VuZCIsIl9hdXRoX3VzZXJfaWQiOiIxIn0=','2017-10-12 06:33:24.964805'),('ydud9xi1dba9v5qq6rlf5zp2ets21002','YWI5YmQ5MjFlOGYwYjg0NDRkOTY5MTVkZGMxMGUwMjliMDViMjUzMzp7Il9hdXRoX3VzZXJfaGFzaCI6IjFiMDk1ODU3MDliOTRjYjlkN2FkNDMwZTJjYzFlNjE5ZWNiYTFiMjEiLCJfYXV0aF91c2VyX2JhY2tlbmQiOiJkamFuZ28uY29udHJpYi5hdXRoLmJhY2tlbmRzLk1vZGVsQmFja2VuZCIsIl9hdXRoX3VzZXJfaWQiOiI3MiJ9','2017-10-24 11:36:31.911480'),('yebnl2zjx24p0endh5ii9r8veb27mogp','YWI5YmQ5MjFlOGYwYjg0NDRkOTY5MTVkZGMxMGUwMjliMDViMjUzMzp7Il9hdXRoX3VzZXJfaGFzaCI6IjFiMDk1ODU3MDliOTRjYjlkN2FkNDMwZTJjYzFlNjE5ZWNiYTFiMjEiLCJfYXV0aF91c2VyX2JhY2tlbmQiOiJkamFuZ28uY29udHJpYi5hdXRoLmJhY2tlbmRzLk1vZGVsQmFja2VuZCIsIl9hdXRoX3VzZXJfaWQiOiI3MiJ9','2017-10-20 12:37:54.634323'),('yftjyvbm2r83bwwgcdfozivpm9hf8myi','YWI5YmQ5MjFlOGYwYjg0NDRkOTY5MTVkZGMxMGUwMjliMDViMjUzMzp7Il9hdXRoX3VzZXJfaGFzaCI6IjFiMDk1ODU3MDliOTRjYjlkN2FkNDMwZTJjYzFlNjE5ZWNiYTFiMjEiLCJfYXV0aF91c2VyX2JhY2tlbmQiOiJkamFuZ28uY29udHJpYi5hdXRoLmJhY2tlbmRzLk1vZGVsQmFja2VuZCIsIl9hdXRoX3VzZXJfaWQiOiI3MiJ9','2017-10-23 07:49:47.700210'),('yg6lans21b1nutahu9hp16t5la1drnib','YWI5YmQ5MjFlOGYwYjg0NDRkOTY5MTVkZGMxMGUwMjliMDViMjUzMzp7Il9hdXRoX3VzZXJfaGFzaCI6IjFiMDk1ODU3MDliOTRjYjlkN2FkNDMwZTJjYzFlNjE5ZWNiYTFiMjEiLCJfYXV0aF91c2VyX2JhY2tlbmQiOiJkamFuZ28uY29udHJpYi5hdXRoLmJhY2tlbmRzLk1vZGVsQmFja2VuZCIsIl9hdXRoX3VzZXJfaWQiOiI3MiJ9','2017-10-24 07:35:01.188172'),('ypagzyahh56iz95nvf49f0hio6hx95pi','YWI5YmQ5MjFlOGYwYjg0NDRkOTY5MTVkZGMxMGUwMjliMDViMjUzMzp7Il9hdXRoX3VzZXJfaGFzaCI6IjFiMDk1ODU3MDliOTRjYjlkN2FkNDMwZTJjYzFlNjE5ZWNiYTFiMjEiLCJfYXV0aF91c2VyX2JhY2tlbmQiOiJkamFuZ28uY29udHJpYi5hdXRoLmJhY2tlbmRzLk1vZGVsQmFja2VuZCIsIl9hdXRoX3VzZXJfaWQiOiI3MiJ9','2017-10-23 06:17:05.946327'),('yripm4eabuhay4d3ysvcbxygcg1ouvvu','NDdjZTlhNmMyZjA0YjI4Y2Q0MGU4YjYwNTcwZDdlMWYyMGYwMDg3MTp7Il9hdXRoX3VzZXJfaGFzaCI6IjM5ZTI1MjgxZDIzOWEyNjQzNWQ0ZjE1ODZkZWVjODk0ZjI1OTNmYzQiLCJfYXV0aF91c2VyX2JhY2tlbmQiOiJkamFuZ28uY29udHJpYi5hdXRoLmJhY2tlbmRzLk1vZGVsQmFja2VuZCIsIl9hdXRoX3VzZXJfaWQiOiI0MiJ9','2017-10-27 12:47:56.137700'),('ys2u1fs94s8rkjcd2p37s8pxapvynfk0','YWI5YmQ5MjFlOGYwYjg0NDRkOTY5MTVkZGMxMGUwMjliMDViMjUzMzp7Il9hdXRoX3VzZXJfaGFzaCI6IjFiMDk1ODU3MDliOTRjYjlkN2FkNDMwZTJjYzFlNjE5ZWNiYTFiMjEiLCJfYXV0aF91c2VyX2JhY2tlbmQiOiJkamFuZ28uY29udHJpYi5hdXRoLmJhY2tlbmRzLk1vZGVsQmFja2VuZCIsIl9hdXRoX3VzZXJfaWQiOiI3MiJ9','2017-10-20 10:41:02.604741'),('z246s5375pjettem0m7fkml4q4aebqwb','YmMxMGJhZjU1MzhiOTIzOGI1OTcyZDU2YWY4MmVmYjg1Y2ViYzExODp7Il9hdXRoX3VzZXJfaGFzaCI6ImQ1YzRiYzVjZGJjODVlODFjZmEwYzg1NTY1YTUyYmNlOGI2YTg1ZmQiLCJfYXV0aF91c2VyX2JhY2tlbmQiOiJkamFuZ28uY29udHJpYi5hdXRoLmJhY2tlbmRzLk1vZGVsQmFja2VuZCIsIl9hdXRoX3VzZXJfaWQiOiIxIn0=','2017-10-13 11:21:34.912747'),('z3mckcr0yq3oksxtc5po8zn8ziydm848','NDdjZTlhNmMyZjA0YjI4Y2Q0MGU4YjYwNTcwZDdlMWYyMGYwMDg3MTp7Il9hdXRoX3VzZXJfaGFzaCI6IjM5ZTI1MjgxZDIzOWEyNjQzNWQ0ZjE1ODZkZWVjODk0ZjI1OTNmYzQiLCJfYXV0aF91c2VyX2JhY2tlbmQiOiJkamFuZ28uY29udHJpYi5hdXRoLmJhY2tlbmRzLk1vZGVsQmFja2VuZCIsIl9hdXRoX3VzZXJfaWQiOiI0MiJ9','2017-10-20 14:10:58.106734'),('z76is53bh3pawrt9t0hvnewsil7g544e','YmMxMGJhZjU1MzhiOTIzOGI1OTcyZDU2YWY4MmVmYjg1Y2ViYzExODp7Il9hdXRoX3VzZXJfaGFzaCI6ImQ1YzRiYzVjZGJjODVlODFjZmEwYzg1NTY1YTUyYmNlOGI2YTg1ZmQiLCJfYXV0aF91c2VyX2JhY2tlbmQiOiJkamFuZ28uY29udHJpYi5hdXRoLmJhY2tlbmRzLk1vZGVsQmFja2VuZCIsIl9hdXRoX3VzZXJfaWQiOiIxIn0=','2017-10-12 13:36:12.972080'),('z7li9dlsm4yo8n6a9bj8zfxbpxk4auvf','YmMxMGJhZjU1MzhiOTIzOGI1OTcyZDU2YWY4MmVmYjg1Y2ViYzExODp7Il9hdXRoX3VzZXJfaGFzaCI6ImQ1YzRiYzVjZGJjODVlODFjZmEwYzg1NTY1YTUyYmNlOGI2YTg1ZmQiLCJfYXV0aF91c2VyX2JhY2tlbmQiOiJkamFuZ28uY29udHJpYi5hdXRoLmJhY2tlbmRzLk1vZGVsQmFja2VuZCIsIl9hdXRoX3VzZXJfaWQiOiIxIn0=','2017-10-17 04:41:23.761315'),('zau3a2eurizqk1mquj47qq8aelisi49x','MGE3ZTQ0MGI2NDQ1NWZmOTI2OTFhMWE2MmM4MTY1ZDIzMTRlMzFmODp7Il9hdXRoX3VzZXJfaGFzaCI6IjUxMzQxMDg3MTVjMGJlYjk5OTY3YWJkMDZjNDY3NjliYjNmNTFjMWUiLCJfYXV0aF91c2VyX2JhY2tlbmQiOiJkamFuZ28uY29udHJpYi5hdXRoLmJhY2tlbmRzLk1vZGVsQmFja2VuZCIsIl9hdXRoX3VzZXJfaWQiOiI1NyJ9','2017-10-18 12:37:54.857765'),('ze06wruuf38s1uc8pty71a4d7y88zjmq','NDhmNzEzMGM1Y2Y0ZjU3NGVhNjlhYTYzMGY4ODNkYzczYzUwNWI4MTp7Il9hdXRoX3VzZXJfaGFzaCI6IjdlYzQ2MzMxYjJhNGY5MDBkMWY3OGUzNmU0MTBkYzA1N2EzMjliMDIiLCJfYXV0aF91c2VyX2JhY2tlbmQiOiJkamFuZ28uY29udHJpYi5hdXRoLmJhY2tlbmRzLk1vZGVsQmFja2VuZCIsIl9hdXRoX3VzZXJfaWQiOiI3NyJ9','2017-10-25 12:20:12.129599'),('zet3dcvqu6uil0i748z3v0ha9y72rkys','YWI5YmQ5MjFlOGYwYjg0NDRkOTY5MTVkZGMxMGUwMjliMDViMjUzMzp7Il9hdXRoX3VzZXJfaGFzaCI6IjFiMDk1ODU3MDliOTRjYjlkN2FkNDMwZTJjYzFlNjE5ZWNiYTFiMjEiLCJfYXV0aF91c2VyX2JhY2tlbmQiOiJkamFuZ28uY29udHJpYi5hdXRoLmJhY2tlbmRzLk1vZGVsQmFja2VuZCIsIl9hdXRoX3VzZXJfaWQiOiI3MiJ9','2017-10-23 07:40:19.596442'),('zjr60qisqf2uojezegzo66m83ckvgnde','NDdjZTlhNmMyZjA0YjI4Y2Q0MGU4YjYwNTcwZDdlMWYyMGYwMDg3MTp7Il9hdXRoX3VzZXJfaGFzaCI6IjM5ZTI1MjgxZDIzOWEyNjQzNWQ0ZjE1ODZkZWVjODk0ZjI1OTNmYzQiLCJfYXV0aF91c2VyX2JhY2tlbmQiOiJkamFuZ28uY29udHJpYi5hdXRoLmJhY2tlbmRzLk1vZGVsQmFja2VuZCIsIl9hdXRoX3VzZXJfaWQiOiI0MiJ9','2017-10-23 12:48:45.788553'),('zlrsaaxpl37ubq4pd2zqaqmn26ppptad','YmMxMGJhZjU1MzhiOTIzOGI1OTcyZDU2YWY4MmVmYjg1Y2ViYzExODp7Il9hdXRoX3VzZXJfaGFzaCI6ImQ1YzRiYzVjZGJjODVlODFjZmEwYzg1NTY1YTUyYmNlOGI2YTg1ZmQiLCJfYXV0aF91c2VyX2JhY2tlbmQiOiJkamFuZ28uY29udHJpYi5hdXRoLmJhY2tlbmRzLk1vZGVsQmFja2VuZCIsIl9hdXRoX3VzZXJfaWQiOiIxIn0=','2017-10-11 13:28:54.680179'),('zm0ip0izxl7ht667hscy4yffnw4fvskn','YmMxMGJhZjU1MzhiOTIzOGI1OTcyZDU2YWY4MmVmYjg1Y2ViYzExODp7Il9hdXRoX3VzZXJfaGFzaCI6ImQ1YzRiYzVjZGJjODVlODFjZmEwYzg1NTY1YTUyYmNlOGI2YTg1ZmQiLCJfYXV0aF91c2VyX2JhY2tlbmQiOiJkamFuZ28uY29udHJpYi5hdXRoLmJhY2tlbmRzLk1vZGVsQmFja2VuZCIsIl9hdXRoX3VzZXJfaWQiOiIxIn0=','2017-10-11 09:45:15.413560'),('zmpebvbt6g9zdvu1yzogwakcpf7nfb2r','YmMxMGJhZjU1MzhiOTIzOGI1OTcyZDU2YWY4MmVmYjg1Y2ViYzExODp7Il9hdXRoX3VzZXJfaGFzaCI6ImQ1YzRiYzVjZGJjODVlODFjZmEwYzg1NTY1YTUyYmNlOGI2YTg1ZmQiLCJfYXV0aF91c2VyX2JhY2tlbmQiOiJkamFuZ28uY29udHJpYi5hdXRoLmJhY2tlbmRzLk1vZGVsQmFja2VuZCIsIl9hdXRoX3VzZXJfaWQiOiIxIn0=','2017-10-13 07:39:36.750580'),('zpuswytf3zl8fcdqf93i6aqpkfwv3m3f','YWI5YmQ5MjFlOGYwYjg0NDRkOTY5MTVkZGMxMGUwMjliMDViMjUzMzp7Il9hdXRoX3VzZXJfaGFzaCI6IjFiMDk1ODU3MDliOTRjYjlkN2FkNDMwZTJjYzFlNjE5ZWNiYTFiMjEiLCJfYXV0aF91c2VyX2JhY2tlbmQiOiJkamFuZ28uY29udHJpYi5hdXRoLmJhY2tlbmRzLk1vZGVsQmFja2VuZCIsIl9hdXRoX3VzZXJfaWQiOiI3MiJ9','2017-10-23 05:30:21.576223'),('zqdfcfi9l3g3ph4t9zapldrh8ap4depl','NDdjZTlhNmMyZjA0YjI4Y2Q0MGU4YjYwNTcwZDdlMWYyMGYwMDg3MTp7Il9hdXRoX3VzZXJfaGFzaCI6IjM5ZTI1MjgxZDIzOWEyNjQzNWQ0ZjE1ODZkZWVjODk0ZjI1OTNmYzQiLCJfYXV0aF91c2VyX2JhY2tlbmQiOiJkamFuZ28uY29udHJpYi5hdXRoLmJhY2tlbmRzLk1vZGVsQmFja2VuZCIsIl9hdXRoX3VzZXJfaWQiOiI0MiJ9','2017-10-18 06:06:02.560189'),('zsgo9n6bfe0jn6nrjl6zg3pjhn4h6fiv','YWI5YmQ5MjFlOGYwYjg0NDRkOTY5MTVkZGMxMGUwMjliMDViMjUzMzp7Il9hdXRoX3VzZXJfaGFzaCI6IjFiMDk1ODU3MDliOTRjYjlkN2FkNDMwZTJjYzFlNjE5ZWNiYTFiMjEiLCJfYXV0aF91c2VyX2JhY2tlbmQiOiJkamFuZ28uY29udHJpYi5hdXRoLmJhY2tlbmRzLk1vZGVsQmFja2VuZCIsIl9hdXRoX3VzZXJfaWQiOiI3MiJ9','2017-10-20 14:12:31.265549'),('zu6hkgcck3p1b5olcz98geb0hc5xczhp','YmMxMGJhZjU1MzhiOTIzOGI1OTcyZDU2YWY4MmVmYjg1Y2ViYzExODp7Il9hdXRoX3VzZXJfaGFzaCI6ImQ1YzRiYzVjZGJjODVlODFjZmEwYzg1NTY1YTUyYmNlOGI2YTg1ZmQiLCJfYXV0aF91c2VyX2JhY2tlbmQiOiJkamFuZ28uY29udHJpYi5hdXRoLmJhY2tlbmRzLk1vZGVsQmFja2VuZCIsIl9hdXRoX3VzZXJfaWQiOiIxIn0=','2017-10-12 11:19:15.873209'),('zwadf6tuljufk3bg30soa28a4ubr9o0q','ZWExZjExNjkzYWE1M2ZjMmVjN2FmM2U1Mzk5ZTRkMTA1ODBlNDc0MDp7Il9hdXRoX3VzZXJfaGFzaCI6IjQzYjFkNmI0NGQ0MjgwZThlZmFkZjQ3YzY2Mzg1NzA5OGU0NDA1ZjQiLCJfYXV0aF91c2VyX2JhY2tlbmQiOiJkamFuZ28uY29udHJpYi5hdXRoLmJhY2tlbmRzLk1vZGVsQmFja2VuZCIsIl9hdXRoX3VzZXJfaWQiOiI1OCJ9','2017-10-19 07:26:50.268385'),('zxtbdr64arcx31ikh7o97zo7zhywgcwk','YmMxMGJhZjU1MzhiOTIzOGI1OTcyZDU2YWY4MmVmYjg1Y2ViYzExODp7Il9hdXRoX3VzZXJfaGFzaCI6ImQ1YzRiYzVjZGJjODVlODFjZmEwYzg1NTY1YTUyYmNlOGI2YTg1ZmQiLCJfYXV0aF91c2VyX2JhY2tlbmQiOiJkamFuZ28uY29udHJpYi5hdXRoLmJhY2tlbmRzLk1vZGVsQmFja2VuZCIsIl9hdXRoX3VzZXJfaWQiOiIxIn0=','2017-10-12 08:31:53.412565');
/*!40000 ALTER TABLE `django_session` ENABLE KEYS */;
UNLOCK TABLES;

--
-- Table structure for table `repindexapp_conceptlist`
--

DROP TABLE IF EXISTS `repindexapp_conceptlist`;
/*!40101 SET @saved_cs_client     = @@character_set_client */;
/*!40101 SET character_set_client = utf8 */;
CREATE TABLE `repindexapp_conceptlist` (
  `id` int(11) NOT NULL AUTO_INCREMENT,
  `name` varchar(64) NOT NULL,
  `status` int(11) NOT NULL,
  `created_on` datetime(6) NOT NULL,
  `updated_on` datetime(6) NOT NULL,
  `project_id_id` int(11) NOT NULL,
  PRIMARY KEY (`id`),
  KEY `repindexapp_conceptlist_bfec2ef8` (`project_id_id`),
  CONSTRAINT `repindexapp_co_project_id_id_d6c71cd4_fk_repindexapp_projects_id` FOREIGN KEY (`project_id_id`) REFERENCES `repindexapp_projects` (`id`)
) ENGINE=InnoDB AUTO_INCREMENT=3 DEFAULT CHARSET=latin1;
/*!40101 SET character_set_client = @saved_cs_client */;

--
-- Dumping data for table `repindexapp_conceptlist`
--

LOCK TABLES `repindexapp_conceptlist` WRITE;
/*!40000 ALTER TABLE `repindexapp_conceptlist` DISABLE KEYS */;
INSERT INTO `repindexapp_conceptlist` VALUES (1,'concept1.txt',1,'2017-10-17 10:20:48.119081','2017-10-17 10:20:48.119116',32),(2,'demo.txt',1,'2017-10-17 12:47:09.842237','2017-10-17 12:47:09.842265',32);
/*!40000 ALTER TABLE `repindexapp_conceptlist` ENABLE KEYS */;
UNLOCK TABLES;

--
-- Table structure for table `repindexapp_conceptlistproperties`
--

DROP TABLE IF EXISTS `repindexapp_conceptlistproperties`;
/*!40101 SET @saved_cs_client     = @@character_set_client */;
/*!40101 SET character_set_client = utf8 */;
CREATE TABLE `repindexapp_conceptlistproperties` (
  `id` int(11) NOT NULL AUTO_INCREMENT,
  `isdefault` int(11) NOT NULL,
  `concept_list_id` int(11) NOT NULL,
  PRIMARY KEY (`id`),
  KEY `repindexa_concept_list_id_75eaeee8_fk_repindexapp_conceptlist_id` (`concept_list_id`),
  CONSTRAINT `repindexa_concept_list_id_75eaeee8_fk_repindexapp_conceptlist_id` FOREIGN KEY (`concept_list_id`) REFERENCES `repindexapp_conceptlist` (`id`)
) ENGINE=InnoDB DEFAULT CHARSET=latin1;
/*!40101 SET character_set_client = @saved_cs_client */;

--
-- Dumping data for table `repindexapp_conceptlistproperties`
--

LOCK TABLES `repindexapp_conceptlistproperties` WRITE;
/*!40000 ALTER TABLE `repindexapp_conceptlistproperties` DISABLE KEYS */;
/*!40000 ALTER TABLE `repindexapp_conceptlistproperties` ENABLE KEYS */;
UNLOCK TABLES;

--
-- Table structure for table `repindexapp_conceptlistumbrellavalues`
--

DROP TABLE IF EXISTS `repindexapp_conceptlistumbrellavalues`;
/*!40101 SET @saved_cs_client     = @@character_set_client */;
/*!40101 SET character_set_client = utf8 */;
CREATE TABLE `repindexapp_conceptlistumbrellavalues` (
  `id` int(11) NOT NULL AUTO_INCREMENT,
  `term` varchar(64) NOT NULL,
  `concept_list_value_id` int(11) NOT NULL,
  PRIMARY KEY (`id`),
  KEY `repindexapp_conceptlistumbrellavalues_a72d468e` (`concept_list_value_id`),
  CONSTRAINT `f7085448599aa72f9ccc0989fbc2f06f` FOREIGN KEY (`concept_list_value_id`) REFERENCES `repindexapp_conceptlistvalue` (`id`)
) ENGINE=InnoDB AUTO_INCREMENT=31 DEFAULT CHARSET=latin1;
/*!40101 SET character_set_client = @saved_cs_client */;

--
-- Dumping data for table `repindexapp_conceptlistumbrellavalues`
--

LOCK TABLES `repindexapp_conceptlistumbrellavalues` WRITE;
/*!40000 ALTER TABLE `repindexapp_conceptlistumbrellavalues` DISABLE KEYS */;
INSERT INTO `repindexapp_conceptlistumbrellavalues` VALUES (1,'ACCEDE',1),(2,'acceding',1),(3,'ACCEDES',1),(4,'ACCEDED',1),(5,'ACCORDANCE',2),(6,'ACCRUE',3),(7,'accrues',3),(8,'Accrued',3),(9,'accruing',3),(10,'ACCURACY',4),(11,'automated',5),(12,'authorized',5),(13,'instructions',5),(14,'permissions',5),(15,'PROHIBIT',6),(16,'PROHIBITED',6),(17,'PROHIBITION',6),(18,'PROPOSED',7),(19,'PROPOSE',7),(20,'PROPOSING',7),(21,'PROPRIETOR',8),(22,'PROPRIETORS',8),(23,'PROPRIETOR\'S',8),(24,'PROPRIETORS\'',8),(25,'PROVISION',9),(26,'provisions',9),(27,'registering',10),(28,'successfully',10),(29,'for your records and',10),(30,'Web',10);
/*!40000 ALTER TABLE `repindexapp_conceptlistumbrellavalues` ENABLE KEYS */;
UNLOCK TABLES;

--
-- Table structure for table `repindexapp_conceptlistvalue`
--

DROP TABLE IF EXISTS `repindexapp_conceptlistvalue`;
/*!40101 SET @saved_cs_client     = @@character_set_client */;
/*!40101 SET character_set_client = utf8 */;
CREATE TABLE `repindexapp_conceptlistvalue` (
  `id` int(11) NOT NULL AUTO_INCREMENT,
  `umbrella` varchar(64) NOT NULL,
  `status` int(11) NOT NULL,
  `concept_list_id` int(11) NOT NULL,
  PRIMARY KEY (`id`),
  KEY `repindexa_concept_list_id_740faf13_fk_repindexapp_conceptlist_id` (`concept_list_id`),
  CONSTRAINT `repindexa_concept_list_id_740faf13_fk_repindexapp_conceptlist_id` FOREIGN KEY (`concept_list_id`) REFERENCES `repindexapp_conceptlist` (`id`)
) ENGINE=InnoDB AUTO_INCREMENT=11 DEFAULT CHARSET=latin1;
/*!40101 SET character_set_client = @saved_cs_client */;

--
-- Dumping data for table `repindexapp_conceptlistvalue`
--

LOCK TABLES `repindexapp_conceptlistvalue` WRITE;
/*!40000 ALTER TABLE `repindexapp_conceptlistvalue` DISABLE KEYS */;
INSERT INTO `repindexapp_conceptlistvalue` VALUES (1,'ACCEDE',1,1),(2,'ACCORDANCE',1,1),(3,'ACCRUE',1,1),(4,'ACCURACY',1,1),(5,'ACQUIRE',1,1),(6,'PROHIBIT',1,2),(7,'PROPOSED',1,2),(8,'PROPRIETOR',1,2),(9,'PROVISION',1,2),(10,'GENERAL',1,2);
/*!40000 ALTER TABLE `repindexapp_conceptlistvalue` ENABLE KEYS */;
UNLOCK TABLES;

--
-- Table structure for table `repindexapp_folder`
--

DROP TABLE IF EXISTS `repindexapp_folder`;
/*!40101 SET @saved_cs_client     = @@character_set_client */;
/*!40101 SET character_set_client = utf8 */;
CREATE TABLE `repindexapp_folder` (
  `id` int(11) NOT NULL AUTO_INCREMENT,
  `name` varchar(128) NOT NULL,
  `status` int(11) NOT NULL,
  `created_by_id` int(11) NOT NULL,
  `parent_folder_id_id` int(11),
  `updated_by_id` int(11) NOT NULL,
  PRIMARY KEY (`id`),
  KEY `repindexapp_folder_e93cb7eb` (`created_by_id`),
  KEY `repindexapp_folder_20669f5c` (`parent_folder_id_id`),
  KEY `repindexapp_folder_9ccf0ba6` (`updated_by_id`),
  CONSTRAINT `repindexap_parent_folder_id_id_f0494fec_fk_repindexapp_folder_id` FOREIGN KEY (`parent_folder_id_id`) REFERENCES `repindexapp_folder` (`id`),
  CONSTRAINT `repindexapp_folder_created_by_id_2924d48e_fk_userinfo_id` FOREIGN KEY (`created_by_id`) REFERENCES `userinfo` (`id`),
  CONSTRAINT `repindexapp_folder_updated_by_id_e76f121b_fk_userinfo_id` FOREIGN KEY (`updated_by_id`) REFERENCES `userinfo` (`id`)
) ENGINE=InnoDB AUTO_INCREMENT=35 DEFAULT CHARSET=latin1;
/*!40101 SET character_set_client = @saved_cs_client */;

--
-- Dumping data for table `repindexapp_folder`
--

LOCK TABLES `repindexapp_folder` WRITE;
/*!40000 ALTER TABLE `repindexapp_folder` DISABLE KEYS */;
INSERT INTO `repindexapp_folder` VALUES (5,'ROSHAN',1,77,NULL,77),(6,'ROSHAN',1,77,NULL,77),(7,'ROSHAN',1,77,NULL,77),(8,'law1',1,77,NULL,77),(9,'Anikete',1,77,NULL,77),(10,'Testing',1,77,NULL,77),(11,'newName',1,77,NULL,77),(12,'newName',1,77,NULL,77),(13,'',1,77,NULL,77),(14,'',1,77,NULL,77),(15,'',1,77,NULL,77),(16,'one',1,77,NULL,77),(17,'',1,77,NULL,77),(21,'Engune',1,77,NULL,77),(22,'Motor',1,77,NULL,77),(24,'TEST',1,77,NULL,77),(28,'TEXT-LIST-2',1,77,NULL,77),(30,'mark',1,77,NULL,77),(33,'one',1,77,NULL,77),(34,'NDA',1,77,NULL,77);
/*!40000 ALTER TABLE `repindexapp_folder` ENABLE KEYS */;
UNLOCK TABLES;

--
-- Table structure for table `repindexapp_foldertype`
--

DROP TABLE IF EXISTS `repindexapp_foldertype`;
/*!40101 SET @saved_cs_client     = @@character_set_client */;
/*!40101 SET character_set_client = utf8 */;
CREATE TABLE `repindexapp_foldertype` (
  `id` int(11) NOT NULL AUTO_INCREMENT,
  `type` varchar(128) NOT NULL,
  `folder_id` int(11) NOT NULL,
  `project_id` int(11) NOT NULL,
  PRIMARY KEY (`id`),
  KEY `repindexapp_folderty_folder_id_fe35e3b3_fk_repindexapp_folder_id` (`folder_id`),
  KEY `repindexapp_foldertype_b098ad43` (`project_id`),
  CONSTRAINT `repindexapp_folde_project_id_ae884367_fk_repindexapp_projects_id` FOREIGN KEY (`project_id`) REFERENCES `repindexapp_projects` (`id`),
  CONSTRAINT `repindexapp_folderty_folder_id_fe35e3b3_fk_repindexapp_folder_id` FOREIGN KEY (`folder_id`) REFERENCES `repindexapp_folder` (`id`)
) ENGINE=InnoDB AUTO_INCREMENT=34 DEFAULT CHARSET=latin1;
/*!40101 SET character_set_client = @saved_cs_client */;

--
-- Dumping data for table `repindexapp_foldertype`
--

LOCK TABLES `repindexapp_foldertype` WRITE;
/*!40000 ALTER TABLE `repindexapp_foldertype` DISABLE KEYS */;
INSERT INTO `repindexapp_foldertype` VALUES (33,'text-list',34,32);
/*!40000 ALTER TABLE `repindexapp_foldertype` ENABLE KEYS */;
UNLOCK TABLES;

--
-- Table structure for table `repindexapp_frequencycount`
--

DROP TABLE IF EXISTS `repindexapp_frequencycount`;
/*!40101 SET @saved_cs_client     = @@character_set_client */;
/*!40101 SET character_set_client = utf8 */;
CREATE TABLE `repindexapp_frequencycount` (
  `id` int(11) NOT NULL AUTO_INCREMENT,
  `name` varchar(64) NOT NULL,
  `status` int(11) NOT NULL,
  `created_on` datetime(6) NOT NULL,
  `updated_on` datetime(6) NOT NULL,
  `project_id_id` int(11) NOT NULL,
  `query_list_id` int(11) NOT NULL,
  PRIMARY KEY (`id`),
  KEY `repindexapp_frequencycount_bfec2ef8` (`project_id_id`),
  KEY `repindexapp_frequencycount_4ad54c15` (`query_list_id`),
  CONSTRAINT `repindexapp_f_query_list_id_7a5ee35e_fk_repindexapp_querylist_id` FOREIGN KEY (`query_list_id`) REFERENCES `repindexapp_querylist` (`id`),
  CONSTRAINT `repindexapp_fr_project_id_id_d4834a21_fk_repindexapp_projects_id` FOREIGN KEY (`project_id_id`) REFERENCES `repindexapp_projects` (`id`)
) ENGINE=InnoDB DEFAULT CHARSET=latin1;
/*!40101 SET character_set_client = @saved_cs_client */;

--
-- Dumping data for table `repindexapp_frequencycount`
--

LOCK TABLES `repindexapp_frequencycount` WRITE;
/*!40000 ALTER TABLE `repindexapp_frequencycount` DISABLE KEYS */;
/*!40000 ALTER TABLE `repindexapp_frequencycount` ENABLE KEYS */;
UNLOCK TABLES;

--
-- Table structure for table `repindexapp_frequencycountvalues`
--

DROP TABLE IF EXISTS `repindexapp_frequencycountvalues`;
/*!40101 SET @saved_cs_client     = @@character_set_client */;
/*!40101 SET character_set_client = utf8 */;
CREATE TABLE `repindexapp_frequencycountvalues` (
  `id` int(11) NOT NULL AUTO_INCREMENT,
  `word` varchar(32) NOT NULL,
  `count` int(11) NOT NULL,
  `lines` varchar(32) NOT NULL,
  `frequency_count_id` int(11) NOT NULL,
  PRIMARY KEY (`id`),
  KEY `rep_frequency_count_id_817f9b07_fk_repindexapp_frequencycount_id` (`frequency_count_id`),
  CONSTRAINT `rep_frequency_count_id_817f9b07_fk_repindexapp_frequencycount_id` FOREIGN KEY (`frequency_count_id`) REFERENCES `repindexapp_frequencycount` (`id`)
) ENGINE=InnoDB DEFAULT CHARSET=latin1;
/*!40101 SET character_set_client = @saved_cs_client */;

--
-- Dumping data for table `repindexapp_frequencycountvalues`
--

LOCK TABLES `repindexapp_frequencycountvalues` WRITE;
/*!40000 ALTER TABLE `repindexapp_frequencycountvalues` DISABLE KEYS */;
/*!40000 ALTER TABLE `repindexapp_frequencycountvalues` ENABLE KEYS */;
UNLOCK TABLES;

--
-- Table structure for table `repindexapp_projects`
--

DROP TABLE IF EXISTS `repindexapp_projects`;
/*!40101 SET @saved_cs_client     = @@character_set_client */;
/*!40101 SET character_set_client = utf8 */;
CREATE TABLE `repindexapp_projects` (
  `id` int(11) NOT NULL AUTO_INCREMENT,
  `name` varchar(128) NOT NULL,
  `created_on` datetime(6) NOT NULL,
  `updated_on` datetime(6) NOT NULL,
  `status` int(11) NOT NULL,
  `created_by_id` int(11) NOT NULL,
  `updated_by_id` int(11) NOT NULL,
  PRIMARY KEY (`id`),
  KEY `repindexapp_projects_e93cb7eb` (`created_by_id`),
  KEY `repindexapp_projects_9ccf0ba6` (`updated_by_id`),
  CONSTRAINT `repindexapp_projects_created_by_id_4d85b22a_fk_userinfo_id` FOREIGN KEY (`created_by_id`) REFERENCES `userinfo` (`id`),
  CONSTRAINT `repindexapp_projects_updated_by_id_830c1f0e_fk_userinfo_id` FOREIGN KEY (`updated_by_id`) REFERENCES `userinfo` (`id`)
) ENGINE=InnoDB AUTO_INCREMENT=33 DEFAULT CHARSET=latin1;
/*!40101 SET character_set_client = @saved_cs_client */;

--
-- Dumping data for table `repindexapp_projects`
--

LOCK TABLES `repindexapp_projects` WRITE;
/*!40000 ALTER TABLE `repindexapp_projects` DISABLE KEYS */;
INSERT INTO `repindexapp_projects` VALUES (31,'repindexapi','2017-10-16 11:59:47.064524','2017-10-16 12:00:01.025653',1,82,82),(32,'New Project','2017-10-17 10:19:49.670795','2017-10-17 10:19:49.670822',1,77,77);
/*!40000 ALTER TABLE `repindexapp_projects` ENABLE KEYS */;
UNLOCK TABLES;

--
-- Table structure for table `repindexapp_querylist`
--

DROP TABLE IF EXISTS `repindexapp_querylist`;
/*!40101 SET @saved_cs_client     = @@character_set_client */;
/*!40101 SET character_set_client = utf8 */;
CREATE TABLE `repindexapp_querylist` (
  `id` int(11) NOT NULL AUTO_INCREMENT,
  `name` varchar(128) NOT NULL,
  `status` int(11) NOT NULL,
  `created_by_id` int(11) NOT NULL,
  `project_id_id` int(11) NOT NULL,
  `updated_by_id` int(11) NOT NULL,
  PRIMARY KEY (`id`),
  KEY `repindexapp_querylist_e93cb7eb` (`created_by_id`),
  KEY `repindexapp_querylist_bfec2ef8` (`project_id_id`),
  KEY `repindexapp_querylist_9ccf0ba6` (`updated_by_id`),
  CONSTRAINT `repindexapp_qu_project_id_id_549d9171_fk_repindexapp_projects_id` FOREIGN KEY (`project_id_id`) REFERENCES `repindexapp_projects` (`id`),
  CONSTRAINT `repindexapp_querylist_created_by_id_635c8e5e_fk_userinfo_id` FOREIGN KEY (`created_by_id`) REFERENCES `userinfo` (`id`),
  CONSTRAINT `repindexapp_querylist_updated_by_id_9cae9031_fk_userinfo_id` FOREIGN KEY (`updated_by_id`) REFERENCES `userinfo` (`id`)
) ENGINE=InnoDB DEFAULT CHARSET=latin1;
/*!40101 SET character_set_client = @saved_cs_client */;

--
-- Dumping data for table `repindexapp_querylist`
--

LOCK TABLES `repindexapp_querylist` WRITE;
/*!40000 ALTER TABLE `repindexapp_querylist` DISABLE KEYS */;
/*!40000 ALTER TABLE `repindexapp_querylist` ENABLE KEYS */;
UNLOCK TABLES;

--
-- Table structure for table `repindexapp_querylistfiles`
--

DROP TABLE IF EXISTS `repindexapp_querylistfiles`;
/*!40101 SET @saved_cs_client     = @@character_set_client */;
/*!40101 SET character_set_client = utf8 */;
CREATE TABLE `repindexapp_querylistfiles` (
  `id` int(11) NOT NULL AUTO_INCREMENT,
  `query_list_id` int(11) NOT NULL,
  `text_list_id_id` int(11) NOT NULL,
  PRIMARY KEY (`id`),
  KEY `repindexapp_q_query_list_id_09615eca_fk_repindexapp_querylist_id` (`query_list_id`),
  KEY `repindexapp_querylistfiles_701753d8` (`text_list_id_id`),
  CONSTRAINT `repindexapp__text_list_id_id_15e478c8_fk_repindexapp_textlist_id` FOREIGN KEY (`text_list_id_id`) REFERENCES `repindexapp_textlist` (`id`),
  CONSTRAINT `repindexapp_q_query_list_id_09615eca_fk_repindexapp_querylist_id` FOREIGN KEY (`query_list_id`) REFERENCES `repindexapp_querylist` (`id`)
) ENGINE=InnoDB DEFAULT CHARSET=latin1;
/*!40101 SET character_set_client = @saved_cs_client */;

--
-- Dumping data for table `repindexapp_querylistfiles`
--

LOCK TABLES `repindexapp_querylistfiles` WRITE;
/*!40000 ALTER TABLE `repindexapp_querylistfiles` DISABLE KEYS */;
/*!40000 ALTER TABLE `repindexapp_querylistfiles` ENABLE KEYS */;
UNLOCK TABLES;

--
-- Table structure for table `repindexapp_querysettings`
--

DROP TABLE IF EXISTS `repindexapp_querysettings`;
/*!40101 SET @saved_cs_client     = @@character_set_client */;
/*!40101 SET character_set_client = utf8 */;
CREATE TABLE `repindexapp_querysettings` (
  `id` int(11) NOT NULL AUTO_INCREMENT,
  `from_date` date NOT NULL,
  `to_date` date NOT NULL,
  `query_list_id` int(11) NOT NULL,
  `query_type_info_id` int(11) NOT NULL,
  `result_type_info_id` int(11) NOT NULL,
  PRIMARY KEY (`id`),
  KEY `repindexapp_q_query_list_id_f93db33b_fk_repindexapp_querylist_id` (`query_list_id`),
  KEY `repindexapp_querysettings_c919dfca` (`query_type_info_id`),
  KEY `repindexapp_querysettings_b8dde39d` (`result_type_info_id`),
  CONSTRAINT `re_result_type_info_id_7a40cd8d_fk_repindexapp_resulttypeinfo_id` FOREIGN KEY (`result_type_info_id`) REFERENCES `repindexapp_resulttypeinfo` (`id`),
  CONSTRAINT `repi_query_type_info_id_64c36e20_fk_repindexapp_querytypeinfo_id` FOREIGN KEY (`query_type_info_id`) REFERENCES `repindexapp_querytypeinfo` (`id`),
  CONSTRAINT `repindexapp_q_query_list_id_f93db33b_fk_repindexapp_querylist_id` FOREIGN KEY (`query_list_id`) REFERENCES `repindexapp_querylist` (`id`)
) ENGINE=InnoDB DEFAULT CHARSET=latin1;
/*!40101 SET character_set_client = @saved_cs_client */;

--
-- Dumping data for table `repindexapp_querysettings`
--

LOCK TABLES `repindexapp_querysettings` WRITE;
/*!40000 ALTER TABLE `repindexapp_querysettings` DISABLE KEYS */;
/*!40000 ALTER TABLE `repindexapp_querysettings` ENABLE KEYS */;
UNLOCK TABLES;

--
-- Table structure for table `repindexapp_querytypeinfo`
--

DROP TABLE IF EXISTS `repindexapp_querytypeinfo`;
/*!40101 SET @saved_cs_client     = @@character_set_client */;
/*!40101 SET character_set_client = utf8 */;
CREATE TABLE `repindexapp_querytypeinfo` (
  `id` int(11) NOT NULL AUTO_INCREMENT,
  `name` varchar(32) NOT NULL,
  `label` varchar(32) NOT NULL,
  `status` int(11) NOT NULL,
  PRIMARY KEY (`id`)
) ENGINE=InnoDB DEFAULT CHARSET=latin1;
/*!40101 SET character_set_client = @saved_cs_client */;

--
-- Dumping data for table `repindexapp_querytypeinfo`
--

LOCK TABLES `repindexapp_querytypeinfo` WRITE;
/*!40000 ALTER TABLE `repindexapp_querytypeinfo` DISABLE KEYS */;
/*!40000 ALTER TABLE `repindexapp_querytypeinfo` ENABLE KEYS */;
UNLOCK TABLES;

--
-- Table structure for table `repindexapp_resulttypeinfo`
--

DROP TABLE IF EXISTS `repindexapp_resulttypeinfo`;
/*!40101 SET @saved_cs_client     = @@character_set_client */;
/*!40101 SET character_set_client = utf8 */;
CREATE TABLE `repindexapp_resulttypeinfo` (
  `id` int(11) NOT NULL AUTO_INCREMENT,
  `name` varchar(32) NOT NULL,
  `label` varchar(32) NOT NULL,
  `status` int(11) NOT NULL,
  PRIMARY KEY (`id`)
) ENGINE=InnoDB DEFAULT CHARSET=latin1;
/*!40101 SET character_set_client = @saved_cs_client */;

--
-- Dumping data for table `repindexapp_resulttypeinfo`
--

LOCK TABLES `repindexapp_resulttypeinfo` WRITE;
/*!40000 ALTER TABLE `repindexapp_resulttypeinfo` DISABLE KEYS */;
/*!40000 ALTER TABLE `repindexapp_resulttypeinfo` ENABLE KEYS */;
UNLOCK TABLES;

--
-- Table structure for table `repindexapp_resulttypeparameterfloatvalue`
--

DROP TABLE IF EXISTS `repindexapp_resulttypeparameterfloatvalue`;
/*!40101 SET @saved_cs_client     = @@character_set_client */;
/*!40101 SET character_set_client = utf8 */;
CREATE TABLE `repindexapp_resulttypeparameterfloatvalue` (
  `id` int(11) NOT NULL AUTO_INCREMENT,
  `value` double NOT NULL,
  `query_list_id` int(11) NOT NULL,
  `result_type_parameter_info_id` int(11) NOT NULL,
  PRIMARY KEY (`id`),
  KEY `repindexapp_r_query_list_id_3eac2721_fk_repindexapp_querylist_id` (`query_list_id`),
  KEY `repindexapp_resulttypeparameterfloatvalue_77ee7e70` (`result_type_parameter_info_id`),
  CONSTRAINT `D633a80e5066c36ddd1dfb1b52fbfbc1` FOREIGN KEY (`result_type_parameter_info_id`) REFERENCES `repindexapp_resulttypeparameterinfo` (`id`),
  CONSTRAINT `repindexapp_r_query_list_id_3eac2721_fk_repindexapp_querylist_id` FOREIGN KEY (`query_list_id`) REFERENCES `repindexapp_querylist` (`id`)
) ENGINE=InnoDB DEFAULT CHARSET=latin1;
/*!40101 SET character_set_client = @saved_cs_client */;

--
-- Dumping data for table `repindexapp_resulttypeparameterfloatvalue`
--

LOCK TABLES `repindexapp_resulttypeparameterfloatvalue` WRITE;
/*!40000 ALTER TABLE `repindexapp_resulttypeparameterfloatvalue` DISABLE KEYS */;
/*!40000 ALTER TABLE `repindexapp_resulttypeparameterfloatvalue` ENABLE KEYS */;
UNLOCK TABLES;

--
-- Table structure for table `repindexapp_resulttypeparameterinfo`
--

DROP TABLE IF EXISTS `repindexapp_resulttypeparameterinfo`;
/*!40101 SET @saved_cs_client     = @@character_set_client */;
/*!40101 SET character_set_client = utf8 */;
CREATE TABLE `repindexapp_resulttypeparameterinfo` (
  `id` int(11) NOT NULL AUTO_INCREMENT,
  `label` varchar(32) NOT NULL,
  `name` varchar(32) NOT NULL,
  `control_type` varchar(32) NOT NULL,
  `order` int(11) NOT NULL,
  `status` int(11) NOT NULL,
  `data_type` varchar(32) NOT NULL,
  `result_type_info_id` int(11) NOT NULL,
  PRIMARY KEY (`id`),
  KEY `re_result_type_info_id_177e9a56_fk_repindexapp_resulttypeinfo_id` (`result_type_info_id`),
  CONSTRAINT `re_result_type_info_id_177e9a56_fk_repindexapp_resulttypeinfo_id` FOREIGN KEY (`result_type_info_id`) REFERENCES `repindexapp_resulttypeinfo` (`id`)
) ENGINE=InnoDB DEFAULT CHARSET=latin1;
/*!40101 SET character_set_client = @saved_cs_client */;

--
-- Dumping data for table `repindexapp_resulttypeparameterinfo`
--

LOCK TABLES `repindexapp_resulttypeparameterinfo` WRITE;
/*!40000 ALTER TABLE `repindexapp_resulttypeparameterinfo` DISABLE KEYS */;
/*!40000 ALTER TABLE `repindexapp_resulttypeparameterinfo` ENABLE KEYS */;
UNLOCK TABLES;

--
-- Table structure for table `repindexapp_resulttypeparameterintvalue`
--

DROP TABLE IF EXISTS `repindexapp_resulttypeparameterintvalue`;
/*!40101 SET @saved_cs_client     = @@character_set_client */;
/*!40101 SET character_set_client = utf8 */;
CREATE TABLE `repindexapp_resulttypeparameterintvalue` (
  `id` int(11) NOT NULL AUTO_INCREMENT,
  `value` int(11) NOT NULL,
  `query_list_id` int(11) NOT NULL,
  `result_type_parameter_info_id` int(11) NOT NULL,
  PRIMARY KEY (`id`),
  KEY `repindexapp_r_query_list_id_841fec52_fk_repindexapp_querylist_id` (`query_list_id`),
  KEY `D9d4d52e1badf69cb96c97f52c99911d` (`result_type_parameter_info_id`),
  CONSTRAINT `D9d4d52e1badf69cb96c97f52c99911d` FOREIGN KEY (`result_type_parameter_info_id`) REFERENCES `repindexapp_resulttypeparameterinfo` (`id`),
  CONSTRAINT `repindexapp_r_query_list_id_841fec52_fk_repindexapp_querylist_id` FOREIGN KEY (`query_list_id`) REFERENCES `repindexapp_querylist` (`id`)
) ENGINE=InnoDB DEFAULT CHARSET=latin1;
/*!40101 SET character_set_client = @saved_cs_client */;

--
-- Dumping data for table `repindexapp_resulttypeparameterintvalue`
--

LOCK TABLES `repindexapp_resulttypeparameterintvalue` WRITE;
/*!40000 ALTER TABLE `repindexapp_resulttypeparameterintvalue` DISABLE KEYS */;
/*!40000 ALTER TABLE `repindexapp_resulttypeparameterintvalue` ENABLE KEYS */;
UNLOCK TABLES;

--
-- Table structure for table `repindexapp_resulttypeparameterstringvalue`
--

DROP TABLE IF EXISTS `repindexapp_resulttypeparameterstringvalue`;
/*!40101 SET @saved_cs_client     = @@character_set_client */;
/*!40101 SET character_set_client = utf8 */;
CREATE TABLE `repindexapp_resulttypeparameterstringvalue` (
  `id` int(11) NOT NULL AUTO_INCREMENT,
  `value` varchar(256) NOT NULL,
  `query_list_id` int(11) NOT NULL,
  `result_type_parameter_info_id` int(11) NOT NULL,
  PRIMARY KEY (`id`),
  KEY `repindexapp_r_query_list_id_294e2cd2_fk_repindexapp_querylist_id` (`query_list_id`),
  KEY `D334a3bdf9d11cd3876c05ad83e1019a` (`result_type_parameter_info_id`),
  CONSTRAINT `D334a3bdf9d11cd3876c05ad83e1019a` FOREIGN KEY (`result_type_parameter_info_id`) REFERENCES `repindexapp_resulttypeparameterinfo` (`id`),
  CONSTRAINT `repindexapp_r_query_list_id_294e2cd2_fk_repindexapp_querylist_id` FOREIGN KEY (`query_list_id`) REFERENCES `repindexapp_querylist` (`id`)
) ENGINE=InnoDB DEFAULT CHARSET=latin1;
/*!40101 SET character_set_client = @saved_cs_client */;

--
-- Dumping data for table `repindexapp_resulttypeparameterstringvalue`
--

LOCK TABLES `repindexapp_resulttypeparameterstringvalue` WRITE;
/*!40000 ALTER TABLE `repindexapp_resulttypeparameterstringvalue` DISABLE KEYS */;
/*!40000 ALTER TABLE `repindexapp_resulttypeparameterstringvalue` ENABLE KEYS */;
UNLOCK TABLES;

--
-- Table structure for table `repindexapp_selectedtextlist`
--

DROP TABLE IF EXISTS `repindexapp_selectedtextlist`;
/*!40101 SET @saved_cs_client     = @@character_set_client */;
/*!40101 SET character_set_client = utf8 */;
CREATE TABLE `repindexapp_selectedtextlist` (
  `id` int(11) NOT NULL AUTO_INCREMENT,
  `project_id_id` int(11) NOT NULL,
  `query_list_id` int(11) NOT NULL,
  `text_list_id` int(11) NOT NULL,
  PRIMARY KEY (`id`),
  KEY `repindexapp_se_project_id_id_1409f24a_fk_repindexapp_projects_id` (`project_id_id`),
  KEY `repindexapp_s_query_list_id_1e4cfa29_fk_repindexapp_querylist_id` (`query_list_id`),
  KEY `repindexapp_selectedtextlist_24c789db` (`text_list_id`),
  CONSTRAINT `repindexapp_s_query_list_id_1e4cfa29_fk_repindexapp_querylist_id` FOREIGN KEY (`query_list_id`) REFERENCES `repindexapp_querylist` (`id`),
  CONSTRAINT `repindexapp_se_project_id_id_1409f24a_fk_repindexapp_projects_id` FOREIGN KEY (`project_id_id`) REFERENCES `repindexapp_projects` (`id`),
  CONSTRAINT `repindexapp_sel_text_list_id_9da3c43a_fk_repindexapp_textlist_id` FOREIGN KEY (`text_list_id`) REFERENCES `repindexapp_textlist` (`id`)
) ENGINE=InnoDB DEFAULT CHARSET=latin1;
/*!40101 SET character_set_client = @saved_cs_client */;

--
-- Dumping data for table `repindexapp_selectedtextlist`
--

LOCK TABLES `repindexapp_selectedtextlist` WRITE;
/*!40000 ALTER TABLE `repindexapp_selectedtextlist` DISABLE KEYS */;
/*!40000 ALTER TABLE `repindexapp_selectedtextlist` ENABLE KEYS */;
UNLOCK TABLES;

--
-- Table structure for table `repindexapp_stoplist`
--

DROP TABLE IF EXISTS `repindexapp_stoplist`;
/*!40101 SET @saved_cs_client     = @@character_set_client */;
/*!40101 SET character_set_client = utf8 */;
CREATE TABLE `repindexapp_stoplist` (
  `id` int(11) NOT NULL AUTO_INCREMENT,
  `name` varchar(64) NOT NULL,
  `status` int(11) NOT NULL,
  `created_on` datetime(6) NOT NULL,
  `updated_on` datetime(6) NOT NULL,
  `project_id_id` int(11) NOT NULL,
  PRIMARY KEY (`id`),
  KEY `repindexapp_st_project_id_id_2cbee245_fk_repindexapp_projects_id` (`project_id_id`),
  CONSTRAINT `repindexapp_st_project_id_id_2cbee245_fk_repindexapp_projects_id` FOREIGN KEY (`project_id_id`) REFERENCES `repindexapp_projects` (`id`)
) ENGINE=InnoDB AUTO_INCREMENT=2 DEFAULT CHARSET=latin1;
/*!40101 SET character_set_client = @saved_cs_client */;

--
-- Dumping data for table `repindexapp_stoplist`
--

LOCK TABLES `repindexapp_stoplist` WRITE;
/*!40000 ALTER TABLE `repindexapp_stoplist` DISABLE KEYS */;
INSERT INTO `repindexapp_stoplist` VALUES (1,'demo.txt',1,'2017-10-17 12:50:28.885045','2017-10-17 12:50:28.885074',32);
/*!40000 ALTER TABLE `repindexapp_stoplist` ENABLE KEYS */;
UNLOCK TABLES;

--
-- Table structure for table `repindexapp_stoplistvalue`
--

DROP TABLE IF EXISTS `repindexapp_stoplistvalue`;
/*!40101 SET @saved_cs_client     = @@character_set_client */;
/*!40101 SET character_set_client = utf8 */;
CREATE TABLE `repindexapp_stoplistvalue` (
  `id` int(11) NOT NULL AUTO_INCREMENT,
  `value` varchar(64) NOT NULL,
  `status` int(11) NOT NULL,
  `stop_list_id` int(11) NOT NULL,
  PRIMARY KEY (`id`),
  KEY `repindexapp_sto_stop_list_id_59aa6ca2_fk_repindexapp_stoplist_id` (`stop_list_id`),
  CONSTRAINT `repindexapp_sto_stop_list_id_59aa6ca2_fk_repindexapp_stoplist_id` FOREIGN KEY (`stop_list_id`) REFERENCES `repindexapp_stoplist` (`id`)
) ENGINE=InnoDB AUTO_INCREMENT=6 DEFAULT CHARSET=latin1;
/*!40101 SET character_set_client = @saved_cs_client */;

--
-- Dumping data for table `repindexapp_stoplistvalue`
--

LOCK TABLES `repindexapp_stoplistvalue` WRITE;
/*!40000 ALTER TABLE `repindexapp_stoplistvalue` DISABLE KEYS */;
INSERT INTO `repindexapp_stoplistvalue` VALUES (1,'PROHIBIT',1,1),(2,'PROPOSED',1,1),(3,'PROPRIETOR',1,1),(4,'PROVISION',1,1),(5,'GENERAL',1,1);
/*!40000 ALTER TABLE `repindexapp_stoplistvalue` ENABLE KEYS */;
UNLOCK TABLES;

--
-- Table structure for table `repindexapp_textlist`
--

DROP TABLE IF EXISTS `repindexapp_textlist`;
/*!40101 SET @saved_cs_client     = @@character_set_client */;
/*!40101 SET character_set_client = utf8 */;
CREATE TABLE `repindexapp_textlist` (
  `id` int(11) NOT NULL AUTO_INCREMENT,
  `name` varchar(128) NOT NULL,
  `status` int(11) NOT NULL,
  `has_splits` tinyint(1) NOT NULL,
  `created_on` datetime(6) NOT NULL,
  `updated_on` datetime(6) NOT NULL,
  `created_by_id` int(11) NOT NULL,
  `folder_id_id` int(11),
  `project_id_id` int(11) NOT NULL,
  `updated_by_id` int(11) NOT NULL,
  PRIMARY KEY (`id`),
  KEY `repindexapp_textlist_e93cb7eb` (`created_by_id`),
  KEY `repindexapp_textlist_382c1158` (`folder_id_id`),
  KEY `repindexapp_textlist_bfec2ef8` (`project_id_id`),
  KEY `repindexapp_textlist_9ccf0ba6` (`updated_by_id`),
  CONSTRAINT `repindexapp_te_project_id_id_3e024c33_fk_repindexapp_projects_id` FOREIGN KEY (`project_id_id`) REFERENCES `repindexapp_projects` (`id`),
  CONSTRAINT `repindexapp_textl_folder_id_id_bb1aeac6_fk_repindexapp_folder_id` FOREIGN KEY (`folder_id_id`) REFERENCES `repindexapp_folder` (`id`),
  CONSTRAINT `repindexapp_textlist_created_by_id_35cef764_fk_userinfo_id` FOREIGN KEY (`created_by_id`) REFERENCES `userinfo` (`id`),
  CONSTRAINT `repindexapp_textlist_updated_by_id_dfc964fd_fk_userinfo_id` FOREIGN KEY (`updated_by_id`) REFERENCES `userinfo` (`id`)
) ENGINE=InnoDB AUTO_INCREMENT=31 DEFAULT CHARSET=latin1;
/*!40101 SET character_set_client = @saved_cs_client */;

--
-- Dumping data for table `repindexapp_textlist`
--

LOCK TABLES `repindexapp_textlist` WRITE;
/*!40000 ALTER TABLE `repindexapp_textlist` DISABLE KEYS */;
INSERT INTO `repindexapp_textlist` VALUES (29,'xyz.docx',1,0,'2017-10-17 10:20:34.719031','2017-10-17 10:20:34.719058',77,34,32,77),(30,'demo.docx',1,0,'2017-10-17 12:45:26.577393','2017-10-17 12:45:26.577418',77,34,32,77);
/*!40000 ALTER TABLE `repindexapp_textlist` ENABLE KEYS */;
UNLOCK TABLES;

--
-- Table structure for table `repindexapp_textlistdetails`
--

DROP TABLE IF EXISTS `repindexapp_textlistdetails`;
/*!40101 SET @saved_cs_client     = @@character_set_client */;
/*!40101 SET character_set_client = utf8 */;
CREATE TABLE `repindexapp_textlistdetails` (
  `id` int(11) NOT NULL AUTO_INCREMENT,
  `file_content` longtext NOT NULL,
  `file_content_plain_text` longtext NOT NULL,
  `status` int(11) NOT NULL,
  `created_by_id` int(11) NOT NULL,
  `text_list_id_id` int(11) NOT NULL,
  `updated_by_id` int(11) NOT NULL,
  PRIMARY KEY (`id`),
  KEY `repindexapp_textlistdetails_e93cb7eb` (`created_by_id`),
  KEY `repindexapp_textlistdetails_701753d8` (`text_list_id_id`),
  KEY `repindexapp_textlistdetails_9ccf0ba6` (`updated_by_id`),
  CONSTRAINT `repindexapp__text_list_id_id_e1a2433f_fk_repindexapp_textlist_id` FOREIGN KEY (`text_list_id_id`) REFERENCES `repindexapp_textlist` (`id`),
  CONSTRAINT `repindexapp_textlistdetail_created_by_id_ded1d94d_fk_userinfo_id` FOREIGN KEY (`created_by_id`) REFERENCES `userinfo` (`id`),
  CONSTRAINT `repindexapp_textlistdetail_updated_by_id_f5b21f1f_fk_userinfo_id` FOREIGN KEY (`updated_by_id`) REFERENCES `userinfo` (`id`)
) ENGINE=InnoDB AUTO_INCREMENT=29 DEFAULT CHARSET=latin1;
/*!40101 SET character_set_client = @saved_cs_client */;

--
-- Dumping data for table `repindexapp_textlistdetails`
--

LOCK TABLES `repindexapp_textlistdetails` WRITE;
/*!40000 ALTER TABLE `repindexapp_textlistdetails` DISABLE KEYS */;
INSERT INTO `repindexapp_textlistdetails` VALUES (27,'dwsddsdsd not qnd and<br />','dwsddsdsd not qnd and\n',1,77,29,77),(28,'Thank you for registering for the U. S. Postal Service\'s Web Tools Application Programming Interfaces (APIs).  You have successfully registered for the Web Tools User ID (Username) found below.  If you are using third party software, refer to your software provider for further instructions to begin using Web Tools with your application.  Keep this email for your records and proceed to the next steps to complete integration<br />','Thank you for registering for the U. S. Postal Service\'s Web Tools Application Programming Interfaces (APIs).  You have successfully registered for the Web Tools User ID (Username) found below.  If you are using third party software, refer to your software provider for further instructions to begin using Web Tools with your application.  Keep this email for your records and proceed to the next steps to complete integration\n',1,77,30,77);
/*!40000 ALTER TABLE `repindexapp_textlistdetails` ENABLE KEYS */;
UNLOCK TABLES;

--
-- Table structure for table `repindexapp_textlistsplits`
--

DROP TABLE IF EXISTS `repindexapp_textlistsplits`;
/*!40101 SET @saved_cs_client     = @@character_set_client */;
/*!40101 SET character_set_client = utf8 */;
CREATE TABLE `repindexapp_textlistsplits` (
  `id` int(11) NOT NULL AUTO_INCREMENT,
  `file_content` longtext NOT NULL,
  `file_content_plain_text` longtext NOT NULL,
  `status` int(11) NOT NULL,
  `created_by_id` int(11) NOT NULL,
  `next_content_id` int(11) NOT NULL,
  `text_list_id_id` int(11) NOT NULL,
  `updated_by_id` int(11) NOT NULL,
  PRIMARY KEY (`id`),
  KEY `repindexapp_textlistsplits_e93cb7eb` (`created_by_id`),
  KEY `repindexapp_textlistsplits_63b4bde1` (`next_content_id`),
  KEY `repindexapp_textlistsplits_701753d8` (`text_list_id_id`),
  KEY `repindexapp_textlistsplits_9ccf0ba6` (`updated_by_id`),
  CONSTRAINT `repind_next_content_id_8df5f725_fk_repindexapp_textlistsplits_id` FOREIGN KEY (`next_content_id`) REFERENCES `repindexapp_textlistsplits` (`id`),
  CONSTRAINT `repindexapp__text_list_id_id_8103bc01_fk_repindexapp_textlist_id` FOREIGN KEY (`text_list_id_id`) REFERENCES `repindexapp_textlist` (`id`),
  CONSTRAINT `repindexapp_textlistsplits_created_by_id_5386e5f6_fk_userinfo_id` FOREIGN KEY (`created_by_id`) REFERENCES `userinfo` (`id`),
  CONSTRAINT `repindexapp_textlistsplits_updated_by_id_4266ca8e_fk_userinfo_id` FOREIGN KEY (`updated_by_id`) REFERENCES `userinfo` (`id`)
) ENGINE=InnoDB DEFAULT CHARSET=latin1;
/*!40101 SET character_set_client = @saved_cs_client */;

--
-- Dumping data for table `repindexapp_textlistsplits`
--

LOCK TABLES `repindexapp_textlistsplits` WRITE;
/*!40000 ALTER TABLE `repindexapp_textlistsplits` DISABLE KEYS */;
/*!40000 ALTER TABLE `repindexapp_textlistsplits` ENABLE KEYS */;
UNLOCK TABLES;

--
-- Table structure for table `repindexapp_usertypeinfo`
--

DROP TABLE IF EXISTS `repindexapp_usertypeinfo`;
/*!40101 SET @saved_cs_client     = @@character_set_client */;
/*!40101 SET character_set_client = utf8 */;
CREATE TABLE `repindexapp_usertypeinfo` (
  `id` int(11) NOT NULL AUTO_INCREMENT,
  `user_type` varchar(32) NOT NULL,
  PRIMARY KEY (`id`)
) ENGINE=InnoDB AUTO_INCREMENT=2 DEFAULT CHARSET=latin1;
/*!40101 SET character_set_client = @saved_cs_client */;

--
-- Dumping data for table `repindexapp_usertypeinfo`
--

LOCK TABLES `repindexapp_usertypeinfo` WRITE;
/*!40000 ALTER TABLE `repindexapp_usertypeinfo` DISABLE KEYS */;
INSERT INTO `repindexapp_usertypeinfo` VALUES (1,'client');
/*!40000 ALTER TABLE `repindexapp_usertypeinfo` ENABLE KEYS */;
UNLOCK TABLES;

--
-- Table structure for table `userinfo`
--

DROP TABLE IF EXISTS `userinfo`;
/*!40101 SET @saved_cs_client     = @@character_set_client */;
/*!40101 SET character_set_client = utf8 */;
CREATE TABLE `userinfo` (
  `id` int(11) NOT NULL AUTO_INCREMENT,
  `userid` varchar(16) DEFAULT NULL,
  `mobile` varchar(16) DEFAULT NULL,
  `dob` date NOT NULL,
  `created_at` datetime(6) NOT NULL,
  `status` int(11) NOT NULL,
  `user_type_id_id` int(11) NOT NULL,
  `userobject_id` int(11) NOT NULL,
  PRIMARY KEY (`id`),
  KEY `userinfo_93a8f6dc` (`user_type_id_id`),
  KEY `userinfo_userobject_id_5a6d8303_uniq` (`userobject_id`),
  CONSTRAINT `userinfo_user_type_id_id_a17fcbdc_fk_repindexapp_usertypeinfo_id` FOREIGN KEY (`user_type_id_id`) REFERENCES `repindexapp_usertypeinfo` (`id`),
  CONSTRAINT `userinfo_userobject_id_5a6d8303_fk_auth_user_id` FOREIGN KEY (`userobject_id`) REFERENCES `auth_user` (`id`)
) ENGINE=InnoDB AUTO_INCREMENT=83 DEFAULT CHARSET=latin1;
/*!40101 SET character_set_client = @saved_cs_client */;

--
-- Dumping data for table `userinfo`
--

LOCK TABLES `userinfo` WRITE;
/*!40000 ALTER TABLE `userinfo` DISABLE KEYS */;
INSERT INTO `userinfo` VALUES (42,'42','44432344','2017-10-03','2017-10-03 13:19:13.255812',1,1,42),(77,'77','9730345449','2017-10-11','2017-10-11 10:56:21.825972',1,1,77),(81,'81','424342334','2017-10-13','2017-10-13 13:05:21.271200',1,1,81),(82,'82','98734234324','2017-10-16','2017-10-16 11:58:50.201317',1,1,82);
/*!40000 ALTER TABLE `userinfo` ENABLE KEYS */;
UNLOCK TABLES;
/*!40103 SET TIME_ZONE=@OLD_TIME_ZONE */;

/*!40101 SET SQL_MODE=@OLD_SQL_MODE */;
/*!40014 SET FOREIGN_KEY_CHECKS=@OLD_FOREIGN_KEY_CHECKS */;
/*!40014 SET UNIQUE_CHECKS=@OLD_UNIQUE_CHECKS */;
/*!40101 SET CHARACTER_SET_CLIENT=@OLD_CHARACTER_SET_CLIENT */;
/*!40101 SET CHARACTER_SET_RESULTS=@OLD_CHARACTER_SET_RESULTS */;
/*!40101 SET COLLATION_CONNECTION=@OLD_COLLATION_CONNECTION */;
/*!40111 SET SQL_NOTES=@OLD_SQL_NOTES */;

-- Dump completed on 2017-10-17 19:49:16
